customer_id,customer_name,email,phone,city,state,country,signup_date,account_type,kyc_status,risk_profile,referral_source,is_active
1,Vihaan Patel,vihaan.patel1@mailbox.com,9130743259,Pune,Maharashtra,India,2023-03-21,Basic,Pending,Aggressive,Website,1
2,Rajesh Verma,rajesh.verma2@mailbox.com,9748655547,Chennai,Tamil Nadu,India,2024-06-18,Basic,Verified,Aggressive,App Store,1
3,Priya Pillai,priya.pillai3@mailbox.com,9292562359,Kanpur,Uttar Pradesh,India,2024-08-29,Basic,Verified,Conservative,YouTube,1
4,Anika Choudhary,anika.choudhary4@mailbox.com,9740113984,Surat,Gujarat,India,2025-02-19,Premium,Verified,Aggressive,App Store,1
5,Anika Bhatt,anika.bhatt5@mailbox.com,9608122969,Kolkata,West Bengal,India,2024-09-01,Pro,Rejected,Moderate,Referral,1
6,Deepak Tiwari,deepak.tiwari6@mailbox.com,9282425527,Patna,Bihar,India,2023-07-20,Basic,Verified,Aggressive,Social Media,1
7,Vihaan Kapoor,vihaan.kapoor7@mailbox.com,9522581576,Indore,Madhya Pradesh,India,2024-01-26,Basic,Verified,Aggressive,Referral,1
8,Sneha Shah,sneha.shah8@mailbox.com,9132989855,Hyderabad,Telangana,India,2024-04-17,Basic,Pending,Aggressive,Google Ads,1
9,Rohan Saxena,rohan.saxena9@mailbox.com,9373419569,Coimbatore,Tamil Nadu,India,2025-11-13,Elite,Verified,Conservative,Social Media,1
10,Vihaan Mehta,vihaan.mehta10@mailbox.com,9445131910,Mumbai,Maharashtra,India,2024-07-21,Pro,Verified,Moderate,App Store,1
11,Amit Jain,amit.jain11@mailbox.com,9428483724,Surat,Gujarat,India,2024-11-07,Basic,Verified,Aggressive,Agent,1
12,Aryan Verma,aryan.verma12@mailbox.com,9456209630,Jaipur,Rajasthan,India,2025-02-22,Premium,Pending,Moderate,Website,0
13,Divya Menon,divya.menon13@mailbox.com,9302459219,Surat,Gujarat,India,2024-01-21,Pro,Verified,Aggressive,Agent,1
14,Rajesh Tiwari,rajesh.tiwari14@mailbox.com,9981411506,Patna,Bihar,India,2025-10-24,Pro,Pending,Aggressive,Agent,1
15,Meera Desai,meera.desai15@mailbox.com,9351829300,Surat,Gujarat,India,2024-12-19,Premium,Verified,Conservative,YouTube,1
16,Suresh Tiwari,suresh.tiwari16@mailbox.com,9262964233,Surat,Gujarat,India,2025-06-22,Premium,Verified,Conservative,Google Ads,1
17,Rahul Verma,rahul.verma17@mailbox.com,9593385694,Chandigarh,Chandigarh,India,2025-03-08,Premium,Pending,Moderate,Agent,1
18,Reyansh Nair,reyansh.nair18@mailbox.com,9386986548,Bhopal,Madhya Pradesh,India,2024-10-23,Basic,Verified,Moderate,Social Media,1
19,Anil Bhatt,anil.bhatt19@mailbox.com,9508566406,Chandigarh,Chandigarh,India,2023-02-02,Basic,Verified,Moderate,App Store,1
20,Riya Desai,riya.desai20@mailbox.com,9752602883,Jaipur,Rajasthan,India,2024-09-13,Basic,Verified,Aggressive,YouTube,1
21,Rahul Mishra,rahul.mishra21@mailbox.com,9170400882,Chennai,Tamil Nadu,India,2023-05-18,Basic,Verified,Conservative,Agent,1
22,Myra Malhotra,myra.malhotra22@mailbox.com,9139535329,Chennai,Tamil Nadu,India,2024-10-04,Basic,Verified,Moderate,Google Ads,1
23,Kabir Choudhary,kabir.choudhary23@mailbox.com,9183270475,Indore,Madhya Pradesh,India,2025-01-16,Pro,Verified,Conservative,YouTube,0
24,Varun Chopra,varun.chopra24@mailbox.com,9245521016,Kanpur,Uttar Pradesh,India,2024-08-03,Pro,Verified,Conservative,Agent,1
25,Suresh Mishra,suresh.mishra25@mailbox.com,9414493694,Delhi,Delhi,India,2023-11-25,Basic,Pending,Moderate,Social Media,1
26,Pooja Singh,pooja.singh26@mailbox.com,9941724598,Chennai,Tamil Nadu,India,2023-03-05,Basic,Verified,Moderate,Google Ads,1
27,Aadhya Rao,aadhya.rao27@mailbox.com,9192848493,Vadodara,Gujarat,India,2024-12-15,Premium,Verified,Moderate,Agent,1
28,Manoj Gupta,manoj.gupta28@mailbox.com,9992056193,Bhopal,Madhya Pradesh,India,2025-01-13,Premium,Rejected,Conservative,YouTube,1
29,Amit Saxena,amit.saxena29@mailbox.com,9671583507,Patna,Bihar,India,2024-05-23,Basic,Verified,Aggressive,Google Ads,1
30,Anika Reddy,anika.reddy30@mailbox.com,9598325685,Hyderabad,Telangana,India,2025-02-01,Pro,Verified,Moderate,App Store,0
31,Riya Joshi,riya.joshi31@mailbox.com,9535996858,Delhi,Delhi,India,2025-04-09,Basic,Rejected,Moderate,Google Ads,1
32,Karan Jain,karan.jain32@mailbox.com,9576693468,Kolkata,West Bengal,India,2024-06-29,Basic,Verified,Moderate,Referral,1
33,Vihaan Agarwal,vihaan.agarwal33@mailbox.com,9752570201,Kochi,Kerala,India,2023-02-20,Premium,Pending,Moderate,Referral,1
34,Sanjay Kumar,sanjay.kumar34@mailbox.com,9252905660,Kanpur,Uttar Pradesh,India,2025-07-15,Premium,Verified,Moderate,YouTube,0
35,Kiran Sharma,kiran.sharma35@mailbox.com,9944327346,Patna,Bihar,India,2024-05-12,Basic,Verified,Conservative,YouTube,1
36,Aditya Reddy,aditya.reddy36@mailbox.com,9356275246,Lucknow,Uttar Pradesh,India,2024-12-17,Premium,Verified,Moderate,Website,0
37,Deepak Pandey,deepak.pandey37@mailbox.com,9837975824,Lucknow,Uttar Pradesh,India,2025-08-28,Pro,Verified,Moderate,Google Ads,1
38,Anil Iyer,anil.iyer38@mailbox.com,9380639827,Indore,Madhya Pradesh,India,2024-01-22,Basic,Verified,Conservative,Google Ads,1
39,Diya Yadav,diya.yadav39@mailbox.com,9996791490,Vadodara,Gujarat,India,2024-10-24,Premium,Verified,Aggressive,App Store,1
40,Pooja Reddy,pooja.reddy40@mailbox.com,9293115065,Jaipur,Rajasthan,India,2023-01-21,Basic,Verified,Moderate,Agent,1
41,Ishaan Agarwal,ishaan.agarwal41@mailbox.com,9100291922,Nagpur,Maharashtra,India,2025-07-31,Premium,Verified,Conservative,Google Ads,1
42,Rajesh Kumar,rajesh.kumar42@mailbox.com,9252897663,Coimbatore,Tamil Nadu,India,2023-03-05,Basic,Verified,Conservative,YouTube,1
43,Meera Bansal,meera.bansal43@mailbox.com,9933122292,Ahmedabad,Gujarat,India,2024-07-30,Basic,Verified,Conservative,Website,1
44,Myra Iyer,myra.iyer44@mailbox.com,9259304156,Chandigarh,Chandigarh,India,2024-01-10,Basic,Verified,Moderate,Social Media,0
45,Aditya Shah,aditya.shah45@mailbox.com,9245737624,Kanpur,Uttar Pradesh,India,2023-02-08,Pro,Verified,Aggressive,YouTube,1
46,Yash Bansal,yash.bansal46@mailbox.com,9854023994,Kochi,Kerala,India,2024-05-07,Basic,Verified,Moderate,Google Ads,1
47,Anika Bhatt,anika.bhatt47@mailbox.com,9891351926,Lucknow,Uttar Pradesh,India,2025-09-23,Pro,Verified,Moderate,Social Media,1
48,Kiran Pillai,kiran.pillai48@mailbox.com,9685410964,Indore,Madhya Pradesh,India,2023-06-27,Basic,Verified,Conservative,Google Ads,1
49,Sneha Mehta,sneha.mehta49@mailbox.com,9619175347,Pune,Maharashtra,India,2023-11-08,Pro,Verified,Conservative,Google Ads,1
50,Suresh Pandey,suresh.pandey50@mailbox.com,9380192844,Indore,Madhya Pradesh,India,2023-07-21,Premium,Verified,Aggressive,YouTube,1
51,Rajesh Malhotra,rajesh.malhotra51@mailbox.com,9776204839,Pune,Maharashtra,India,2023-05-14,Basic,Verified,Conservative,Website,1
52,Kabir Kumar,kabir.kumar52@mailbox.com,9892882847,Indore,Madhya Pradesh,India,2023-09-03,Premium,Verified,Moderate,Google Ads,1
53,Myra Tiwari,myra.tiwari53@mailbox.com,9753399060,Patna,Bihar,India,2024-09-01,Pro,Rejected,Moderate,App Store,1
54,Riya Pandey,riya.pandey54@mailbox.com,9912842905,Jaipur,Rajasthan,India,2025-04-11,Premium,Verified,Conservative,Referral,1
55,Zara Verma,zara.verma55@mailbox.com,9199473570,Jaipur,Rajasthan,India,2025-01-05,Basic,Verified,Aggressive,Agent,0
56,Vivaan Pandey,vivaan.pandey56@mailbox.com,9691349500,Pune,Maharashtra,India,2025-04-01,Premium,Verified,Moderate,Google Ads,1
57,Amit Tiwari,amit.tiwari57@mailbox.com,9999519498,Bhopal,Madhya Pradesh,India,2025-02-01,Premium,Pending,Moderate,Agent,1
58,Ishaan Shah,ishaan.shah58@mailbox.com,9582108217,Nagpur,Maharashtra,India,2024-02-12,Basic,Verified,Conservative,App Store,1
59,Divya Rao,divya.rao59@mailbox.com,9947700752,Kanpur,Uttar Pradesh,India,2025-08-16,Pro,Verified,Aggressive,Referral,1
60,Sneha Pillai,sneha.pillai60@mailbox.com,9413539437,Mumbai,Maharashtra,India,2023-07-03,Basic,Verified,Conservative,Social Media,1
61,Nikhil Iyer,nikhil.iyer61@mailbox.com,9906932765,Bengaluru,Karnataka,India,2025-01-15,Premium,Verified,Conservative,App Store,1
62,Divya Pillai,divya.pillai62@mailbox.com,9944921130,Mumbai,Maharashtra,India,2023-04-29,Premium,Verified,Aggressive,Referral,1
63,Myra Pillai,myra.pillai63@mailbox.com,9660060219,Kochi,Kerala,India,2025-03-26,Elite,Verified,Moderate,Google Ads,1
64,Yash Desai,yash.desai64@mailbox.com,9734130632,Kochi,Kerala,India,2023-04-03,Basic,Verified,Aggressive,App Store,1
65,Aadhya Nair,aadhya.nair65@mailbox.com,9570512197,Delhi,Delhi,India,2023-08-19,Basic,Verified,Conservative,App Store,0
66,Kavya Choudhary,kavya.choudhary66@mailbox.com,9385262529,Mumbai,Maharashtra,India,2024-02-21,Basic,Verified,Aggressive,Google Ads,1
67,Nikhil Nair,nikhil.nair67@mailbox.com,9582650724,Patna,Bihar,India,2025-01-09,Premium,Pending,Aggressive,Agent,1
68,Myra Sharma,myra.sharma68@mailbox.com,9966191006,Kanpur,Uttar Pradesh,India,2023-02-18,Basic,Verified,Moderate,App Store,1
69,Vihaan Verma,vihaan.verma69@mailbox.com,9113443249,Pune,Maharashtra,India,2023-10-02,Basic,Verified,Conservative,Social Media,1
70,Riya Tiwari,riya.tiwari70@mailbox.com,9549522551,Indore,Madhya Pradesh,India,2023-12-22,Basic,Verified,Aggressive,App Store,1
71,Suresh Pandey,suresh.pandey71@mailbox.com,9405473676,Chennai,Tamil Nadu,India,2025-02-17,Pro,Verified,Conservative,Google Ads,1
72,Kabir Menon,kabir.menon72@mailbox.com,9661392610,Hyderabad,Telangana,India,2025-10-21,Basic,Verified,Aggressive,Google Ads,1
73,Riya Patel,riya.patel73@mailbox.com,9692835587,Ahmedabad,Gujarat,India,2024-10-16,Premium,Verified,Conservative,Referral,1
74,Reyansh Bhatt,reyansh.bhatt74@mailbox.com,9398925518,Kochi,Kerala,India,2024-06-24,Basic,Verified,Conservative,Agent,1
75,Sneha Kumar,sneha.kumar75@mailbox.com,9524154114,Patna,Bihar,India,2023-12-25,Basic,Verified,Conservative,Referral,1
76,Zara Bansal,zara.bansal76@mailbox.com,9742309255,Hyderabad,Telangana,India,2025-05-26,Basic,Pending,Conservative,App Store,1
77,Kavya Joshi,kavya.joshi77@mailbox.com,9672679545,Nagpur,Maharashtra,India,2023-04-25,Basic,Verified,Aggressive,Google Ads,1
78,Karan Sharma,karan.sharma78@mailbox.com,9395647902,Kochi,Kerala,India,2023-05-18,Premium,Verified,Moderate,Referral,1
79,Sanjay Shah,sanjay.shah79@mailbox.com,9485474958,Vadodara,Gujarat,India,2023-08-03,Basic,Verified,Conservative,Google Ads,1
80,Priya Nair,priya.nair80@mailbox.com,9968223979,Patna,Bihar,India,2023-10-13,Basic,Verified,Moderate,Social Media,1
81,Varun Joshi,varun.joshi81@mailbox.com,9965921677,Bengaluru,Karnataka,India,2024-05-06,Basic,Verified,Aggressive,Referral,1
82,Anika Nair,anika.nair82@mailbox.com,9132022795,Chennai,Tamil Nadu,India,2025-10-05,Basic,Rejected,Moderate,Agent,1
83,Ishaan Sharma,ishaan.sharma83@mailbox.com,9541879841,Chennai,Tamil Nadu,India,2024-11-23,Basic,Verified,Aggressive,Google Ads,1
84,Anil Malhotra,anil.malhotra84@mailbox.com,9101146371,Hyderabad,Telangana,India,2024-02-13,Basic,Pending,Conservative,Website,0
85,Pooja Nair,pooja.nair85@mailbox.com,9670703131,Hyderabad,Telangana,India,2023-08-14,Basic,Verified,Moderate,App Store,1
86,Meera Agarwal,meera.agarwal86@mailbox.com,9120951533,Pune,Maharashtra,India,2024-11-21,Premium,Verified,Aggressive,YouTube,1
87,Vihaan Shah,vihaan.shah87@mailbox.com,9386932622,Nagpur,Maharashtra,India,2023-09-27,Elite,Verified,Aggressive,YouTube,1
88,Isha Rao,isha.rao88@mailbox.com,9721270182,Ahmedabad,Gujarat,India,2025-11-05,Premium,Verified,Conservative,Google Ads,1
89,Rajesh Kumar,rajesh.kumar89@mailbox.com,9831397920,Jaipur,Rajasthan,India,2024-05-23,Basic,Verified,Moderate,Google Ads,0
90,Anil Nair,anil.nair90@mailbox.com,9471380587,Chennai,Tamil Nadu,India,2024-08-09,Elite,Verified,Aggressive,App Store,1
91,Anika Mishra,anika.mishra91@mailbox.com,9827884667,Hyderabad,Telangana,India,2025-08-20,Elite,Verified,Conservative,YouTube,1
92,Manoj Bansal,manoj.bansal92@mailbox.com,9855523853,Vadodara,Gujarat,India,2023-11-22,Premium,Pending,Moderate,App Store,1
93,Anil Verma,anil.verma93@mailbox.com,9502789463,Nagpur,Maharashtra,India,2024-05-17,Basic,Verified,Moderate,App Store,1
94,Sara Yadav,sara.yadav94@mailbox.com,9255713868,Chennai,Tamil Nadu,India,2024-07-20,Premium,Verified,Conservative,App Store,1
95,Kiran Malhotra,kiran.malhotra95@mailbox.com,9112444222,Chandigarh,Chandigarh,India,2023-10-16,Elite,Verified,Aggressive,Referral,1
96,Diya Patel,diya.patel96@mailbox.com,9903894908,Chandigarh,Chandigarh,India,2023-02-28,Pro,Verified,Aggressive,YouTube,1
97,Karan Pillai,karan.pillai97@mailbox.com,9449274114,Vadodara,Gujarat,India,2023-10-30,Premium,Verified,Moderate,Google Ads,0
98,Sneha Joshi,sneha.joshi98@mailbox.com,9762457692,Hyderabad,Telangana,India,2023-04-30,Premium,Verified,Moderate,Social Media,1
99,Pooja Tiwari,pooja.tiwari99@mailbox.com,9525578358,Indore,Madhya Pradesh,India,2024-12-20,Elite,Verified,Conservative,Website,1
100,Reyansh Mehta,reyansh.mehta100@mailbox.com,9974554958,Vadodara,Gujarat,India,2023-01-08,Basic,Verified,Aggressive,Agent,0
101,Anil Iyer,anil.iyer101@mailbox.com,9895288490,Chandigarh,Chandigarh,India,2023-12-04,Basic,Pending,Aggressive,Website,1
102,Kabir Iyer,kabir.iyer102@mailbox.com,9184512519,Chennai,Tamil Nadu,India,2025-07-30,Pro,Verified,Aggressive,YouTube,1
103,Manoj Rao,manoj.rao103@mailbox.com,9535667150,Kochi,Kerala,India,2024-08-28,Basic,Rejected,Moderate,Website,1
104,Aarav Kapoor,aarav.kapoor104@mailbox.com,9831535553,Jaipur,Rajasthan,India,2024-12-15,Basic,Verified,Conservative,Agent,1
105,Suresh Singh,suresh.singh105@mailbox.com,9163297411,Lucknow,Uttar Pradesh,India,2024-12-12,Basic,Verified,Conservative,Referral,1
106,Suresh Desai,suresh.desai106@mailbox.com,9353996742,Nagpur,Maharashtra,India,2023-11-14,Basic,Verified,Conservative,Referral,1
107,Suresh Trivedi,suresh.trivedi107@mailbox.com,9615045112,Patna,Bihar,India,2024-11-04,Basic,Verified,Conservative,Agent,1
108,Priya Tiwari,priya.tiwari108@mailbox.com,9677665062,Bengaluru,Karnataka,India,2023-08-24,Premium,Verified,Conservative,YouTube,1
109,Riya Joshi,riya.joshi109@mailbox.com,9931868570,Kanpur,Uttar Pradesh,India,2024-11-07,Basic,Verified,Moderate,App Store,1
110,Meera Mehta,meera.mehta110@mailbox.com,9183578129,Chandigarh,Chandigarh,India,2024-12-28,Premium,Verified,Conservative,Social Media,1
111,Diya Iyer,diya.iyer111@mailbox.com,9456746632,Kanpur,Uttar Pradesh,India,2025-07-22,Basic,Verified,Conservative,Agent,1
112,Suresh Choudhary,suresh.choudhary112@mailbox.com,9344880375,Kolkata,West Bengal,India,2025-09-06,Elite,Verified,Aggressive,App Store,1
113,Sanjay Yadav,sanjay.yadav113@mailbox.com,9964090565,Delhi,Delhi,India,2023-01-26,Premium,Verified,Moderate,Referral,1
114,Riya Sharma,riya.sharma114@mailbox.com,9249493866,Kanpur,Uttar Pradesh,India,2023-11-15,Elite,Verified,Aggressive,Social Media,1
115,Rahul Rao,rahul.rao115@mailbox.com,9298616586,Bhopal,Madhya Pradesh,India,2024-08-05,Basic,Verified,Conservative,App Store,0
116,Sanjay Rao,sanjay.rao116@mailbox.com,9368036531,Kanpur,Uttar Pradesh,India,2023-12-09,Basic,Verified,Moderate,YouTube,1
117,Vivaan Rao,vivaan.rao117@mailbox.com,9195070428,Vadodara,Gujarat,India,2024-10-20,Pro,Verified,Moderate,Referral,1
118,Reyansh Malhotra,reyansh.malhotra118@mailbox.com,9679120667,Indore,Madhya Pradesh,India,2025-06-28,Pro,Verified,Aggressive,Agent,1
119,Karan Mishra,karan.mishra119@mailbox.com,9572286101,Kanpur,Uttar Pradesh,India,2023-10-02,Basic,Pending,Moderate,Referral,1
120,Arjun Sharma,arjun.sharma120@mailbox.com,9601891624,Delhi,Delhi,India,2025-08-09,Premium,Verified,Aggressive,Referral,0
121,Anika Shah,anika.shah121@mailbox.com,9916522183,Nagpur,Maharashtra,India,2025-07-28,Premium,Verified,Aggressive,YouTube,0
122,Priya Pillai,priya.pillai122@mailbox.com,9489795901,Hyderabad,Telangana,India,2025-08-31,Basic,Pending,Conservative,Agent,1
123,Priya Pillai,priya.pillai123@mailbox.com,9380151296,Bhopal,Madhya Pradesh,India,2023-03-20,Premium,Verified,Conservative,Social Media,1
124,Riya Choudhary,riya.choudhary124@mailbox.com,9437873741,Hyderabad,Telangana,India,2023-11-09,Basic,Verified,Conservative,Social Media,1
125,Deepak Singh,deepak.singh125@mailbox.com,9820144286,Coimbatore,Tamil Nadu,India,2023-05-13,Basic,Verified,Aggressive,Agent,1
126,Sanjay Trivedi,sanjay.trivedi126@mailbox.com,9575581357,Pune,Maharashtra,India,2023-05-09,Pro,Verified,Aggressive,Website,1
127,Vihaan Rao,vihaan.rao127@mailbox.com,9720824400,Jaipur,Rajasthan,India,2023-02-26,Premium,Verified,Moderate,YouTube,1
128,Rajesh Nair,rajesh.nair128@mailbox.com,9771013355,Bengaluru,Karnataka,India,2024-04-13,Pro,Verified,Aggressive,Referral,1
129,Sanjay Choudhary,sanjay.choudhary129@mailbox.com,9324932853,Chennai,Tamil Nadu,India,2023-04-03,Premium,Verified,Aggressive,App Store,1
130,Pooja Pillai,pooja.pillai130@mailbox.com,9601324246,Coimbatore,Tamil Nadu,India,2023-11-11,Elite,Rejected,Conservative,Google Ads,0
131,Sanjay Joshi,sanjay.joshi131@mailbox.com,9607299044,Kolkata,West Bengal,India,2025-11-11,Basic,Verified,Aggressive,Social Media,1
132,Sanjay Bansal,sanjay.bansal132@mailbox.com,9257515277,Kanpur,Uttar Pradesh,India,2025-07-30,Basic,Verified,Moderate,Referral,1
133,Vihaan Kapoor,vihaan.kapoor133@mailbox.com,9108211218,Vadodara,Gujarat,India,2025-09-24,Basic,Pending,Moderate,Agent,1
134,Sanjay Verma,sanjay.verma134@mailbox.com,9746278523,Indore,Madhya Pradesh,India,2023-02-09,Premium,Verified,Conservative,YouTube,1
135,Suresh Saxena,suresh.saxena135@mailbox.com,9653878771,Mumbai,Maharashtra,India,2024-12-04,Premium,Pending,Aggressive,Google Ads,0
136,Isha Gupta,isha.gupta136@mailbox.com,9742380501,Ahmedabad,Gujarat,India,2024-11-06,Premium,Verified,Moderate,YouTube,1
137,Neha Malhotra,neha.malhotra137@mailbox.com,9439608081,Ahmedabad,Gujarat,India,2023-05-22,Basic,Verified,Conservative,Website,1
138,Vivaan Desai,vivaan.desai138@mailbox.com,9563891705,Kolkata,West Bengal,India,2025-08-23,Basic,Verified,Moderate,Google Ads,1
139,Kavya Gupta,kavya.gupta139@mailbox.com,9983499765,Chennai,Tamil Nadu,India,2024-03-06,Pro,Verified,Conservative,Google Ads,1
140,Anika Yadav,anika.yadav140@mailbox.com,9302920873,Kanpur,Uttar Pradesh,India,2025-11-06,Pro,Verified,Conservative,Google Ads,1
141,Aryan Bansal,aryan.bansal141@mailbox.com,9687527745,Ahmedabad,Gujarat,India,2023-05-02,Basic,Verified,Moderate,Social Media,1
142,Rohan Sharma,rohan.sharma142@mailbox.com,9219064502,Kolkata,West Bengal,India,2024-11-23,Premium,Verified,Aggressive,App Store,1
143,Diya Desai,diya.desai143@mailbox.com,9159121145,Jaipur,Rajasthan,India,2023-05-20,Premium,Verified,Conservative,App Store,1
144,Aadhya Iyer,aadhya.iyer144@mailbox.com,9961529542,Pune,Maharashtra,India,2025-10-08,Pro,Verified,Moderate,Agent,1
145,Aryan Desai,aryan.desai145@mailbox.com,9690231283,Chennai,Tamil Nadu,India,2024-10-09,Basic,Verified,Conservative,Social Media,1
146,Deepak Trivedi,deepak.trivedi146@mailbox.com,9562784979,Lucknow,Uttar Pradesh,India,2023-03-22,Premium,Verified,Aggressive,Social Media,1
147,Vivaan Kapoor,vivaan.kapoor147@mailbox.com,9828317334,Coimbatore,Tamil Nadu,India,2023-08-17,Basic,Verified,Aggressive,Referral,1
148,Karan Shah,karan.shah148@mailbox.com,9591945145,Kanpur,Uttar Pradesh,India,2024-01-18,Basic,Verified,Moderate,Social Media,1
149,Manoj Bansal,manoj.bansal149@mailbox.com,9727273475,Nagpur,Maharashtra,India,2023-01-14,Pro,Verified,Aggressive,Referral,1
150,Aditya Iyer,aditya.iyer150@mailbox.com,9904721074,Vadodara,Gujarat,India,2023-01-10,Basic,Verified,Moderate,App Store,0
151,Deepak Kumar,deepak.kumar151@mailbox.com,9846526297,Indore,Madhya Pradesh,India,2025-09-12,Basic,Verified,Moderate,Social Media,1
152,Diya Pillai,diya.pillai152@mailbox.com,9749671753,Chennai,Tamil Nadu,India,2025-11-10,Basic,Verified,Conservative,App Store,1
153,Nikhil Rao,nikhil.rao153@mailbox.com,9246241737,Ahmedabad,Gujarat,India,2024-07-25,Basic,Verified,Aggressive,Website,0
154,Diya Choudhary,diya.choudhary154@mailbox.com,9252471114,Lucknow,Uttar Pradesh,India,2025-08-19,Premium,Verified,Conservative,YouTube,1
155,Anika Shah,anika.shah155@mailbox.com,9547255201,Lucknow,Uttar Pradesh,India,2024-11-28,Basic,Verified,Aggressive,Website,1
156,Priya Jain,priya.jain156@mailbox.com,9692969914,Bengaluru,Karnataka,India,2023-01-30,Premium,Verified,Aggressive,Website,1
157,Reyansh Pandey,reyansh.pandey157@mailbox.com,9700412292,Bengaluru,Karnataka,India,2025-01-30,Pro,Verified,Aggressive,YouTube,1
158,Sanjay Singh,sanjay.singh158@mailbox.com,9808007862,Pune,Maharashtra,India,2023-01-20,Basic,Verified,Moderate,Google Ads,1
159,Rahul Kumar,rahul.kumar159@mailbox.com,9193050909,Coimbatore,Tamil Nadu,India,2025-05-19,Pro,Verified,Moderate,Agent,1
160,Suresh Pandey,suresh.pandey160@mailbox.com,9256098890,Bhopal,Madhya Pradesh,India,2024-01-26,Basic,Verified,Conservative,Google Ads,1
161,Aryan Bansal,aryan.bansal161@mailbox.com,9234961254,Chandigarh,Chandigarh,India,2023-05-31,Basic,Verified,Conservative,App Store,1
162,Priya Sharma,priya.sharma162@mailbox.com,9203981504,Hyderabad,Telangana,India,2023-10-03,Basic,Pending,Aggressive,Google Ads,1
163,Aadhya Mehta,aadhya.mehta163@mailbox.com,9881835222,Jaipur,Rajasthan,India,2024-12-28,Basic,Verified,Conservative,Social Media,1
164,Aadhya Jain,aadhya.jain164@mailbox.com,9373101341,Nagpur,Maharashtra,India,2025-06-20,Basic,Verified,Aggressive,App Store,1
165,Aadhya Agarwal,aadhya.agarwal165@mailbox.com,9694374560,Jaipur,Rajasthan,India,2024-08-30,Basic,Verified,Aggressive,Google Ads,1
166,Manoj Gupta,manoj.gupta166@mailbox.com,9776463231,Jaipur,Rajasthan,India,2023-06-20,Pro,Verified,Conservative,App Store,1
167,Isha Saxena,isha.saxena167@mailbox.com,9132584331,Ahmedabad,Gujarat,India,2025-08-16,Premium,Verified,Aggressive,Google Ads,1
168,Ishaan Patel,ishaan.patel168@mailbox.com,9878335326,Delhi,Delhi,India,2025-04-22,Elite,Verified,Conservative,Agent,1
169,Kavya Agarwal,kavya.agarwal169@mailbox.com,9973389624,Kochi,Kerala,India,2024-03-12,Premium,Verified,Conservative,Google Ads,1
170,Aarav Sharma,aarav.sharma170@mailbox.com,9962772021,Coimbatore,Tamil Nadu,India,2024-08-13,Premium,Verified,Moderate,Google Ads,1
171,Arjun Pillai,arjun.pillai171@mailbox.com,9225556210,Delhi,Delhi,India,2025-10-23,Basic,Verified,Conservative,App Store,1
172,Vihaan Malhotra,vihaan.malhotra172@mailbox.com,9453391865,Jaipur,Rajasthan,India,2024-02-06,Premium,Verified,Conservative,Referral,1
173,Rajesh Mishra,rajesh.mishra173@mailbox.com,9309306009,Kanpur,Uttar Pradesh,India,2023-01-28,Basic,Verified,Moderate,Agent,1
174,Meera Agarwal,meera.agarwal174@mailbox.com,9977470552,Patna,Bihar,India,2023-06-05,Elite,Verified,Aggressive,Social Media,1
175,Sneha Reddy,sneha.reddy175@mailbox.com,9786810671,Vadodara,Gujarat,India,2024-10-01,Elite,Verified,Conservative,Google Ads,1
176,Riya Kumar,riya.kumar176@mailbox.com,9479737811,Jaipur,Rajasthan,India,2025-11-28,Basic,Verified,Moderate,Referral,1
177,Meera Reddy,meera.reddy177@mailbox.com,9942919011,Bhopal,Madhya Pradesh,India,2025-02-26,Premium,Verified,Moderate,Website,1
178,Ishaan Malhotra,ishaan.malhotra178@mailbox.com,9928048755,Coimbatore,Tamil Nadu,India,2024-10-20,Premium,Verified,Conservative,Social Media,1
179,Nikhil Gupta,nikhil.gupta179@mailbox.com,9825957722,Chandigarh,Chandigarh,India,2023-12-10,Premium,Rejected,Conservative,Social Media,1
180,Rahul Chopra,rahul.chopra180@mailbox.com,9686561026,Kolkata,West Bengal,India,2024-04-12,Basic,Verified,Moderate,YouTube,1
181,Varun Jain,varun.jain181@mailbox.com,9185802519,Chandigarh,Chandigarh,India,2023-02-10,Premium,Verified,Aggressive,Agent,1
182,Ishaan Bhatt,ishaan.bhatt182@mailbox.com,9356097698,Jaipur,Rajasthan,India,2024-01-31,Pro,Verified,Conservative,Google Ads,1
183,Zara Desai,zara.desai183@mailbox.com,9791913317,Mumbai,Maharashtra,India,2024-10-25,Basic,Verified,Moderate,Website,1
184,Sneha Mishra,sneha.mishra184@mailbox.com,9255155729,Patna,Bihar,India,2025-08-22,Premium,Verified,Moderate,Agent,1
185,Zara Bhatt,zara.bhatt185@mailbox.com,9952543964,Chandigarh,Chandigarh,India,2025-09-09,Basic,Pending,Aggressive,YouTube,0
186,Anika Desai,anika.desai186@mailbox.com,9539508686,Pune,Maharashtra,India,2025-05-24,Elite,Verified,Conservative,Google Ads,1
187,Ishaan Jain,ishaan.jain187@mailbox.com,9874563053,Lucknow,Uttar Pradesh,India,2023-01-23,Basic,Verified,Aggressive,Agent,1
188,Sara Singh,sara.singh188@mailbox.com,9355749879,Ahmedabad,Gujarat,India,2025-05-13,Basic,Rejected,Aggressive,Google Ads,1
189,Karan Shah,karan.shah189@mailbox.com,9423541403,Bengaluru,Karnataka,India,2023-08-21,Basic,Verified,Moderate,Social Media,1
190,Isha Mehta,isha.mehta190@mailbox.com,9408967399,Vadodara,Gujarat,India,2024-10-18,Pro,Verified,Aggressive,App Store,1
191,Sneha Saxena,sneha.saxena191@mailbox.com,9435940675,Mumbai,Maharashtra,India,2025-10-04,Premium,Verified,Conservative,Website,1
192,Pooja Pandey,pooja.pandey192@mailbox.com,9493827239,Nagpur,Maharashtra,India,2025-08-03,Basic,Verified,Aggressive,Website,1
193,Neha Kapoor,neha.kapoor193@mailbox.com,9367924950,Mumbai,Maharashtra,India,2024-12-08,Basic,Pending,Conservative,Social Media,1
194,Myra Gupta,myra.gupta194@mailbox.com,9832786845,Surat,Gujarat,India,2023-11-15,Pro,Verified,Conservative,Referral,1
195,Yash Bansal,yash.bansal195@mailbox.com,9393517127,Coimbatore,Tamil Nadu,India,2024-07-08,Basic,Verified,Moderate,Google Ads,1
196,Vihaan Chopra,vihaan.chopra196@mailbox.com,9497365341,Indore,Madhya Pradesh,India,2025-01-19,Basic,Verified,Moderate,Agent,1
197,Kavya Tiwari,kavya.tiwari197@mailbox.com,9874600718,Indore,Madhya Pradesh,India,2024-07-01,Elite,Verified,Moderate,YouTube,1
198,Arjun Tiwari,arjun.tiwari198@mailbox.com,9493439021,Chandigarh,Chandigarh,India,2024-03-06,Basic,Verified,Aggressive,App Store,1
199,Kavya Menon,kavya.menon199@mailbox.com,9109456170,Vadodara,Gujarat,India,2024-03-05,Premium,Verified,Moderate,Google Ads,1
200,Yash Tiwari,yash.tiwari200@mailbox.com,9100439204,Kochi,Kerala,India,2024-09-30,Basic,Verified,Moderate,Website,1
201,Myra Malhotra,myra.malhotra201@mailbox.com,9492447358,Chennai,Tamil Nadu,India,2023-02-08,Premium,Verified,Aggressive,Referral,1
202,Nikhil Chopra,nikhil.chopra202@mailbox.com,9683666116,Nagpur,Maharashtra,India,2025-11-29,Pro,Verified,Moderate,App Store,1
203,Zara Jain,zara.jain203@mailbox.com,9948555709,Chandigarh,Chandigarh,India,2023-04-19,Basic,Verified,Aggressive,App Store,0
204,Sneha Choudhary,sneha.choudhary204@mailbox.com,9217723999,Kolkata,West Bengal,India,2025-11-14,Premium,Verified,Aggressive,Google Ads,1
205,Riya Nair,riya.nair205@mailbox.com,9360050458,Surat,Gujarat,India,2023-02-07,Pro,Verified,Moderate,YouTube,1
206,Ananya Malhotra,ananya.malhotra206@mailbox.com,9505401210,Mumbai,Maharashtra,India,2024-06-29,Pro,Verified,Aggressive,Website,1
207,Rajesh Saxena,rajesh.saxena207@mailbox.com,9498374303,Kochi,Kerala,India,2024-03-20,Basic,Verified,Aggressive,Google Ads,1
208,Yash Trivedi,yash.trivedi208@mailbox.com,9381132823,Indore,Madhya Pradesh,India,2024-09-03,Basic,Verified,Aggressive,App Store,0
209,Ananya Kapoor,ananya.kapoor209@mailbox.com,9116407334,Bhopal,Madhya Pradesh,India,2024-04-06,Pro,Rejected,Moderate,Agent,1
210,Suresh Sharma,suresh.sharma210@mailbox.com,9166521366,Chandigarh,Chandigarh,India,2025-08-13,Basic,Verified,Moderate,Referral,1
211,Ananya Singh,ananya.singh211@mailbox.com,9302037829,Chennai,Tamil Nadu,India,2023-01-18,Basic,Verified,Conservative,Referral,1
212,Meera Kumar,meera.kumar212@mailbox.com,9394321220,Lucknow,Uttar Pradesh,India,2025-11-15,Basic,Verified,Moderate,Social Media,1
213,Suresh Malhotra,suresh.malhotra213@mailbox.com,9181412568,Kochi,Kerala,India,2025-01-04,Pro,Rejected,Moderate,Google Ads,0
214,Anika Pillai,anika.pillai214@mailbox.com,9144653747,Hyderabad,Telangana,India,2025-04-09,Basic,Verified,Moderate,Agent,0
215,Divya Shah,divya.shah215@mailbox.com,9214029486,Chandigarh,Chandigarh,India,2023-05-29,Basic,Verified,Conservative,Referral,1
216,Ananya Reddy,ananya.reddy216@mailbox.com,9247164889,Kolkata,West Bengal,India,2023-03-11,Premium,Verified,Moderate,Website,1
217,Vihaan Bhatt,vihaan.bhatt217@mailbox.com,9371826488,Nagpur,Maharashtra,India,2024-02-27,Basic,Pending,Moderate,Social Media,1
218,Vihaan Desai,vihaan.desai218@mailbox.com,9362190015,Kanpur,Uttar Pradesh,India,2023-12-10,Basic,Verified,Conservative,Google Ads,1
219,Anika Verma,anika.verma219@mailbox.com,9109915011,Surat,Gujarat,India,2025-04-13,Premium,Verified,Moderate,Website,1
220,Nikhil Agarwal,nikhil.agarwal220@mailbox.com,9205628191,Chandigarh,Chandigarh,India,2025-08-12,Basic,Verified,Aggressive,App Store,1
221,Reyansh Joshi,reyansh.joshi221@mailbox.com,9701199164,Pune,Maharashtra,India,2024-03-31,Elite,Verified,Conservative,Agent,1
222,Riya Mishra,riya.mishra222@mailbox.com,9355334695,Hyderabad,Telangana,India,2025-03-29,Basic,Verified,Moderate,Referral,1
223,Meera Pandey,meera.pandey223@mailbox.com,9444833984,Jaipur,Rajasthan,India,2023-03-05,Pro,Pending,Conservative,Website,1
224,Rohan Shah,rohan.shah224@mailbox.com,9915102894,Indore,Madhya Pradesh,India,2025-03-01,Premium,Pending,Moderate,Google Ads,1
225,Meera Nair,meera.nair225@mailbox.com,9891574802,Patna,Bihar,India,2023-04-16,Basic,Verified,Moderate,Referral,1
226,Isha Kapoor,isha.kapoor226@mailbox.com,9793384323,Patna,Bihar,India,2024-12-12,Basic,Verified,Aggressive,Referral,1
227,Manoj Joshi,manoj.joshi227@mailbox.com,9195911172,Pune,Maharashtra,India,2024-02-11,Premium,Verified,Aggressive,Google Ads,1
228,Vikram Bhatt,vikram.bhatt228@mailbox.com,9541449817,Coimbatore,Tamil Nadu,India,2024-03-18,Basic,Verified,Aggressive,Referral,1
229,Amit Gupta,amit.gupta229@mailbox.com,9535243825,Delhi,Delhi,India,2023-10-22,Basic,Verified,Conservative,App Store,1
230,Kabir Mehta,kabir.mehta230@mailbox.com,9860305236,Bengaluru,Karnataka,India,2024-03-05,Elite,Verified,Conservative,Referral,1
231,Riya Kumar,riya.kumar231@mailbox.com,9388877882,Mumbai,Maharashtra,India,2025-07-20,Premium,Verified,Moderate,App Store,1
232,Deepak Kapoor,deepak.kapoor232@mailbox.com,9337428955,Coimbatore,Tamil Nadu,India,2025-05-11,Pro,Verified,Moderate,Social Media,1
233,Aarav Mehta,aarav.mehta233@mailbox.com,9289309235,Hyderabad,Telangana,India,2023-12-29,Basic,Verified,Conservative,App Store,1
234,Rajesh Patel,rajesh.patel234@mailbox.com,9381989646,Indore,Madhya Pradesh,India,2023-11-09,Basic,Verified,Moderate,App Store,0
235,Zara Bansal,zara.bansal235@mailbox.com,9761958577,Chandigarh,Chandigarh,India,2024-06-26,Premium,Verified,Conservative,Social Media,1
236,Meera Jain,meera.jain236@mailbox.com,9494043808,Patna,Bihar,India,2024-12-30,Basic,Verified,Conservative,Referral,1
237,Priya Iyer,priya.iyer237@mailbox.com,9713206955,Coimbatore,Tamil Nadu,India,2023-07-14,Basic,Verified,Moderate,YouTube,1
238,Anika Shah,anika.shah238@mailbox.com,9722037152,Delhi,Delhi,India,2025-02-12,Basic,Verified,Conservative,Google Ads,1
239,Isha Pandey,isha.pandey239@mailbox.com,9425967315,Jaipur,Rajasthan,India,2025-10-07,Basic,Verified,Conservative,Referral,1
240,Pooja Pandey,pooja.pandey240@mailbox.com,9959537856,Kanpur,Uttar Pradesh,India,2025-06-18,Pro,Verified,Moderate,Google Ads,1
241,Reyansh Agarwal,reyansh.agarwal241@mailbox.com,9141665645,Surat,Gujarat,India,2024-08-06,Basic,Pending,Aggressive,YouTube,1
242,Vikram Mishra,vikram.mishra242@mailbox.com,9907214727,Indore,Madhya Pradesh,India,2023-12-07,Elite,Verified,Aggressive,Agent,1
243,Vihaan Pandey,vihaan.pandey243@mailbox.com,9107078220,Nagpur,Maharashtra,India,2023-12-11,Basic,Verified,Conservative,Google Ads,1
244,Pooja Tiwari,pooja.tiwari244@mailbox.com,9842853593,Pune,Maharashtra,India,2025-03-01,Basic,Verified,Aggressive,Google Ads,1
245,Pooja Agarwal,pooja.agarwal245@mailbox.com,9715822625,Bengaluru,Karnataka,India,2024-04-29,Basic,Verified,Moderate,Google Ads,1
246,Vihaan Reddy,vihaan.reddy246@mailbox.com,9389401624,Jaipur,Rajasthan,India,2023-04-24,Premium,Verified,Moderate,Google Ads,1
247,Rajesh Menon,rajesh.menon247@mailbox.com,9223992908,Kolkata,West Bengal,India,2024-12-22,Pro,Verified,Aggressive,Google Ads,1
248,Aadhya Pandey,aadhya.pandey248@mailbox.com,9566696102,Nagpur,Maharashtra,India,2023-05-28,Pro,Verified,Moderate,Agent,0
249,Suresh Pandey,suresh.pandey249@mailbox.com,9286442799,Patna,Bihar,India,2025-11-17,Basic,Verified,Aggressive,Social Media,0
250,Vivaan Menon,vivaan.menon250@mailbox.com,9928749965,Nagpur,Maharashtra,India,2024-03-20,Basic,Verified,Conservative,Referral,1
251,Kabir Kumar,kabir.kumar251@mailbox.com,9788954727,Nagpur,Maharashtra,India,2023-12-31,Pro,Verified,Conservative,Google Ads,1
252,Zara Chopra,zara.chopra252@mailbox.com,9107632777,Mumbai,Maharashtra,India,2023-02-28,Basic,Verified,Aggressive,Google Ads,1
253,Kabir Saxena,kabir.saxena253@mailbox.com,9178161512,Indore,Madhya Pradesh,India,2023-06-28,Premium,Verified,Conservative,Social Media,1
254,Kavya Iyer,kavya.iyer254@mailbox.com,9150529186,Jaipur,Rajasthan,India,2025-10-06,Basic,Verified,Aggressive,Agent,1
255,Priya Agarwal,priya.agarwal255@mailbox.com,9473869592,Bengaluru,Karnataka,India,2024-07-26,Basic,Verified,Moderate,Social Media,1
256,Reyansh Agarwal,reyansh.agarwal256@mailbox.com,9475340438,Chennai,Tamil Nadu,India,2025-08-18,Basic,Verified,Aggressive,Website,1
257,Sneha Verma,sneha.verma257@mailbox.com,9751584951,Patna,Bihar,India,2025-10-15,Basic,Verified,Moderate,Google Ads,0
258,Arjun Mehta,arjun.mehta258@mailbox.com,9708369315,Coimbatore,Tamil Nadu,India,2023-02-22,Pro,Pending,Moderate,YouTube,0
259,Kabir Choudhary,kabir.choudhary259@mailbox.com,9113569496,Kanpur,Uttar Pradesh,India,2024-02-10,Premium,Verified,Moderate,Agent,0
260,Vikram Rao,vikram.rao260@mailbox.com,9528490412,Vadodara,Gujarat,India,2025-06-11,Pro,Verified,Conservative,YouTube,1
261,Suresh Yadav,suresh.yadav261@mailbox.com,9806303441,Hyderabad,Telangana,India,2024-06-11,Premium,Verified,Aggressive,Website,1
262,Ishaan Gupta,ishaan.gupta262@mailbox.com,9907793593,Kolkata,West Bengal,India,2024-06-25,Basic,Verified,Moderate,Website,1
263,Diya Menon,diya.menon263@mailbox.com,9362948077,Coimbatore,Tamil Nadu,India,2024-08-30,Premium,Verified,Moderate,App Store,1
264,Varun Kapoor,varun.kapoor264@mailbox.com,9139676099,Hyderabad,Telangana,India,2025-01-17,Basic,Verified,Moderate,Google Ads,1
265,Aryan Shah,aryan.shah265@mailbox.com,9237590182,Surat,Gujarat,India,2025-09-26,Pro,Verified,Aggressive,App Store,1
266,Vikram Mishra,vikram.mishra266@mailbox.com,9406126782,Chennai,Tamil Nadu,India,2025-08-02,Basic,Verified,Moderate,Social Media,1
267,Anika Iyer,anika.iyer267@mailbox.com,9498863086,Pune,Maharashtra,India,2024-10-27,Elite,Verified,Conservative,Website,0
268,Kavya Pillai,kavya.pillai268@mailbox.com,9181485453,Lucknow,Uttar Pradesh,India,2024-09-06,Premium,Verified,Conservative,App Store,1
269,Neha Choudhary,neha.choudhary269@mailbox.com,9360903471,Ahmedabad,Gujarat,India,2024-01-20,Premium,Verified,Aggressive,Agent,1
270,Vikram Nair,vikram.nair270@mailbox.com,9538917320,Kochi,Kerala,India,2023-05-04,Premium,Verified,Conservative,Social Media,1
271,Diya Patel,diya.patel271@mailbox.com,9811519339,Vadodara,Gujarat,India,2025-01-25,Premium,Verified,Aggressive,Website,1
272,Aarav Chopra,aarav.chopra272@mailbox.com,9386094354,Kanpur,Uttar Pradesh,India,2023-01-03,Premium,Verified,Moderate,YouTube,1
273,Ishaan Rao,ishaan.rao273@mailbox.com,9223155116,Kanpur,Uttar Pradesh,India,2025-01-13,Premium,Verified,Conservative,Website,1
274,Yash Malhotra,yash.malhotra274@mailbox.com,9231818923,Delhi,Delhi,India,2024-06-13,Basic,Verified,Aggressive,App Store,1
275,Aadhya Pillai,aadhya.pillai275@mailbox.com,9101924266,Chennai,Tamil Nadu,India,2025-04-17,Premium,Verified,Aggressive,Agent,1
276,Zara Reddy,zara.reddy276@mailbox.com,9604652369,Mumbai,Maharashtra,India,2025-10-07,Basic,Verified,Aggressive,YouTube,1
277,Riya Rao,riya.rao277@mailbox.com,9419252613,Kochi,Kerala,India,2024-08-11,Premium,Verified,Moderate,App Store,0
278,Suresh Shah,suresh.shah278@mailbox.com,9437579222,Chennai,Tamil Nadu,India,2024-09-01,Premium,Verified,Aggressive,Social Media,1
279,Aditya Bansal,aditya.bansal279@mailbox.com,9558457756,Pune,Maharashtra,India,2024-06-03,Basic,Verified,Conservative,Social Media,1
280,Vihaan Patel,vihaan.patel280@mailbox.com,9585289721,Chandigarh,Chandigarh,India,2024-02-02,Premium,Verified,Conservative,Google Ads,1
281,Diya Saxena,diya.saxena281@mailbox.com,9100877706,Bhopal,Madhya Pradesh,India,2023-04-05,Premium,Verified,Moderate,Google Ads,1
282,Zara Saxena,zara.saxena282@mailbox.com,9196974775,Indore,Madhya Pradesh,India,2023-02-02,Premium,Verified,Aggressive,Agent,0
283,Priya Shah,priya.shah283@mailbox.com,9810245631,Mumbai,Maharashtra,India,2025-02-09,Premium,Verified,Moderate,Referral,1
284,Zara Trivedi,zara.trivedi284@mailbox.com,9958116560,Nagpur,Maharashtra,India,2025-09-01,Premium,Verified,Moderate,Social Media,1
285,Anika Yadav,anika.yadav285@mailbox.com,9517164294,Nagpur,Maharashtra,India,2023-02-27,Premium,Verified,Aggressive,Agent,1
286,Varun Menon,varun.menon286@mailbox.com,9843756672,Pune,Maharashtra,India,2023-12-15,Basic,Verified,Conservative,Social Media,1
287,Ishaan Mehta,ishaan.mehta287@mailbox.com,9894004171,Bhopal,Madhya Pradesh,India,2024-10-09,Basic,Verified,Moderate,YouTube,1
288,Sanjay Jain,sanjay.jain288@mailbox.com,9903504539,Coimbatore,Tamil Nadu,India,2025-01-20,Premium,Verified,Moderate,Social Media,0
289,Amit Rao,amit.rao289@mailbox.com,9234438872,Kolkata,West Bengal,India,2025-02-22,Basic,Verified,Moderate,YouTube,0
290,Riya Mehta,riya.mehta290@mailbox.com,9232019082,Pune,Maharashtra,India,2025-01-09,Basic,Verified,Conservative,Google Ads,1
291,Manoj Shah,manoj.shah291@mailbox.com,9462340339,Pune,Maharashtra,India,2023-03-31,Basic,Verified,Aggressive,YouTube,1
292,Ananya Mishra,ananya.mishra292@mailbox.com,9962326037,Chandigarh,Chandigarh,India,2023-09-28,Basic,Verified,Aggressive,App Store,1
293,Yash Agarwal,yash.agarwal293@mailbox.com,9386118242,Delhi,Delhi,India,2024-05-14,Elite,Verified,Aggressive,Agent,1
294,Kavya Saxena,kavya.saxena294@mailbox.com,9848383185,Kochi,Kerala,India,2023-03-09,Basic,Verified,Aggressive,Website,1
295,Amit Pandey,amit.pandey295@mailbox.com,9968716319,Patna,Bihar,India,2024-01-01,Basic,Verified,Moderate,Social Media,1
296,Rahul Bhatt,rahul.bhatt296@mailbox.com,9270493913,Lucknow,Uttar Pradesh,India,2024-02-15,Pro,Verified,Conservative,YouTube,1
297,Anil Sharma,anil.sharma297@mailbox.com,9317688946,Nagpur,Maharashtra,India,2025-11-07,Elite,Verified,Conservative,Website,1
298,Anika Desai,anika.desai298@mailbox.com,9297950819,Kochi,Kerala,India,2023-12-04,Basic,Verified,Moderate,Website,1
299,Diya Patel,diya.patel299@mailbox.com,9761671971,Patna,Bihar,India,2025-10-31,Pro,Pending,Aggressive,Agent,0
300,Aarav Jain,aarav.jain300@mailbox.com,9718043009,Kolkata,West Bengal,India,2025-01-15,Basic,Verified,Moderate,Agent,1
301,Myra Gupta,myra.gupta301@mailbox.com,9466376000,Delhi,Delhi,India,2025-01-07,Pro,Verified,Aggressive,Google Ads,1
302,Anil Yadav,anil.yadav302@mailbox.com,9568732938,Surat,Gujarat,India,2025-05-23,Basic,Verified,Conservative,Agent,1
303,Aarav Patel,aarav.patel303@mailbox.com,9759130458,Bengaluru,Karnataka,India,2025-06-16,Basic,Verified,Conservative,Website,1
304,Kiran Chopra,kiran.chopra304@mailbox.com,9526886799,Delhi,Delhi,India,2023-08-25,Basic,Verified,Moderate,App Store,1
305,Amit Rao,amit.rao305@mailbox.com,9632991248,Vadodara,Gujarat,India,2024-03-24,Premium,Verified,Moderate,YouTube,0
306,Reyansh Shah,reyansh.shah306@mailbox.com,9694841827,Lucknow,Uttar Pradesh,India,2024-07-16,Basic,Verified,Aggressive,Agent,0
307,Isha Bansal,isha.bansal307@mailbox.com,9632144356,Surat,Gujarat,India,2025-11-06,Premium,Verified,Moderate,YouTube,1
308,Sanjay Trivedi,sanjay.trivedi308@mailbox.com,9885734006,Chennai,Tamil Nadu,India,2023-02-13,Premium,Verified,Aggressive,Agent,1
309,Isha Gupta,isha.gupta309@mailbox.com,9648650235,Bengaluru,Karnataka,India,2024-05-22,Basic,Verified,Conservative,Referral,1
310,Arjun Malhotra,arjun.malhotra310@mailbox.com,9869522470,Delhi,Delhi,India,2023-08-17,Pro,Verified,Conservative,Referral,1
311,Priya Pandey,priya.pandey311@mailbox.com,9291415359,Ahmedabad,Gujarat,India,2023-08-09,Basic,Verified,Moderate,Google Ads,1
312,Priya Pandey,priya.pandey312@mailbox.com,9353429552,Mumbai,Maharashtra,India,2025-03-22,Basic,Verified,Moderate,Referral,0
313,Arjun Reddy,arjun.reddy313@mailbox.com,9144248972,Jaipur,Rajasthan,India,2023-08-04,Basic,Verified,Moderate,App Store,1
314,Diya Bansal,diya.bansal314@mailbox.com,9437480206,Pune,Maharashtra,India,2025-04-24,Basic,Verified,Conservative,Agent,1
315,Karan Chopra,karan.chopra315@mailbox.com,9140152574,Kanpur,Uttar Pradesh,India,2025-11-24,Basic,Verified,Moderate,Agent,1
316,Priya Iyer,priya.iyer316@mailbox.com,9771737277,Nagpur,Maharashtra,India,2025-04-06,Premium,Verified,Conservative,YouTube,1
317,Divya Iyer,divya.iyer317@mailbox.com,9179930693,Pune,Maharashtra,India,2023-06-30,Premium,Verified,Aggressive,Social Media,1
318,Divya Singh,divya.singh318@mailbox.com,9621836120,Lucknow,Uttar Pradesh,India,2023-06-01,Basic,Verified,Conservative,YouTube,1
319,Varun Trivedi,varun.trivedi319@mailbox.com,9989108640,Delhi,Delhi,India,2024-04-10,Basic,Verified,Aggressive,Google Ads,1
320,Rajesh Reddy,rajesh.reddy320@mailbox.com,9410314843,Pune,Maharashtra,India,2024-08-09,Pro,Verified,Conservative,Social Media,0
321,Isha Joshi,isha.joshi321@mailbox.com,9318796279,Vadodara,Gujarat,India,2025-04-08,Basic,Verified,Moderate,Agent,1
322,Arjun Jain,arjun.jain322@mailbox.com,9297375901,Vadodara,Gujarat,India,2024-03-26,Premium,Rejected,Moderate,Agent,1
323,Neha Choudhary,neha.choudhary323@mailbox.com,9953723377,Lucknow,Uttar Pradesh,India,2023-06-27,Pro,Verified,Conservative,Agent,1
324,Nikhil Bansal,nikhil.bansal324@mailbox.com,9711245764,Coimbatore,Tamil Nadu,India,2025-11-21,Basic,Verified,Moderate,Social Media,1
325,Aryan Pandey,aryan.pandey325@mailbox.com,9656255904,Kanpur,Uttar Pradesh,India,2025-08-21,Premium,Verified,Conservative,App Store,1
326,Karan Bansal,karan.bansal326@mailbox.com,9374332969,Bengaluru,Karnataka,India,2024-11-27,Elite,Verified,Aggressive,YouTube,1
327,Karan Iyer,karan.iyer327@mailbox.com,9262052086,Kochi,Kerala,India,2025-01-10,Premium,Verified,Aggressive,Referral,1
328,Vivaan Rao,vivaan.rao328@mailbox.com,9524329535,Jaipur,Rajasthan,India,2025-09-22,Elite,Verified,Conservative,Website,1
329,Reyansh Patel,reyansh.patel329@mailbox.com,9808863678,Indore,Madhya Pradesh,India,2024-05-20,Basic,Verified,Moderate,App Store,0
330,Sanjay Kapoor,sanjay.kapoor330@mailbox.com,9100404573,Indore,Madhya Pradesh,India,2023-06-04,Premium,Verified,Conservative,YouTube,0
331,Amit Iyer,amit.iyer331@mailbox.com,9419674633,Pune,Maharashtra,India,2024-10-07,Basic,Verified,Moderate,Google Ads,1
332,Myra Shah,myra.shah332@mailbox.com,9928857867,Bhopal,Madhya Pradesh,India,2024-04-25,Basic,Verified,Aggressive,YouTube,1
333,Isha Bansal,isha.bansal333@mailbox.com,9454900461,Kanpur,Uttar Pradesh,India,2025-05-01,Elite,Pending,Moderate,Agent,1
334,Anil Mishra,anil.mishra334@mailbox.com,9189188731,Ahmedabad,Gujarat,India,2025-04-01,Basic,Verified,Aggressive,Referral,1
335,Riya Pillai,riya.pillai335@mailbox.com,9485727558,Kolkata,West Bengal,India,2024-05-17,Elite,Verified,Aggressive,Referral,1
336,Manoj Gupta,manoj.gupta336@mailbox.com,9714223539,Bhopal,Madhya Pradesh,India,2024-01-27,Premium,Verified,Conservative,YouTube,1
337,Yash Trivedi,yash.trivedi337@mailbox.com,9996690150,Chennai,Tamil Nadu,India,2024-03-25,Pro,Verified,Conservative,Website,1
338,Isha Menon,isha.menon338@mailbox.com,9665978928,Bengaluru,Karnataka,India,2024-11-04,Elite,Verified,Moderate,Website,1
339,Rohan Bansal,rohan.bansal339@mailbox.com,9145476372,Kochi,Kerala,India,2024-11-09,Premium,Verified,Aggressive,Website,1
340,Yash Kapoor,yash.kapoor340@mailbox.com,9828157468,Pune,Maharashtra,India,2024-06-28,Elite,Verified,Conservative,Google Ads,0
341,Pooja Joshi,pooja.joshi341@mailbox.com,9802094220,Indore,Madhya Pradesh,India,2024-07-20,Pro,Verified,Conservative,App Store,1
342,Diya Pillai,diya.pillai342@mailbox.com,9686248956,Bhopal,Madhya Pradesh,India,2025-11-22,Premium,Verified,Aggressive,App Store,1
343,Neha Menon,neha.menon343@mailbox.com,9906885373,Chandigarh,Chandigarh,India,2023-09-28,Premium,Pending,Conservative,Referral,1
344,Rahul Malhotra,rahul.malhotra344@mailbox.com,9792448674,Indore,Madhya Pradesh,India,2023-07-05,Basic,Verified,Moderate,Website,1
345,Nikhil Mehta,nikhil.mehta345@mailbox.com,9479123747,Bhopal,Madhya Pradesh,India,2025-05-01,Basic,Rejected,Aggressive,Referral,1
346,Ananya Bansal,ananya.bansal346@mailbox.com,9556688799,Chandigarh,Chandigarh,India,2025-09-23,Basic,Pending,Conservative,Google Ads,1
347,Aryan Kapoor,aryan.kapoor347@mailbox.com,9539834044,Coimbatore,Tamil Nadu,India,2024-10-10,Basic,Verified,Conservative,Referral,1
348,Varun Kapoor,varun.kapoor348@mailbox.com,9674913088,Mumbai,Maharashtra,India,2024-03-03,Basic,Verified,Aggressive,Google Ads,1
349,Kabir Joshi,kabir.joshi349@mailbox.com,9193563428,Bhopal,Madhya Pradesh,India,2024-01-07,Premium,Verified,Conservative,Social Media,0
350,Ishaan Menon,ishaan.menon350@mailbox.com,9611584048,Hyderabad,Telangana,India,2024-05-13,Premium,Verified,Aggressive,Social Media,1
351,Amit Reddy,amit.reddy351@mailbox.com,9134933071,Kochi,Kerala,India,2023-02-25,Premium,Verified,Moderate,Google Ads,1
352,Vivaan Nair,vivaan.nair352@mailbox.com,9560384694,Mumbai,Maharashtra,India,2024-07-16,Pro,Verified,Conservative,App Store,1
353,Diya Singh,diya.singh353@mailbox.com,9479960225,Chennai,Tamil Nadu,India,2023-10-15,Elite,Verified,Moderate,App Store,1
354,Anika Kapoor,anika.kapoor354@mailbox.com,9332297434,Hyderabad,Telangana,India,2023-10-10,Pro,Verified,Conservative,Referral,1
355,Yash Bhatt,yash.bhatt355@mailbox.com,9150691236,Indore,Madhya Pradesh,India,2024-08-19,Premium,Verified,Aggressive,Google Ads,1
356,Aryan Shah,aryan.shah356@mailbox.com,9422647516,Mumbai,Maharashtra,India,2025-10-23,Basic,Verified,Moderate,Agent,1
357,Ishaan Choudhary,ishaan.choudhary357@mailbox.com,9781665053,Mumbai,Maharashtra,India,2023-08-08,Elite,Verified,Aggressive,Google Ads,0
358,Kiran Trivedi,kiran.trivedi358@mailbox.com,9108355946,Kanpur,Uttar Pradesh,India,2025-08-28,Basic,Verified,Conservative,App Store,1
359,Vihaan Verma,vihaan.verma359@mailbox.com,9543576738,Vadodara,Gujarat,India,2024-07-07,Basic,Verified,Aggressive,Website,1
360,Divya Agarwal,divya.agarwal360@mailbox.com,9879196801,Kanpur,Uttar Pradesh,India,2025-11-02,Basic,Verified,Conservative,Website,1
361,Anil Desai,anil.desai361@mailbox.com,9115592525,Jaipur,Rajasthan,India,2024-02-12,Premium,Verified,Moderate,Website,1
362,Kiran Shah,kiran.shah362@mailbox.com,9608513891,Surat,Gujarat,India,2025-11-27,Premium,Verified,Aggressive,Google Ads,1
363,Rohan Menon,rohan.menon363@mailbox.com,9733625891,Nagpur,Maharashtra,India,2024-12-03,Basic,Verified,Aggressive,Website,1
364,Kiran Jain,kiran.jain364@mailbox.com,9350307762,Ahmedabad,Gujarat,India,2024-12-14,Pro,Verified,Aggressive,YouTube,1
365,Arjun Mehta,arjun.mehta365@mailbox.com,9605933767,Nagpur,Maharashtra,India,2024-08-22,Basic,Verified,Aggressive,Website,0
366,Rahul Kumar,rahul.kumar366@mailbox.com,9724167975,Mumbai,Maharashtra,India,2024-04-26,Basic,Verified,Aggressive,Referral,1
367,Riya Gupta,riya.gupta367@mailbox.com,9566422359,Chennai,Tamil Nadu,India,2024-07-13,Basic,Verified,Moderate,Social Media,1
368,Isha Menon,isha.menon368@mailbox.com,9100011851,Surat,Gujarat,India,2025-06-25,Basic,Rejected,Aggressive,Agent,1
369,Aarav Desai,aarav.desai369@mailbox.com,9339234093,Pune,Maharashtra,India,2025-04-23,Pro,Verified,Moderate,Google Ads,1
370,Rajesh Mehta,rajesh.mehta370@mailbox.com,9153497775,Delhi,Delhi,India,2023-01-26,Basic,Verified,Moderate,Agent,1
371,Kavya Bhatt,kavya.bhatt371@mailbox.com,9140359548,Bengaluru,Karnataka,India,2025-01-09,Basic,Verified,Conservative,Google Ads,1
372,Priya Trivedi,priya.trivedi372@mailbox.com,9485101950,Kochi,Kerala,India,2025-06-07,Basic,Verified,Moderate,YouTube,1
373,Aadhya Agarwal,aadhya.agarwal373@mailbox.com,9822610132,Pune,Maharashtra,India,2025-03-03,Pro,Verified,Conservative,App Store,1
374,Myra Rao,myra.rao374@mailbox.com,9331997669,Mumbai,Maharashtra,India,2024-06-13,Elite,Verified,Aggressive,Social Media,1
375,Kiran Trivedi,kiran.trivedi375@mailbox.com,9653611634,Bhopal,Madhya Pradesh,India,2023-12-24,Premium,Verified,Conservative,Referral,1
376,Vihaan Choudhary,vihaan.choudhary376@mailbox.com,9696711017,Kanpur,Uttar Pradesh,India,2024-12-17,Premium,Verified,Conservative,Social Media,1
377,Divya Patel,divya.patel377@mailbox.com,9845211689,Lucknow,Uttar Pradesh,India,2024-12-07,Pro,Verified,Conservative,Referral,0
378,Divya Rao,divya.rao378@mailbox.com,9736644396,Kochi,Kerala,India,2024-02-03,Basic,Verified,Conservative,App Store,0
379,Sara Kapoor,sara.kapoor379@mailbox.com,9765630932,Pune,Maharashtra,India,2024-03-08,Basic,Verified,Aggressive,YouTube,0
380,Ananya Nair,ananya.nair380@mailbox.com,9502303341,Nagpur,Maharashtra,India,2024-01-28,Premium,Verified,Conservative,Social Media,1
381,Aarav Kumar,aarav.kumar381@mailbox.com,9751939747,Bhopal,Madhya Pradesh,India,2023-02-17,Basic,Verified,Moderate,Website,1
382,Varun Tiwari,varun.tiwari382@mailbox.com,9646921530,Indore,Madhya Pradesh,India,2023-02-03,Premium,Verified,Aggressive,Social Media,1
383,Varun Bansal,varun.bansal383@mailbox.com,9166617736,Chennai,Tamil Nadu,India,2023-03-30,Premium,Verified,Moderate,Social Media,0
384,Karan Bansal,karan.bansal384@mailbox.com,9492934142,Surat,Gujarat,India,2024-03-27,Basic,Rejected,Moderate,Website,0
385,Vivaan Verma,vivaan.verma385@mailbox.com,9156944396,Bhopal,Madhya Pradesh,India,2024-06-27,Premium,Verified,Moderate,Referral,1
386,Arjun Mishra,arjun.mishra386@mailbox.com,9193435322,Bengaluru,Karnataka,India,2024-03-10,Basic,Verified,Moderate,App Store,1
387,Aditya Rao,aditya.rao387@mailbox.com,9425007948,Hyderabad,Telangana,India,2025-10-14,Basic,Verified,Aggressive,App Store,1
388,Anil Yadav,anil.yadav388@mailbox.com,9574837042,Surat,Gujarat,India,2023-08-28,Pro,Verified,Moderate,Social Media,1
389,Kiran Kapoor,kiran.kapoor389@mailbox.com,9910252970,Bengaluru,Karnataka,India,2024-02-23,Premium,Verified,Aggressive,Google Ads,1
390,Ishaan Mishra,ishaan.mishra390@mailbox.com,9786357147,Kochi,Kerala,India,2023-09-21,Basic,Verified,Aggressive,Social Media,1
391,Divya Patel,divya.patel391@mailbox.com,9401237036,Bengaluru,Karnataka,India,2023-11-16,Basic,Verified,Conservative,Website,1
392,Kabir Kumar,kabir.kumar392@mailbox.com,9741328682,Vadodara,Gujarat,India,2024-09-14,Basic,Verified,Conservative,Website,1
393,Myra Shah,myra.shah393@mailbox.com,9347605368,Surat,Gujarat,India,2023-11-27,Basic,Verified,Moderate,Google Ads,1
394,Vikram Shah,vikram.shah394@mailbox.com,9895253947,Jaipur,Rajasthan,India,2023-12-05,Basic,Verified,Moderate,Website,1
395,Meera Iyer,meera.iyer395@mailbox.com,9803303476,Kolkata,West Bengal,India,2024-12-15,Basic,Verified,Conservative,YouTube,1
396,Deepak Sharma,deepak.sharma396@mailbox.com,9714267006,Pune,Maharashtra,India,2025-06-03,Pro,Verified,Aggressive,Referral,1
397,Vivaan Tiwari,vivaan.tiwari397@mailbox.com,9324403165,Bhopal,Madhya Pradesh,India,2023-08-15,Pro,Verified,Moderate,App Store,1
398,Kabir Bansal,kabir.bansal398@mailbox.com,9659559635,Patna,Bihar,India,2023-04-29,Pro,Verified,Moderate,Social Media,1
399,Diya Tiwari,diya.tiwari399@mailbox.com,9838757238,Chennai,Tamil Nadu,India,2023-09-13,Premium,Verified,Aggressive,Website,1
400,Isha Mishra,isha.mishra400@mailbox.com,9164760155,Kanpur,Uttar Pradesh,India,2024-09-07,Premium,Verified,Moderate,Referral,1
401,Aryan Jain,aryan.jain401@mailbox.com,9259420194,Vadodara,Gujarat,India,2025-10-19,Premium,Verified,Moderate,Website,1
402,Suresh Choudhary,suresh.choudhary402@mailbox.com,9563676560,Kolkata,West Bengal,India,2023-06-20,Pro,Verified,Conservative,Agent,1
403,Isha Choudhary,isha.choudhary403@mailbox.com,9738654211,Surat,Gujarat,India,2023-02-15,Premium,Verified,Aggressive,Website,1
404,Yash Nair,yash.nair404@mailbox.com,9460968047,Hyderabad,Telangana,India,2024-07-16,Premium,Verified,Aggressive,Agent,1
405,Zara Sharma,zara.sharma405@mailbox.com,9424186956,Chandigarh,Chandigarh,India,2025-11-21,Pro,Verified,Aggressive,Google Ads,1
406,Rahul Bansal,rahul.bansal406@mailbox.com,9103021222,Hyderabad,Telangana,India,2024-08-11,Premium,Verified,Moderate,Referral,1
407,Anika Saxena,anika.saxena407@mailbox.com,9322742897,Kolkata,West Bengal,India,2025-09-11,Basic,Verified,Conservative,Social Media,1
408,Reyansh Shah,reyansh.shah408@mailbox.com,9311958331,Lucknow,Uttar Pradesh,India,2024-11-15,Basic,Verified,Aggressive,Google Ads,1
409,Varun Iyer,varun.iyer409@mailbox.com,9403888202,Ahmedabad,Gujarat,India,2023-02-03,Basic,Verified,Moderate,YouTube,1
410,Aarav Saxena,aarav.saxena410@mailbox.com,9382262404,Hyderabad,Telangana,India,2024-03-31,Basic,Verified,Aggressive,Website,1
411,Ishaan Sharma,ishaan.sharma411@mailbox.com,9606383087,Indore,Madhya Pradesh,India,2025-03-31,Basic,Verified,Conservative,Referral,1
412,Karan Kapoor,karan.kapoor412@mailbox.com,9806999945,Mumbai,Maharashtra,India,2024-06-26,Basic,Verified,Aggressive,Agent,1
413,Diya Nair,diya.nair413@mailbox.com,9980961402,Vadodara,Gujarat,India,2023-07-27,Basic,Verified,Aggressive,YouTube,1
414,Reyansh Mishra,reyansh.mishra414@mailbox.com,9856887068,Delhi,Delhi,India,2023-07-12,Elite,Verified,Conservative,App Store,1
415,Aarav Joshi,aarav.joshi415@mailbox.com,9827416928,Pune,Maharashtra,India,2024-12-07,Basic,Verified,Moderate,Social Media,0
416,Sneha Reddy,sneha.reddy416@mailbox.com,9133763909,Coimbatore,Tamil Nadu,India,2024-05-08,Basic,Verified,Moderate,Referral,1
417,Yash Agarwal,yash.agarwal417@mailbox.com,9663483542,Hyderabad,Telangana,India,2024-09-03,Basic,Rejected,Moderate,Agent,1
418,Arjun Patel,arjun.patel418@mailbox.com,9937582808,Delhi,Delhi,India,2024-02-02,Basic,Verified,Conservative,Referral,0
419,Diya Iyer,diya.iyer419@mailbox.com,9135217506,Bhopal,Madhya Pradesh,India,2023-12-28,Premium,Verified,Conservative,Referral,1
420,Rahul Desai,rahul.desai420@mailbox.com,9811188492,Delhi,Delhi,India,2024-12-10,Premium,Verified,Conservative,Agent,1
421,Varun Shah,varun.shah421@mailbox.com,9202893996,Kochi,Kerala,India,2023-01-09,Basic,Verified,Moderate,YouTube,1
422,Sneha Yadav,sneha.yadav422@mailbox.com,9983945438,Lucknow,Uttar Pradesh,India,2024-04-08,Premium,Verified,Conservative,Google Ads,1
423,Rajesh Gupta,rajesh.gupta423@mailbox.com,9769934168,Kochi,Kerala,India,2024-01-30,Basic,Pending,Moderate,Website,1
424,Vikram Rao,vikram.rao424@mailbox.com,9919144477,Chennai,Tamil Nadu,India,2025-04-09,Premium,Verified,Moderate,Agent,1
425,Aadhya Joshi,aadhya.joshi425@mailbox.com,9907915075,Bengaluru,Karnataka,India,2025-02-14,Elite,Verified,Aggressive,Google Ads,1
426,Kabir Rao,kabir.rao426@mailbox.com,9384231494,Vadodara,Gujarat,India,2024-03-29,Pro,Verified,Moderate,Website,1
427,Deepak Shah,deepak.shah427@mailbox.com,9474333263,Patna,Bihar,India,2023-10-07,Basic,Verified,Conservative,YouTube,1
428,Manoj Kumar,manoj.kumar428@mailbox.com,9722425070,Coimbatore,Tamil Nadu,India,2023-09-09,Premium,Verified,Moderate,Agent,1
429,Vivaan Sharma,vivaan.sharma429@mailbox.com,9257398731,Pune,Maharashtra,India,2023-08-13,Pro,Pending,Conservative,Google Ads,1
430,Meera Jain,meera.jain430@mailbox.com,9375898678,Jaipur,Rajasthan,India,2023-10-19,Pro,Pending,Conservative,YouTube,1
431,Vihaan Tiwari,vihaan.tiwari431@mailbox.com,9189140740,Nagpur,Maharashtra,India,2025-03-21,Basic,Verified,Aggressive,Referral,1
432,Divya Reddy,divya.reddy432@mailbox.com,9899390068,Jaipur,Rajasthan,India,2023-02-18,Premium,Verified,Conservative,Social Media,1
433,Anil Joshi,anil.joshi433@mailbox.com,9469677582,Chennai,Tamil Nadu,India,2023-01-28,Basic,Verified,Conservative,Referral,1
434,Reyansh Nair,reyansh.nair434@mailbox.com,9507256172,Ahmedabad,Gujarat,India,2024-07-29,Basic,Verified,Moderate,Website,1
435,Anika Nair,anika.nair435@mailbox.com,9438298787,Indore,Madhya Pradesh,India,2023-08-26,Premium,Verified,Moderate,App Store,1
436,Arjun Yadav,arjun.yadav436@mailbox.com,9800160064,Mumbai,Maharashtra,India,2025-06-03,Basic,Verified,Aggressive,Website,1
437,Sanjay Chopra,sanjay.chopra437@mailbox.com,9922661868,Pune,Maharashtra,India,2025-03-12,Basic,Pending,Aggressive,App Store,1
438,Varun Sharma,varun.sharma438@mailbox.com,9615617273,Kolkata,West Bengal,India,2025-03-30,Pro,Verified,Conservative,Agent,1
439,Vihaan Chopra,vihaan.chopra439@mailbox.com,9853066257,Delhi,Delhi,India,2024-05-01,Premium,Verified,Aggressive,Referral,1
440,Sara Iyer,sara.iyer440@mailbox.com,9199743794,Bengaluru,Karnataka,India,2024-04-11,Elite,Verified,Aggressive,Social Media,1
441,Yash Nair,yash.nair441@mailbox.com,9204309018,Lucknow,Uttar Pradesh,India,2024-03-29,Pro,Verified,Conservative,Google Ads,0
442,Isha Nair,isha.nair442@mailbox.com,9159839276,Bengaluru,Karnataka,India,2023-07-28,Pro,Verified,Moderate,App Store,1
443,Reyansh Pandey,reyansh.pandey443@mailbox.com,9120012368,Pune,Maharashtra,India,2024-08-27,Pro,Verified,Aggressive,App Store,1
444,Zara Shah,zara.shah444@mailbox.com,9319004989,Nagpur,Maharashtra,India,2025-07-08,Basic,Pending,Moderate,YouTube,1
445,Rahul Rao,rahul.rao445@mailbox.com,9853457703,Kochi,Kerala,India,2023-10-01,Basic,Verified,Moderate,App Store,1
446,Priya Agarwal,priya.agarwal446@mailbox.com,9370771972,Delhi,Delhi,India,2023-03-02,Pro,Verified,Aggressive,App Store,1
447,Isha Choudhary,isha.choudhary447@mailbox.com,9811811728,Jaipur,Rajasthan,India,2024-08-24,Basic,Verified,Moderate,Social Media,1
448,Yash Chopra,yash.chopra448@mailbox.com,9481916854,Bengaluru,Karnataka,India,2024-03-01,Basic,Verified,Moderate,YouTube,0
449,Rahul Chopra,rahul.chopra449@mailbox.com,9525817040,Jaipur,Rajasthan,India,2025-04-29,Premium,Pending,Conservative,App Store,1
450,Diya Patel,diya.patel450@mailbox.com,9309117065,Lucknow,Uttar Pradesh,India,2025-07-01,Basic,Verified,Moderate,Google Ads,1
451,Yash Rao,yash.rao451@mailbox.com,9362325184,Patna,Bihar,India,2025-10-09,Basic,Verified,Conservative,Social Media,1
452,Nikhil Trivedi,nikhil.trivedi452@mailbox.com,9565533025,Jaipur,Rajasthan,India,2024-02-23,Premium,Verified,Aggressive,Social Media,1
453,Zara Jain,zara.jain453@mailbox.com,9811405379,Coimbatore,Tamil Nadu,India,2025-08-18,Basic,Verified,Conservative,Google Ads,1
454,Aarav Bhatt,aarav.bhatt454@mailbox.com,9628134836,Bengaluru,Karnataka,India,2023-05-06,Premium,Verified,Conservative,YouTube,1
455,Vikram Joshi,vikram.joshi455@mailbox.com,9300919729,Delhi,Delhi,India,2024-02-01,Basic,Verified,Moderate,Referral,1
456,Sanjay Kumar,sanjay.kumar456@mailbox.com,9745729018,Mumbai,Maharashtra,India,2023-10-11,Premium,Verified,Moderate,Website,1
457,Reyansh Kumar,reyansh.kumar457@mailbox.com,9313359198,Ahmedabad,Gujarat,India,2025-09-10,Basic,Verified,Moderate,Social Media,1
458,Pooja Bansal,pooja.bansal458@mailbox.com,9858889162,Hyderabad,Telangana,India,2024-10-01,Premium,Verified,Aggressive,Website,0
459,Anil Nair,anil.nair459@mailbox.com,9643328414,Delhi,Delhi,India,2024-01-25,Basic,Verified,Conservative,YouTube,0
460,Arjun Mishra,arjun.mishra460@mailbox.com,9418743032,Chennai,Tamil Nadu,India,2023-06-11,Basic,Verified,Aggressive,Referral,1
461,Meera Mishra,meera.mishra461@mailbox.com,9495489557,Vadodara,Gujarat,India,2025-04-13,Pro,Verified,Conservative,Agent,1
462,Reyansh Sharma,reyansh.sharma462@mailbox.com,9269102117,Chandigarh,Chandigarh,India,2024-11-28,Basic,Verified,Moderate,Referral,1
463,Divya Saxena,divya.saxena463@mailbox.com,9375339609,Mumbai,Maharashtra,India,2025-06-27,Premium,Rejected,Conservative,Referral,1
464,Aadhya Mehta,aadhya.mehta464@mailbox.com,9220911574,Coimbatore,Tamil Nadu,India,2024-04-11,Basic,Verified,Conservative,App Store,1
465,Aarav Patel,aarav.patel465@mailbox.com,9239095731,Chennai,Tamil Nadu,India,2023-06-09,Basic,Verified,Conservative,Referral,1
466,Yash Iyer,yash.iyer466@mailbox.com,9769757264,Jaipur,Rajasthan,India,2023-12-23,Basic,Verified,Conservative,Website,1
467,Ishaan Verma,ishaan.verma467@mailbox.com,9522218797,Pune,Maharashtra,India,2024-10-22,Pro,Verified,Moderate,Website,1
468,Vikram Agarwal,vikram.agarwal468@mailbox.com,9141687595,Jaipur,Rajasthan,India,2023-09-14,Basic,Verified,Aggressive,Social Media,1
469,Kabir Iyer,kabir.iyer469@mailbox.com,9848187016,Patna,Bihar,India,2023-03-17,Basic,Verified,Aggressive,Referral,1
470,Varun Mehta,varun.mehta470@mailbox.com,9674574402,Bhopal,Madhya Pradesh,India,2025-05-26,Premium,Verified,Aggressive,Google Ads,1
471,Divya Menon,divya.menon471@mailbox.com,9704172863,Nagpur,Maharashtra,India,2024-07-19,Basic,Pending,Moderate,YouTube,1
472,Manoj Malhotra,manoj.malhotra472@mailbox.com,9309434915,Indore,Madhya Pradesh,India,2024-02-27,Pro,Verified,Conservative,Referral,1
473,Anika Bhatt,anika.bhatt473@mailbox.com,9859764295,Bhopal,Madhya Pradesh,India,2024-08-11,Elite,Verified,Conservative,Referral,1
474,Riya Patel,riya.patel474@mailbox.com,9494369803,Hyderabad,Telangana,India,2025-02-25,Premium,Verified,Conservative,YouTube,1
475,Pooja Verma,pooja.verma475@mailbox.com,9735230883,Ahmedabad,Gujarat,India,2023-01-02,Premium,Verified,Moderate,Website,1
476,Suresh Nair,suresh.nair476@mailbox.com,9959894757,Bengaluru,Karnataka,India,2024-04-13,Basic,Verified,Aggressive,Agent,1
477,Anil Rao,anil.rao477@mailbox.com,9642558276,Bhopal,Madhya Pradesh,India,2023-09-28,Elite,Pending,Moderate,Referral,1
478,Aarav Saxena,aarav.saxena478@mailbox.com,9279572518,Jaipur,Rajasthan,India,2023-04-08,Premium,Pending,Moderate,Social Media,0
479,Priya Gupta,priya.gupta479@mailbox.com,9397405815,Indore,Madhya Pradesh,India,2023-02-08,Basic,Verified,Moderate,Agent,1
480,Arjun Menon,arjun.menon480@mailbox.com,9266622510,Nagpur,Maharashtra,India,2024-04-14,Elite,Verified,Aggressive,YouTube,1
481,Diya Yadav,diya.yadav481@mailbox.com,9398372960,Kolkata,West Bengal,India,2024-08-02,Elite,Verified,Aggressive,Agent,1
482,Anil Gupta,anil.gupta482@mailbox.com,9901301260,Bengaluru,Karnataka,India,2024-06-24,Basic,Verified,Moderate,Social Media,1
483,Ananya Joshi,ananya.joshi483@mailbox.com,9270767205,Vadodara,Gujarat,India,2025-04-13,Basic,Verified,Aggressive,Website,1
484,Suresh Jain,suresh.jain484@mailbox.com,9902545356,Kolkata,West Bengal,India,2024-05-02,Premium,Verified,Moderate,Referral,0
485,Riya Iyer,riya.iyer485@mailbox.com,9356619558,Bengaluru,Karnataka,India,2024-09-20,Pro,Verified,Conservative,Social Media,1
486,Karan Patel,karan.patel486@mailbox.com,9549117536,Pune,Maharashtra,India,2025-05-19,Premium,Verified,Conservative,Referral,1
487,Kavya Reddy,kavya.reddy487@mailbox.com,9575535573,Coimbatore,Tamil Nadu,India,2024-12-01,Basic,Verified,Aggressive,App Store,0
488,Amit Trivedi,amit.trivedi488@mailbox.com,9213207719,Kolkata,West Bengal,India,2025-08-28,Basic,Pending,Moderate,YouTube,1
489,Rajesh Jain,rajesh.jain489@mailbox.com,9265603813,Vadodara,Gujarat,India,2023-08-25,Basic,Verified,Aggressive,App Store,0
490,Neha Agarwal,neha.agarwal490@mailbox.com,9153978064,Lucknow,Uttar Pradesh,India,2025-04-17,Basic,Verified,Conservative,Google Ads,1
491,Varun Kapoor,varun.kapoor491@mailbox.com,9778737103,Kochi,Kerala,India,2025-01-12,Pro,Rejected,Moderate,Google Ads,1
492,Deepak Bhatt,deepak.bhatt492@mailbox.com,9591615289,Surat,Gujarat,India,2024-09-12,Basic,Verified,Conservative,Google Ads,1
493,Rajesh Patel,rajesh.patel493@mailbox.com,9861392716,Mumbai,Maharashtra,India,2023-01-04,Basic,Verified,Aggressive,Social Media,1
494,Neha Reddy,neha.reddy494@mailbox.com,9876807508,Kanpur,Uttar Pradesh,India,2024-07-30,Pro,Verified,Conservative,YouTube,0
495,Diya Bhatt,diya.bhatt495@mailbox.com,9412889272,Jaipur,Rajasthan,India,2025-07-03,Basic,Verified,Conservative,Referral,1
496,Aadhya Patel,aadhya.patel496@mailbox.com,9835405790,Chennai,Tamil Nadu,India,2024-11-17,Basic,Verified,Conservative,Agent,1
497,Arjun Bhatt,arjun.bhatt497@mailbox.com,9155110313,Kanpur,Uttar Pradesh,India,2023-01-06,Elite,Verified,Moderate,Agent,1
498,Myra Kapoor,myra.kapoor498@mailbox.com,9486728743,Bengaluru,Karnataka,India,2023-11-03,Basic,Verified,Aggressive,Agent,1
499,Varun Yadav,varun.yadav499@mailbox.com,9699154012,Surat,Gujarat,India,2024-08-29,Pro,Verified,Aggressive,Website,1
500,Anika Sharma,anika.sharma500@mailbox.com,9519604885,Chandigarh,Chandigarh,India,2025-05-14,Basic,Verified,Conservative,Agent,1
501,Arjun Tiwari,arjun.tiwari501@mailbox.com,9765547336,Delhi,Delhi,India,2024-04-18,Basic,Verified,Moderate,Agent,1
502,Priya Reddy,priya.reddy502@mailbox.com,9872740144,Lucknow,Uttar Pradesh,India,2025-07-01,Premium,Pending,Moderate,Website,1
503,Yash Verma,yash.verma503@mailbox.com,9481613207,Surat,Gujarat,India,2025-04-27,Basic,Verified,Aggressive,Social Media,1
504,Deepak Saxena,deepak.saxena504@mailbox.com,9347012637,Delhi,Delhi,India,2023-10-12,Premium,Verified,Aggressive,App Store,1
505,Ananya Nair,ananya.nair505@mailbox.com,9624787849,Ahmedabad,Gujarat,India,2023-07-27,Basic,Pending,Conservative,Social Media,1
506,Riya Jain,riya.jain506@mailbox.com,9881634645,Kolkata,West Bengal,India,2025-08-19,Premium,Pending,Conservative,Agent,1
507,Amit Singh,amit.singh507@mailbox.com,9988634346,Mumbai,Maharashtra,India,2024-09-19,Basic,Verified,Moderate,Referral,1
508,Karan Gupta,karan.gupta508@mailbox.com,9833989286,Chandigarh,Chandigarh,India,2025-06-22,Pro,Verified,Moderate,Google Ads,1
509,Ananya Menon,ananya.menon509@mailbox.com,9284756450,Jaipur,Rajasthan,India,2025-09-09,Premium,Verified,Aggressive,Website,0
510,Karan Mishra,karan.mishra510@mailbox.com,9615679923,Patna,Bihar,India,2024-03-28,Premium,Verified,Aggressive,App Store,1
511,Aryan Chopra,aryan.chopra511@mailbox.com,9649864371,Nagpur,Maharashtra,India,2023-02-18,Basic,Verified,Conservative,Agent,1
512,Divya Bhatt,divya.bhatt512@mailbox.com,9930997415,Kochi,Kerala,India,2025-08-26,Premium,Verified,Moderate,YouTube,1
513,Anil Pandey,anil.pandey513@mailbox.com,9594196475,Vadodara,Gujarat,India,2024-09-13,Premium,Verified,Moderate,Social Media,1
514,Manoj Mishra,manoj.mishra514@mailbox.com,9882216601,Indore,Madhya Pradesh,India,2023-05-09,Basic,Verified,Moderate,App Store,1
515,Yash Nair,yash.nair515@mailbox.com,9495249852,Ahmedabad,Gujarat,India,2024-07-18,Premium,Verified,Conservative,Google Ads,1
516,Arjun Choudhary,arjun.choudhary516@mailbox.com,9221768795,Jaipur,Rajasthan,India,2023-01-30,Basic,Verified,Aggressive,App Store,1
517,Kiran Nair,kiran.nair517@mailbox.com,9557101019,Chandigarh,Chandigarh,India,2023-11-05,Basic,Verified,Conservative,Social Media,1
518,Aditya Choudhary,aditya.choudhary518@mailbox.com,9483676420,Jaipur,Rajasthan,India,2024-01-06,Premium,Verified,Aggressive,Referral,1
519,Zara Menon,zara.menon519@mailbox.com,9210713523,Kanpur,Uttar Pradesh,India,2024-04-28,Basic,Verified,Aggressive,Agent,1
520,Vikram Nair,vikram.nair520@mailbox.com,9290448014,Hyderabad,Telangana,India,2024-08-25,Basic,Verified,Aggressive,Agent,1
521,Myra Malhotra,myra.malhotra521@mailbox.com,9732888278,Vadodara,Gujarat,India,2025-06-12,Premium,Verified,Conservative,Social Media,1
522,Reyansh Desai,reyansh.desai522@mailbox.com,9262529145,Surat,Gujarat,India,2024-01-10,Premium,Verified,Moderate,YouTube,1
523,Kabir Trivedi,kabir.trivedi523@mailbox.com,9218896625,Pune,Maharashtra,India,2025-02-22,Basic,Verified,Conservative,Social Media,0
524,Manoj Pandey,manoj.pandey524@mailbox.com,9151793380,Nagpur,Maharashtra,India,2025-09-30,Basic,Verified,Moderate,App Store,1
525,Isha Pillai,isha.pillai525@mailbox.com,9123912903,Jaipur,Rajasthan,India,2025-03-08,Basic,Verified,Aggressive,YouTube,1
526,Isha Singh,isha.singh526@mailbox.com,9490972288,Hyderabad,Telangana,India,2023-09-29,Premium,Verified,Moderate,Referral,1
527,Nikhil Menon,nikhil.menon527@mailbox.com,9539678046,Kochi,Kerala,India,2024-12-22,Premium,Pending,Conservative,YouTube,0
528,Reyansh Joshi,reyansh.joshi528@mailbox.com,9661897237,Kochi,Kerala,India,2023-10-27,Premium,Verified,Conservative,Agent,1
529,Nikhil Sharma,nikhil.sharma529@mailbox.com,9615200744,Chandigarh,Chandigarh,India,2024-05-23,Pro,Verified,Conservative,YouTube,1
530,Nikhil Gupta,nikhil.gupta530@mailbox.com,9583112615,Ahmedabad,Gujarat,India,2024-11-07,Elite,Verified,Moderate,Website,1
531,Vikram Menon,vikram.menon531@mailbox.com,9324972689,Kolkata,West Bengal,India,2023-11-09,Basic,Verified,Moderate,Website,1
532,Ishaan Tiwari,ishaan.tiwari532@mailbox.com,9741094114,Mumbai,Maharashtra,India,2023-01-05,Basic,Verified,Aggressive,Google Ads,1
533,Ishaan Nair,ishaan.nair533@mailbox.com,9171650960,Bhopal,Madhya Pradesh,India,2025-06-10,Basic,Verified,Conservative,Google Ads,1
534,Diya Malhotra,diya.malhotra534@mailbox.com,9863731287,Pune,Maharashtra,India,2025-02-13,Basic,Verified,Conservative,Referral,1
535,Vikram Gupta,vikram.gupta535@mailbox.com,9426399411,Kochi,Kerala,India,2023-05-12,Basic,Verified,Conservative,Referral,1
536,Ishaan Choudhary,ishaan.choudhary536@mailbox.com,9411749234,Kochi,Kerala,India,2024-02-07,Pro,Verified,Aggressive,Website,1
537,Riya Verma,riya.verma537@mailbox.com,9221663321,Bengaluru,Karnataka,India,2023-10-06,Basic,Verified,Conservative,YouTube,1
538,Arjun Jain,arjun.jain538@mailbox.com,9558023213,Coimbatore,Tamil Nadu,India,2025-11-07,Basic,Verified,Aggressive,App Store,1
539,Amit Shah,amit.shah539@mailbox.com,9459639366,Bengaluru,Karnataka,India,2025-09-30,Premium,Verified,Moderate,Website,1
540,Aarav Yadav,aarav.yadav540@mailbox.com,9976842090,Lucknow,Uttar Pradesh,India,2025-01-06,Elite,Verified,Conservative,Agent,1
541,Meera Mehta,meera.mehta541@mailbox.com,9260213336,Lucknow,Uttar Pradesh,India,2024-04-14,Basic,Verified,Moderate,Social Media,1
542,Aditya Kumar,aditya.kumar542@mailbox.com,9475649696,Vadodara,Gujarat,India,2023-02-25,Pro,Verified,Conservative,Google Ads,1
543,Kabir Mehta,kabir.mehta543@mailbox.com,9910167776,Surat,Gujarat,India,2023-09-20,Pro,Verified,Aggressive,Social Media,1
544,Ishaan Bhatt,ishaan.bhatt544@mailbox.com,9826561381,Kochi,Kerala,India,2023-04-09,Basic,Pending,Aggressive,Agent,1
545,Anil Reddy,anil.reddy545@mailbox.com,9788053562,Nagpur,Maharashtra,India,2025-04-20,Premium,Verified,Conservative,YouTube,1
546,Aditya Mishra,aditya.mishra546@mailbox.com,9573390205,Chandigarh,Chandigarh,India,2023-04-04,Basic,Verified,Conservative,Website,1
547,Anika Kumar,anika.kumar547@mailbox.com,9301565665,Kochi,Kerala,India,2024-12-22,Basic,Verified,Moderate,Social Media,1
548,Vikram Verma,vikram.verma548@mailbox.com,9828667779,Kochi,Kerala,India,2025-10-11,Basic,Verified,Aggressive,Website,1
549,Rahul Reddy,rahul.reddy549@mailbox.com,9622376772,Jaipur,Rajasthan,India,2023-11-24,Basic,Pending,Moderate,Website,1
550,Sneha Trivedi,sneha.trivedi550@mailbox.com,9296255825,Ahmedabad,Gujarat,India,2024-12-29,Premium,Verified,Conservative,Agent,1
551,Manoj Pillai,manoj.pillai551@mailbox.com,9569468221,Vadodara,Gujarat,India,2025-07-25,Pro,Verified,Conservative,Google Ads,1
552,Sara Agarwal,sara.agarwal552@mailbox.com,9102724290,Patna,Bihar,India,2024-03-31,Basic,Verified,Conservative,App Store,1
553,Anil Desai,anil.desai553@mailbox.com,9743247565,Coimbatore,Tamil Nadu,India,2024-04-23,Premium,Verified,Aggressive,Referral,1
554,Isha Desai,isha.desai554@mailbox.com,9312306413,Nagpur,Maharashtra,India,2023-08-02,Basic,Verified,Conservative,Google Ads,1
555,Aryan Iyer,aryan.iyer555@mailbox.com,9450298084,Coimbatore,Tamil Nadu,India,2024-03-31,Basic,Verified,Aggressive,Website,1
556,Rahul Nair,rahul.nair556@mailbox.com,9273829448,Bhopal,Madhya Pradesh,India,2025-07-19,Premium,Verified,Conservative,Social Media,1
557,Divya Singh,divya.singh557@mailbox.com,9518849970,Bhopal,Madhya Pradesh,India,2024-12-07,Basic,Verified,Aggressive,YouTube,1
558,Kiran Rao,kiran.rao558@mailbox.com,9899737212,Hyderabad,Telangana,India,2023-08-03,Pro,Verified,Aggressive,Agent,1
559,Suresh Nair,suresh.nair559@mailbox.com,9783454576,Nagpur,Maharashtra,India,2024-07-14,Basic,Verified,Aggressive,Google Ads,0
560,Deepak Kumar,deepak.kumar560@mailbox.com,9449067765,Bhopal,Madhya Pradesh,India,2025-01-22,Pro,Pending,Conservative,Agent,1
561,Amit Kapoor,amit.kapoor561@mailbox.com,9151873657,Patna,Bihar,India,2023-03-24,Basic,Verified,Conservative,Agent,1
562,Vivaan Singh,vivaan.singh562@mailbox.com,9860668863,Vadodara,Gujarat,India,2025-03-23,Basic,Verified,Conservative,Referral,1
563,Zara Bhatt,zara.bhatt563@mailbox.com,9727238472,Pune,Maharashtra,India,2023-08-03,Pro,Rejected,Moderate,App Store,1
564,Kabir Singh,kabir.singh564@mailbox.com,9600051717,Pune,Maharashtra,India,2023-11-10,Premium,Verified,Aggressive,Agent,1
565,Kiran Gupta,kiran.gupta565@mailbox.com,9644174522,Vadodara,Gujarat,India,2024-03-19,Basic,Verified,Aggressive,Google Ads,1
566,Karan Desai,karan.desai566@mailbox.com,9106853233,Vadodara,Gujarat,India,2024-06-21,Pro,Verified,Aggressive,Google Ads,1
567,Karan Reddy,karan.reddy567@mailbox.com,9526465373,Hyderabad,Telangana,India,2025-09-02,Basic,Verified,Conservative,Social Media,0
568,Karan Agarwal,karan.agarwal568@mailbox.com,9269863041,Ahmedabad,Gujarat,India,2023-08-26,Basic,Pending,Moderate,App Store,1
569,Pooja Joshi,pooja.joshi569@mailbox.com,9938150239,Coimbatore,Tamil Nadu,India,2023-09-30,Basic,Verified,Aggressive,Referral,0
570,Sanjay Reddy,sanjay.reddy570@mailbox.com,9577735274,Hyderabad,Telangana,India,2024-02-08,Premium,Verified,Aggressive,Google Ads,1
571,Varun Trivedi,varun.trivedi571@mailbox.com,9643756100,Patna,Bihar,India,2025-07-01,Premium,Verified,Conservative,App Store,0
572,Aadhya Choudhary,aadhya.choudhary572@mailbox.com,9700708461,Bengaluru,Karnataka,India,2025-10-24,Pro,Verified,Conservative,YouTube,1
573,Diya Rao,diya.rao573@mailbox.com,9936592171,Hyderabad,Telangana,India,2024-04-29,Premium,Pending,Conservative,Google Ads,1
574,Vivaan Choudhary,vivaan.choudhary574@mailbox.com,9134367663,Patna,Bihar,India,2025-01-08,Basic,Verified,Aggressive,Social Media,1
575,Aarav Saxena,aarav.saxena575@mailbox.com,9379108017,Indore,Madhya Pradesh,India,2025-09-03,Basic,Verified,Moderate,Agent,1
576,Myra Iyer,myra.iyer576@mailbox.com,9341525058,Nagpur,Maharashtra,India,2025-06-20,Basic,Verified,Aggressive,Social Media,1
577,Varun Menon,varun.menon577@mailbox.com,9744906139,Kochi,Kerala,India,2024-12-26,Premium,Verified,Aggressive,Referral,1
578,Rahul Tiwari,rahul.tiwari578@mailbox.com,9503111622,Pune,Maharashtra,India,2024-07-29,Basic,Verified,Aggressive,Agent,1
579,Kiran Malhotra,kiran.malhotra579@mailbox.com,9525168633,Kanpur,Uttar Pradesh,India,2025-11-14,Premium,Verified,Moderate,Website,1
580,Arjun Bansal,arjun.bansal580@mailbox.com,9978129641,Indore,Madhya Pradesh,India,2023-09-12,Premium,Verified,Moderate,App Store,1
581,Vihaan Iyer,vihaan.iyer581@mailbox.com,9790282729,Bhopal,Madhya Pradesh,India,2024-01-22,Pro,Pending,Conservative,Agent,1
582,Anil Jain,anil.jain582@mailbox.com,9116358834,Pune,Maharashtra,India,2025-01-29,Basic,Pending,Aggressive,App Store,1
583,Arjun Saxena,arjun.saxena583@mailbox.com,9989613304,Indore,Madhya Pradesh,India,2023-01-23,Basic,Verified,Aggressive,Agent,1
584,Aditya Gupta,aditya.gupta584@mailbox.com,9957013492,Jaipur,Rajasthan,India,2024-06-17,Pro,Verified,Moderate,App Store,1
585,Aadhya Malhotra,aadhya.malhotra585@mailbox.com,9452431195,Kanpur,Uttar Pradesh,India,2025-06-28,Premium,Verified,Moderate,App Store,1
586,Nikhil Trivedi,nikhil.trivedi586@mailbox.com,9973509950,Kochi,Kerala,India,2023-07-08,Premium,Verified,Aggressive,App Store,1
587,Sneha Reddy,sneha.reddy587@mailbox.com,9521450418,Ahmedabad,Gujarat,India,2025-05-05,Premium,Verified,Moderate,Agent,1
588,Vihaan Yadav,vihaan.yadav588@mailbox.com,9590241625,Surat,Gujarat,India,2024-03-15,Pro,Verified,Aggressive,Social Media,0
589,Anil Shah,anil.shah589@mailbox.com,9126684454,Coimbatore,Tamil Nadu,India,2025-07-05,Basic,Verified,Conservative,Website,1
590,Anil Jain,anil.jain590@mailbox.com,9699713553,Patna,Bihar,India,2024-11-07,Pro,Verified,Conservative,Google Ads,1
591,Manoj Gupta,manoj.gupta591@mailbox.com,9423440098,Vadodara,Gujarat,India,2023-06-17,Basic,Verified,Aggressive,App Store,1
592,Nikhil Menon,nikhil.menon592@mailbox.com,9376086833,Nagpur,Maharashtra,India,2025-02-22,Elite,Verified,Aggressive,Agent,1
593,Karan Nair,karan.nair593@mailbox.com,9845625330,Kolkata,West Bengal,India,2023-03-01,Basic,Verified,Conservative,Agent,0
594,Aryan Pillai,aryan.pillai594@mailbox.com,9503806533,Vadodara,Gujarat,India,2023-09-17,Basic,Verified,Aggressive,Agent,0
595,Isha Jain,isha.jain595@mailbox.com,9337612213,Indore,Madhya Pradesh,India,2025-08-04,Basic,Verified,Conservative,App Store,1
596,Manoj Agarwal,manoj.agarwal596@mailbox.com,9437339340,Chennai,Tamil Nadu,India,2025-07-21,Pro,Verified,Aggressive,YouTube,1
597,Vikram Iyer,vikram.iyer597@mailbox.com,9543017246,Pune,Maharashtra,India,2023-02-19,Elite,Verified,Conservative,Social Media,1
598,Suresh Choudhary,suresh.choudhary598@mailbox.com,9333549575,Kolkata,West Bengal,India,2024-02-09,Basic,Verified,Moderate,Google Ads,1
599,Pooja Trivedi,pooja.trivedi599@mailbox.com,9604157048,Chandigarh,Chandigarh,India,2023-04-11,Basic,Verified,Aggressive,Google Ads,1
600,Pooja Bhatt,pooja.bhatt600@mailbox.com,9875101171,Delhi,Delhi,India,2023-10-16,Basic,Verified,Aggressive,Social Media,0
601,Neha Agarwal,neha.agarwal601@mailbox.com,9308205092,Bhopal,Madhya Pradesh,India,2025-10-27,Basic,Verified,Moderate,Website,1
602,Suresh Yadav,suresh.yadav602@mailbox.com,9524471802,Nagpur,Maharashtra,India,2023-07-27,Pro,Verified,Conservative,App Store,1
603,Divya Sharma,divya.sharma603@mailbox.com,9589332194,Delhi,Delhi,India,2024-11-14,Basic,Verified,Aggressive,Social Media,1
604,Reyansh Kapoor,reyansh.kapoor604@mailbox.com,9780784821,Indore,Madhya Pradesh,India,2025-05-06,Elite,Verified,Aggressive,Google Ads,1
605,Anil Pillai,anil.pillai605@mailbox.com,9383548035,Patna,Bihar,India,2025-07-27,Pro,Verified,Moderate,YouTube,1
606,Amit Verma,amit.verma606@mailbox.com,9693388572,Bhopal,Madhya Pradesh,India,2024-01-13,Basic,Verified,Conservative,Website,1
607,Isha Malhotra,isha.malhotra607@mailbox.com,9706729127,Kanpur,Uttar Pradesh,India,2025-01-12,Premium,Verified,Aggressive,Referral,1
608,Rahul Menon,rahul.menon608@mailbox.com,9906675969,Pune,Maharashtra,India,2024-05-29,Elite,Verified,Moderate,Referral,1
609,Yash Pillai,yash.pillai609@mailbox.com,9738497403,Hyderabad,Telangana,India,2023-04-25,Pro,Verified,Moderate,Agent,0
610,Deepak Singh,deepak.singh610@mailbox.com,9490277966,Mumbai,Maharashtra,India,2023-08-26,Premium,Verified,Conservative,Website,1
611,Anil Mehta,anil.mehta611@mailbox.com,9840969813,Ahmedabad,Gujarat,India,2025-03-07,Basic,Verified,Aggressive,Referral,1
612,Riya Rao,riya.rao612@mailbox.com,9578990240,Indore,Madhya Pradesh,India,2024-12-31,Basic,Verified,Aggressive,Agent,1
613,Suresh Desai,suresh.desai613@mailbox.com,9586650304,Mumbai,Maharashtra,India,2024-07-08,Pro,Verified,Conservative,Website,1
614,Sara Joshi,sara.joshi614@mailbox.com,9866908758,Vadodara,Gujarat,India,2025-04-11,Basic,Verified,Moderate,App Store,1
615,Sneha Menon,sneha.menon615@mailbox.com,9801782964,Nagpur,Maharashtra,India,2025-01-06,Premium,Verified,Moderate,Website,1
616,Pooja Saxena,pooja.saxena616@mailbox.com,9711676756,Kolkata,West Bengal,India,2023-12-28,Premium,Verified,Aggressive,YouTube,1
617,Karan Bhatt,karan.bhatt617@mailbox.com,9576129539,Vadodara,Gujarat,India,2023-11-10,Basic,Verified,Moderate,YouTube,0
618,Ananya Patel,ananya.patel618@mailbox.com,9169406274,Hyderabad,Telangana,India,2025-10-03,Basic,Verified,Aggressive,App Store,0
619,Aditya Pandey,aditya.pandey619@mailbox.com,9789158180,Vadodara,Gujarat,India,2025-11-01,Basic,Verified,Aggressive,YouTube,1
620,Reyansh Kumar,reyansh.kumar620@mailbox.com,9297059519,Kolkata,West Bengal,India,2023-02-02,Pro,Verified,Moderate,YouTube,1
621,Anika Sharma,anika.sharma621@mailbox.com,9812941774,Ahmedabad,Gujarat,India,2025-04-22,Basic,Verified,Moderate,Google Ads,1
622,Zara Verma,zara.verma622@mailbox.com,9427270077,Jaipur,Rajasthan,India,2023-05-22,Basic,Verified,Aggressive,Website,1
623,Ishaan Reddy,ishaan.reddy623@mailbox.com,9491563129,Vadodara,Gujarat,India,2025-07-06,Elite,Verified,Moderate,Agent,1
624,Aadhya Mishra,aadhya.mishra624@mailbox.com,9122966915,Kolkata,West Bengal,India,2024-09-19,Premium,Verified,Aggressive,App Store,0
625,Neha Reddy,neha.reddy625@mailbox.com,9548239750,Vadodara,Gujarat,India,2025-01-02,Premium,Verified,Conservative,Agent,1
626,Karan Choudhary,karan.choudhary626@mailbox.com,9988657225,Pune,Maharashtra,India,2025-01-16,Pro,Verified,Moderate,Referral,1
627,Kavya Chopra,kavya.chopra627@mailbox.com,9311655236,Kolkata,West Bengal,India,2024-10-06,Basic,Verified,Moderate,Referral,1
628,Myra Verma,myra.verma628@mailbox.com,9823346550,Indore,Madhya Pradesh,India,2023-09-24,Elite,Verified,Moderate,Google Ads,1
629,Rahul Malhotra,rahul.malhotra629@mailbox.com,9117597474,Surat,Gujarat,India,2025-05-09,Pro,Pending,Aggressive,Social Media,1
630,Myra Sharma,myra.sharma630@mailbox.com,9200235348,Pune,Maharashtra,India,2024-08-13,Basic,Verified,Conservative,Agent,1
631,Divya Kapoor,divya.kapoor631@mailbox.com,9320051673,Bengaluru,Karnataka,India,2024-08-03,Basic,Verified,Aggressive,Agent,0
632,Kavya Iyer,kavya.iyer632@mailbox.com,9364921990,Ahmedabad,Gujarat,India,2023-12-06,Basic,Verified,Conservative,Google Ads,1
633,Anika Nair,anika.nair633@mailbox.com,9753328021,Kanpur,Uttar Pradesh,India,2023-01-11,Premium,Verified,Moderate,Agent,1
634,Sara Mehta,sara.mehta634@mailbox.com,9901736777,Mumbai,Maharashtra,India,2024-08-13,Premium,Rejected,Moderate,Agent,1
635,Kabir Trivedi,kabir.trivedi635@mailbox.com,9798239827,Delhi,Delhi,India,2024-01-03,Premium,Verified,Conservative,App Store,1
636,Sneha Menon,sneha.menon636@mailbox.com,9765880472,Coimbatore,Tamil Nadu,India,2024-12-03,Elite,Verified,Moderate,Referral,1
637,Karan Rao,karan.rao637@mailbox.com,9608940057,Mumbai,Maharashtra,India,2024-01-24,Premium,Verified,Aggressive,App Store,1
638,Diya Malhotra,diya.malhotra638@mailbox.com,9434062241,Jaipur,Rajasthan,India,2025-11-02,Pro,Verified,Moderate,YouTube,1
639,Suresh Singh,suresh.singh639@mailbox.com,9329541758,Patna,Bihar,India,2024-12-26,Premium,Verified,Moderate,Social Media,1
640,Varun Pandey,varun.pandey640@mailbox.com,9951210299,Pune,Maharashtra,India,2024-04-30,Premium,Verified,Aggressive,Google Ads,1
641,Priya Trivedi,priya.trivedi641@mailbox.com,9569567704,Lucknow,Uttar Pradesh,India,2025-01-24,Basic,Verified,Aggressive,YouTube,1
642,Nikhil Mehta,nikhil.mehta642@mailbox.com,9607904641,Delhi,Delhi,India,2024-11-21,Premium,Verified,Conservative,Website,1
643,Deepak Choudhary,deepak.choudhary643@mailbox.com,9113461800,Patna,Bihar,India,2024-10-22,Premium,Verified,Aggressive,YouTube,1
644,Zara Choudhary,zara.choudhary644@mailbox.com,9512185292,Indore,Madhya Pradesh,India,2024-09-07,Basic,Verified,Aggressive,Agent,1
645,Rajesh Pillai,rajesh.pillai645@mailbox.com,9713620847,Kochi,Kerala,India,2025-09-19,Pro,Verified,Aggressive,YouTube,1
646,Kavya Verma,kavya.verma646@mailbox.com,9545611592,Kochi,Kerala,India,2023-12-05,Premium,Verified,Aggressive,Google Ads,1
647,Riya Mishra,riya.mishra647@mailbox.com,9828735495,Ahmedabad,Gujarat,India,2024-04-05,Basic,Verified,Conservative,Google Ads,1
648,Amit Tiwari,amit.tiwari648@mailbox.com,9119616885,Mumbai,Maharashtra,India,2023-09-27,Pro,Verified,Aggressive,App Store,1
649,Yash Yadav,yash.yadav649@mailbox.com,9913952004,Pune,Maharashtra,India,2024-08-29,Basic,Verified,Aggressive,Referral,1
650,Anil Yadav,anil.yadav650@mailbox.com,9835310469,Bengaluru,Karnataka,India,2025-11-18,Premium,Verified,Moderate,Social Media,1
651,Zara Pandey,zara.pandey651@mailbox.com,9477916501,Kanpur,Uttar Pradesh,India,2024-10-09,Premium,Pending,Conservative,Social Media,1
652,Priya Trivedi,priya.trivedi652@mailbox.com,9787083880,Bengaluru,Karnataka,India,2023-08-09,Basic,Verified,Conservative,Website,1
653,Rohan Verma,rohan.verma653@mailbox.com,9159876848,Coimbatore,Tamil Nadu,India,2025-09-08,Basic,Verified,Conservative,Agent,1
654,Manoj Malhotra,manoj.malhotra654@mailbox.com,9377401370,Indore,Madhya Pradesh,India,2025-04-21,Basic,Verified,Aggressive,Agent,1
655,Sanjay Rao,sanjay.rao655@mailbox.com,9196994893,Kolkata,West Bengal,India,2024-04-13,Basic,Verified,Conservative,Social Media,1
656,Amit Reddy,amit.reddy656@mailbox.com,9671838984,Coimbatore,Tamil Nadu,India,2023-06-06,Premium,Verified,Aggressive,Google Ads,1
657,Rajesh Shah,rajesh.shah657@mailbox.com,9870564584,Patna,Bihar,India,2024-03-04,Basic,Verified,Conservative,Social Media,1
658,Pooja Shah,pooja.shah658@mailbox.com,9641343666,Jaipur,Rajasthan,India,2025-05-06,Elite,Verified,Aggressive,YouTube,1
659,Aditya Nair,aditya.nair659@mailbox.com,9740400593,Bengaluru,Karnataka,India,2024-09-06,Basic,Rejected,Conservative,Agent,1
660,Diya Trivedi,diya.trivedi660@mailbox.com,9940616005,Pune,Maharashtra,India,2023-07-17,Basic,Pending,Conservative,YouTube,1
661,Kabir Singh,kabir.singh661@mailbox.com,9273933370,Nagpur,Maharashtra,India,2023-06-18,Pro,Verified,Conservative,Social Media,1
662,Divya Reddy,divya.reddy662@mailbox.com,9573703618,Patna,Bihar,India,2025-10-27,Premium,Verified,Moderate,Agent,1
663,Vivaan Jain,vivaan.jain663@mailbox.com,9714885521,Kolkata,West Bengal,India,2024-04-21,Premium,Verified,Aggressive,Referral,1
664,Rohan Malhotra,rohan.malhotra664@mailbox.com,9870982570,Bhopal,Madhya Pradesh,India,2024-12-31,Premium,Verified,Moderate,App Store,1
665,Vikram Iyer,vikram.iyer665@mailbox.com,9940196480,Kolkata,West Bengal,India,2024-01-20,Pro,Verified,Moderate,Agent,0
666,Sneha Malhotra,sneha.malhotra666@mailbox.com,9638848834,Chennai,Tamil Nadu,India,2023-04-06,Basic,Verified,Moderate,App Store,1
667,Rahul Reddy,rahul.reddy667@mailbox.com,9618655887,Jaipur,Rajasthan,India,2024-03-14,Basic,Verified,Moderate,Website,1
668,Deepak Shah,deepak.shah668@mailbox.com,9475419698,Hyderabad,Telangana,India,2025-01-08,Elite,Verified,Aggressive,YouTube,1
669,Nikhil Trivedi,nikhil.trivedi669@mailbox.com,9611031830,Jaipur,Rajasthan,India,2023-12-22,Basic,Verified,Conservative,App Store,1
670,Reyansh Choudhary,reyansh.choudhary670@mailbox.com,9707358675,Ahmedabad,Gujarat,India,2024-10-04,Premium,Verified,Conservative,Agent,1
671,Yash Agarwal,yash.agarwal671@mailbox.com,9682013524,Kolkata,West Bengal,India,2024-04-11,Premium,Verified,Conservative,YouTube,0
672,Neha Desai,neha.desai672@mailbox.com,9633101096,Patna,Bihar,India,2023-12-26,Premium,Verified,Conservative,Website,1
673,Pooja Tiwari,pooja.tiwari673@mailbox.com,9496520469,Pune,Maharashtra,India,2023-09-29,Pro,Verified,Conservative,Website,1
674,Vihaan Desai,vihaan.desai674@mailbox.com,9276184705,Surat,Gujarat,India,2023-10-05,Elite,Verified,Conservative,YouTube,1
675,Neha Kapoor,neha.kapoor675@mailbox.com,9478694361,Bhopal,Madhya Pradesh,India,2023-09-30,Basic,Verified,Conservative,Agent,1
676,Divya Mehta,divya.mehta676@mailbox.com,9456853461,Surat,Gujarat,India,2025-02-04,Premium,Verified,Conservative,App Store,1
677,Vikram Nair,vikram.nair677@mailbox.com,9647251053,Kolkata,West Bengal,India,2023-12-26,Premium,Verified,Moderate,Agent,1
678,Vihaan Bansal,vihaan.bansal678@mailbox.com,9731387213,Chandigarh,Chandigarh,India,2025-02-28,Basic,Verified,Conservative,Agent,0
679,Rahul Pillai,rahul.pillai679@mailbox.com,9824452119,Chennai,Tamil Nadu,India,2023-11-28,Pro,Verified,Moderate,Google Ads,1
680,Varun Verma,varun.verma680@mailbox.com,9620298755,Kolkata,West Bengal,India,2023-12-15,Premium,Verified,Conservative,Website,1
681,Meera Patel,meera.patel681@mailbox.com,9934681210,Kochi,Kerala,India,2025-09-11,Basic,Verified,Aggressive,Agent,1
682,Reyansh Bhatt,reyansh.bhatt682@mailbox.com,9945589242,Pune,Maharashtra,India,2025-07-22,Pro,Verified,Moderate,Agent,1
683,Yash Bansal,yash.bansal683@mailbox.com,9237548426,Surat,Gujarat,India,2024-03-02,Elite,Verified,Moderate,YouTube,1
684,Yash Chopra,yash.chopra684@mailbox.com,9675357933,Mumbai,Maharashtra,India,2023-10-14,Basic,Verified,Aggressive,Agent,1
685,Ishaan Iyer,ishaan.iyer685@mailbox.com,9555361980,Indore,Madhya Pradesh,India,2025-02-01,Pro,Verified,Aggressive,App Store,1
686,Manoj Malhotra,manoj.malhotra686@mailbox.com,9974816519,Kochi,Kerala,India,2023-03-16,Basic,Verified,Aggressive,Social Media,0
687,Aadhya Trivedi,aadhya.trivedi687@mailbox.com,9626255338,Bhopal,Madhya Pradesh,India,2024-05-01,Basic,Verified,Moderate,Google Ads,0
688,Vikram Rao,vikram.rao688@mailbox.com,9114351873,Nagpur,Maharashtra,India,2024-09-30,Basic,Verified,Moderate,App Store,1
689,Anika Trivedi,anika.trivedi689@mailbox.com,9288932958,Chandigarh,Chandigarh,India,2024-12-20,Pro,Verified,Moderate,Google Ads,1
690,Suresh Reddy,suresh.reddy690@mailbox.com,9216569340,Kolkata,West Bengal,India,2023-04-25,Basic,Rejected,Conservative,YouTube,1
691,Aryan Bansal,aryan.bansal691@mailbox.com,9186226030,Ahmedabad,Gujarat,India,2023-01-04,Basic,Verified,Moderate,Website,1
692,Suresh Menon,suresh.menon692@mailbox.com,9803829638,Delhi,Delhi,India,2023-10-22,Premium,Verified,Aggressive,Agent,1
693,Varun Mishra,varun.mishra693@mailbox.com,9544719154,Surat,Gujarat,India,2023-05-07,Basic,Verified,Conservative,Social Media,1
694,Varun Reddy,varun.reddy694@mailbox.com,9704666724,Bhopal,Madhya Pradesh,India,2024-06-24,Basic,Verified,Moderate,Referral,0
695,Vihaan Menon,vihaan.menon695@mailbox.com,9999918348,Patna,Bihar,India,2025-09-06,Basic,Verified,Conservative,Social Media,1
696,Ananya Verma,ananya.verma696@mailbox.com,9682468782,Bhopal,Madhya Pradesh,India,2023-11-01,Pro,Verified,Conservative,YouTube,1
697,Meera Gupta,meera.gupta697@mailbox.com,9531301114,Bengaluru,Karnataka,India,2024-04-28,Premium,Verified,Conservative,Referral,1
698,Vikram Bhatt,vikram.bhatt698@mailbox.com,9340288711,Surat,Gujarat,India,2023-08-17,Pro,Verified,Moderate,Referral,1
699,Aditya Saxena,aditya.saxena699@mailbox.com,9781214123,Patna,Bihar,India,2023-02-16,Basic,Verified,Conservative,Agent,1
700,Vihaan Bansal,vihaan.bansal700@mailbox.com,9120762957,Chennai,Tamil Nadu,India,2025-01-18,Premium,Verified,Aggressive,Referral,1
701,Rahul Pillai,rahul.pillai701@mailbox.com,9246820451,Lucknow,Uttar Pradesh,India,2023-10-01,Pro,Verified,Moderate,YouTube,0
702,Neha Bansal,neha.bansal702@mailbox.com,9216951447,Coimbatore,Tamil Nadu,India,2024-08-05,Basic,Verified,Moderate,YouTube,1
703,Ishaan Mehta,ishaan.mehta703@mailbox.com,9566425775,Jaipur,Rajasthan,India,2024-12-28,Basic,Verified,Moderate,App Store,1
704,Ishaan Chopra,ishaan.chopra704@mailbox.com,9378705047,Patna,Bihar,India,2025-06-13,Basic,Verified,Aggressive,Website,1
705,Reyansh Joshi,reyansh.joshi705@mailbox.com,9646128505,Kanpur,Uttar Pradesh,India,2023-07-17,Basic,Verified,Conservative,App Store,1
706,Sanjay Shah,sanjay.shah706@mailbox.com,9995879075,Surat,Gujarat,India,2024-09-11,Basic,Verified,Conservative,YouTube,1
707,Aarav Chopra,aarav.chopra707@mailbox.com,9524336250,Indore,Madhya Pradesh,India,2025-08-27,Elite,Verified,Moderate,App Store,0
708,Sanjay Joshi,sanjay.joshi708@mailbox.com,9703453896,Surat,Gujarat,India,2024-05-29,Premium,Verified,Conservative,YouTube,1
709,Zara Iyer,zara.iyer709@mailbox.com,9175207740,Patna,Bihar,India,2023-02-13,Premium,Verified,Moderate,Agent,0
710,Riya Trivedi,riya.trivedi710@mailbox.com,9950898270,Coimbatore,Tamil Nadu,India,2023-10-06,Basic,Verified,Conservative,Social Media,1
711,Sneha Mehta,sneha.mehta711@mailbox.com,9116058112,Kolkata,West Bengal,India,2025-04-26,Premium,Verified,Aggressive,Google Ads,0
712,Rahul Tiwari,rahul.tiwari712@mailbox.com,9752732085,Coimbatore,Tamil Nadu,India,2025-04-23,Premium,Verified,Aggressive,Google Ads,1
713,Divya Malhotra,divya.malhotra713@mailbox.com,9972763360,Indore,Madhya Pradesh,India,2023-12-01,Elite,Verified,Conservative,Social Media,1
714,Rajesh Desai,rajesh.desai714@mailbox.com,9254356063,Nagpur,Maharashtra,India,2023-07-29,Basic,Verified,Moderate,Agent,1
715,Nikhil Tiwari,nikhil.tiwari715@mailbox.com,9694911703,Pune,Maharashtra,India,2023-11-07,Pro,Verified,Conservative,YouTube,1
716,Suresh Chopra,suresh.chopra716@mailbox.com,9269031131,Jaipur,Rajasthan,India,2023-09-15,Basic,Verified,Moderate,Social Media,1
717,Rahul Patel,rahul.patel717@mailbox.com,9145245719,Surat,Gujarat,India,2025-02-28,Premium,Verified,Moderate,Google Ads,1
718,Zara Trivedi,zara.trivedi718@mailbox.com,9481426499,Ahmedabad,Gujarat,India,2025-06-15,Pro,Verified,Aggressive,Social Media,1
719,Karan Sharma,karan.sharma719@mailbox.com,9618960942,Kolkata,West Bengal,India,2023-02-19,Premium,Verified,Conservative,Agent,1
720,Vikram Malhotra,vikram.malhotra720@mailbox.com,9337654529,Chandigarh,Chandigarh,India,2025-02-28,Premium,Verified,Moderate,Social Media,1
721,Reyansh Yadav,reyansh.yadav721@mailbox.com,9975761105,Jaipur,Rajasthan,India,2025-03-12,Pro,Pending,Aggressive,YouTube,1
722,Varun Chopra,varun.chopra722@mailbox.com,9654919370,Indore,Madhya Pradesh,India,2024-10-14,Pro,Verified,Conservative,App Store,1
723,Anil Choudhary,anil.choudhary723@mailbox.com,9494478595,Mumbai,Maharashtra,India,2025-07-16,Basic,Verified,Conservative,Social Media,1
724,Arjun Nair,arjun.nair724@mailbox.com,9537123255,Delhi,Delhi,India,2023-02-11,Basic,Verified,Aggressive,App Store,1
725,Suresh Reddy,suresh.reddy725@mailbox.com,9517809488,Chandigarh,Chandigarh,India,2025-01-15,Premium,Pending,Conservative,Website,1
726,Arjun Joshi,arjun.joshi726@mailbox.com,9645752265,Bengaluru,Karnataka,India,2023-05-16,Elite,Verified,Conservative,Website,0
727,Meera Nair,meera.nair727@mailbox.com,9806266762,Patna,Bihar,India,2025-08-13,Premium,Verified,Aggressive,Referral,0
728,Vihaan Singh,vihaan.singh728@mailbox.com,9479099066,Coimbatore,Tamil Nadu,India,2024-06-16,Basic,Verified,Moderate,Agent,1
729,Zara Chopra,zara.chopra729@mailbox.com,9483272968,Lucknow,Uttar Pradesh,India,2023-04-07,Premium,Verified,Conservative,YouTube,1
730,Priya Chopra,priya.chopra730@mailbox.com,9649750886,Kochi,Kerala,India,2025-03-05,Basic,Verified,Aggressive,Social Media,1
731,Divya Jain,divya.jain731@mailbox.com,9368042582,Jaipur,Rajasthan,India,2025-03-08,Basic,Pending,Moderate,Social Media,1
732,Aadhya Singh,aadhya.singh732@mailbox.com,9103548099,Vadodara,Gujarat,India,2024-05-09,Basic,Verified,Moderate,Google Ads,1
733,Nikhil Jain,nikhil.jain733@mailbox.com,9663760029,Chennai,Tamil Nadu,India,2023-11-27,Basic,Verified,Aggressive,App Store,1
734,Rajesh Chopra,rajesh.chopra734@mailbox.com,9663525647,Jaipur,Rajasthan,India,2023-01-19,Premium,Verified,Conservative,Referral,1
735,Rohan Desai,rohan.desai735@mailbox.com,9354564870,Ahmedabad,Gujarat,India,2025-08-24,Basic,Pending,Moderate,Social Media,1
736,Priya Iyer,priya.iyer736@mailbox.com,9544933668,Patna,Bihar,India,2023-07-16,Basic,Verified,Moderate,Agent,1
737,Divya Mehta,divya.mehta737@mailbox.com,9782030886,Mumbai,Maharashtra,India,2025-06-16,Premium,Verified,Conservative,YouTube,1
738,Kavya Pandey,kavya.pandey738@mailbox.com,9367948542,Chandigarh,Chandigarh,India,2024-09-19,Basic,Verified,Conservative,App Store,1
739,Divya Reddy,divya.reddy739@mailbox.com,9574336219,Mumbai,Maharashtra,India,2024-12-30,Basic,Verified,Conservative,Google Ads,1
740,Kiran Verma,kiran.verma740@mailbox.com,9297426669,Pune,Maharashtra,India,2025-01-09,Basic,Verified,Conservative,Social Media,1
741,Manoj Trivedi,manoj.trivedi741@mailbox.com,9307758082,Nagpur,Maharashtra,India,2025-07-02,Basic,Verified,Conservative,Referral,1
742,Rajesh Pillai,rajesh.pillai742@mailbox.com,9921573640,Bengaluru,Karnataka,India,2023-02-05,Premium,Verified,Moderate,Website,1
743,Pooja Mishra,pooja.mishra743@mailbox.com,9575889458,Lucknow,Uttar Pradesh,India,2025-11-21,Basic,Verified,Aggressive,Referral,1
744,Ananya Malhotra,ananya.malhotra744@mailbox.com,9926169967,Vadodara,Gujarat,India,2023-02-16,Basic,Verified,Conservative,Referral,1
745,Suresh Sharma,suresh.sharma745@mailbox.com,9952980277,Chandigarh,Chandigarh,India,2025-11-30,Basic,Verified,Conservative,Social Media,0
746,Myra Sharma,myra.sharma746@mailbox.com,9149432865,Mumbai,Maharashtra,India,2023-10-06,Basic,Verified,Conservative,Website,1
747,Amit Chopra,amit.chopra747@mailbox.com,9373602803,Nagpur,Maharashtra,India,2025-06-19,Basic,Verified,Conservative,App Store,1
748,Isha Rao,isha.rao748@mailbox.com,9589404078,Nagpur,Maharashtra,India,2023-03-30,Basic,Verified,Moderate,YouTube,1
749,Isha Pandey,isha.pandey749@mailbox.com,9442931991,Delhi,Delhi,India,2024-05-05,Basic,Verified,Moderate,Referral,1
750,Ishaan Singh,ishaan.singh750@mailbox.com,9102032749,Surat,Gujarat,India,2024-07-31,Basic,Verified,Moderate,Google Ads,1
751,Yash Mishra,yash.mishra751@mailbox.com,9990405177,Kanpur,Uttar Pradesh,India,2025-10-13,Pro,Verified,Aggressive,Website,1
752,Reyansh Reddy,reyansh.reddy752@mailbox.com,9372879753,Surat,Gujarat,India,2023-05-12,Basic,Verified,Moderate,App Store,1
753,Vihaan Singh,vihaan.singh753@mailbox.com,9656916603,Kolkata,West Bengal,India,2023-02-08,Basic,Pending,Moderate,Website,1
754,Varun Mehta,varun.mehta754@mailbox.com,9590302213,Kolkata,West Bengal,India,2024-11-21,Premium,Verified,Aggressive,App Store,1
755,Sanjay Kumar,sanjay.kumar755@mailbox.com,9725004251,Bhopal,Madhya Pradesh,India,2023-02-22,Basic,Verified,Conservative,Google Ads,1
756,Anika Chopra,anika.chopra756@mailbox.com,9727083406,Bhopal,Madhya Pradesh,India,2025-04-07,Pro,Verified,Conservative,Agent,1
757,Divya Joshi,divya.joshi757@mailbox.com,9863058726,Hyderabad,Telangana,India,2023-02-10,Basic,Verified,Conservative,Referral,1
758,Sara Nair,sara.nair758@mailbox.com,9926463855,Chennai,Tamil Nadu,India,2025-10-30,Premium,Verified,Conservative,YouTube,1
759,Reyansh Iyer,reyansh.iyer759@mailbox.com,9175424909,Nagpur,Maharashtra,India,2024-07-21,Elite,Verified,Aggressive,Referral,1
760,Divya Sharma,divya.sharma760@mailbox.com,9305538952,Chandigarh,Chandigarh,India,2025-10-07,Basic,Verified,Aggressive,Website,1
761,Kabir Singh,kabir.singh761@mailbox.com,9142275130,Chennai,Tamil Nadu,India,2023-05-15,Basic,Verified,Moderate,App Store,1
762,Sanjay Kumar,sanjay.kumar762@mailbox.com,9926134608,Chennai,Tamil Nadu,India,2023-10-19,Premium,Verified,Conservative,YouTube,1
763,Varun Patel,varun.patel763@mailbox.com,9578351096,Chandigarh,Chandigarh,India,2024-04-29,Elite,Verified,Aggressive,Website,1
764,Varun Gupta,varun.gupta764@mailbox.com,9528209743,Surat,Gujarat,India,2023-02-01,Basic,Verified,Aggressive,Website,1
765,Myra Joshi,myra.joshi765@mailbox.com,9719877017,Coimbatore,Tamil Nadu,India,2023-04-20,Premium,Verified,Moderate,Referral,1
766,Suresh Iyer,suresh.iyer766@mailbox.com,9905760062,Patna,Bihar,India,2023-12-17,Basic,Verified,Aggressive,Referral,1
767,Neha Joshi,neha.joshi767@mailbox.com,9391372390,Vadodara,Gujarat,India,2025-02-23,Premium,Verified,Moderate,Social Media,1
768,Zara Joshi,zara.joshi768@mailbox.com,9811070918,Hyderabad,Telangana,India,2025-01-24,Basic,Verified,Moderate,Google Ads,1
769,Reyansh Kapoor,reyansh.kapoor769@mailbox.com,9277868929,Kolkata,West Bengal,India,2023-04-03,Premium,Verified,Moderate,App Store,1
770,Sara Iyer,sara.iyer770@mailbox.com,9195629633,Chennai,Tamil Nadu,India,2023-03-05,Basic,Verified,Conservative,Website,1
771,Priya Joshi,priya.joshi771@mailbox.com,9434871575,Delhi,Delhi,India,2024-11-29,Premium,Pending,Conservative,Agent,1
772,Aryan Reddy,aryan.reddy772@mailbox.com,9604438815,Patna,Bihar,India,2024-01-19,Basic,Verified,Moderate,Website,1
773,Aarav Chopra,aarav.chopra773@mailbox.com,9802216237,Surat,Gujarat,India,2025-04-23,Premium,Verified,Aggressive,Social Media,1
774,Meera Sharma,meera.sharma774@mailbox.com,9863533956,Delhi,Delhi,India,2023-11-14,Premium,Verified,Aggressive,Social Media,0
775,Anil Kapoor,anil.kapoor775@mailbox.com,9468053691,Hyderabad,Telangana,India,2024-01-22,Pro,Verified,Conservative,YouTube,1
776,Yash Tiwari,yash.tiwari776@mailbox.com,9257042747,Hyderabad,Telangana,India,2023-08-22,Elite,Verified,Conservative,Social Media,1
777,Aadhya Bansal,aadhya.bansal777@mailbox.com,9456449681,Jaipur,Rajasthan,India,2023-10-11,Premium,Verified,Moderate,Website,1
778,Arjun Singh,arjun.singh778@mailbox.com,9788176669,Lucknow,Uttar Pradesh,India,2025-01-22,Premium,Verified,Aggressive,Referral,1
779,Ananya Saxena,ananya.saxena779@mailbox.com,9663342223,Kolkata,West Bengal,India,2024-05-16,Basic,Verified,Moderate,App Store,1
780,Deepak Singh,deepak.singh780@mailbox.com,9938328925,Coimbatore,Tamil Nadu,India,2024-12-02,Pro,Verified,Aggressive,Referral,1
781,Kiran Patel,kiran.patel781@mailbox.com,9736151662,Chennai,Tamil Nadu,India,2023-03-25,Premium,Verified,Aggressive,Agent,1
782,Pooja Kumar,pooja.kumar782@mailbox.com,9695630848,Nagpur,Maharashtra,India,2024-07-24,Basic,Verified,Aggressive,Website,1
783,Arjun Mishra,arjun.mishra783@mailbox.com,9223537951,Jaipur,Rajasthan,India,2024-05-03,Basic,Verified,Moderate,Website,1
784,Arjun Yadav,arjun.yadav784@mailbox.com,9114575645,Ahmedabad,Gujarat,India,2025-08-27,Pro,Pending,Conservative,Agent,1
785,Zara Menon,zara.menon785@mailbox.com,9771527946,Chandigarh,Chandigarh,India,2024-03-27,Pro,Pending,Conservative,Google Ads,1
786,Vikram Pillai,vikram.pillai786@mailbox.com,9325778326,Vadodara,Gujarat,India,2023-04-20,Pro,Verified,Aggressive,Agent,1
787,Vivaan Desai,vivaan.desai787@mailbox.com,9875943021,Mumbai,Maharashtra,India,2025-01-12,Premium,Verified,Conservative,Agent,1
788,Sneha Pillai,sneha.pillai788@mailbox.com,9186136196,Lucknow,Uttar Pradesh,India,2023-06-09,Basic,Verified,Aggressive,Referral,1
789,Amit Iyer,amit.iyer789@mailbox.com,9445500916,Bengaluru,Karnataka,India,2025-08-26,Elite,Verified,Moderate,Social Media,1
790,Aarav Yadav,aarav.yadav790@mailbox.com,9950072343,Jaipur,Rajasthan,India,2024-02-13,Premium,Verified,Conservative,YouTube,1
791,Vihaan Saxena,vihaan.saxena791@mailbox.com,9279653533,Indore,Madhya Pradesh,India,2025-04-15,Premium,Verified,Aggressive,Google Ads,1
792,Riya Gupta,riya.gupta792@mailbox.com,9385002627,Jaipur,Rajasthan,India,2024-11-29,Premium,Verified,Aggressive,Referral,1
793,Meera Bansal,meera.bansal793@mailbox.com,9521152467,Pune,Maharashtra,India,2024-05-10,Premium,Verified,Moderate,Google Ads,1
794,Anil Yadav,anil.yadav794@mailbox.com,9719556811,Pune,Maharashtra,India,2024-09-14,Premium,Pending,Conservative,Referral,1
795,Anika Chopra,anika.chopra795@mailbox.com,9329678176,Kolkata,West Bengal,India,2023-07-14,Premium,Verified,Moderate,Google Ads,1
796,Diya Reddy,diya.reddy796@mailbox.com,9813077573,Pune,Maharashtra,India,2023-03-20,Pro,Pending,Aggressive,Agent,1
797,Yash Mishra,yash.mishra797@mailbox.com,9312239339,Ahmedabad,Gujarat,India,2025-03-27,Pro,Verified,Conservative,YouTube,0
798,Riya Pillai,riya.pillai798@mailbox.com,9431398078,Surat,Gujarat,India,2025-10-17,Basic,Verified,Conservative,YouTube,1
799,Isha Iyer,isha.iyer799@mailbox.com,9110877038,Delhi,Delhi,India,2025-07-06,Basic,Verified,Aggressive,Referral,1
800,Anika Chopra,anika.chopra800@mailbox.com,9790611642,Mumbai,Maharashtra,India,2023-11-21,Premium,Verified,Conservative,YouTube,1
801,Aarav Singh,aarav.singh801@mailbox.com,9701932267,Kanpur,Uttar Pradesh,India,2024-01-17,Premium,Verified,Conservative,App Store,1
802,Isha Bansal,isha.bansal802@mailbox.com,9851458935,Surat,Gujarat,India,2024-01-18,Premium,Verified,Aggressive,App Store,1
803,Rahul Malhotra,rahul.malhotra803@mailbox.com,9347397304,Kolkata,West Bengal,India,2025-01-18,Pro,Pending,Moderate,Referral,1
804,Nikhil Pandey,nikhil.pandey804@mailbox.com,9457902882,Chennai,Tamil Nadu,India,2024-10-26,Basic,Verified,Conservative,Referral,1
805,Divya Joshi,divya.joshi805@mailbox.com,9908712865,Indore,Madhya Pradesh,India,2025-04-28,Basic,Verified,Conservative,YouTube,1
806,Suresh Kumar,suresh.kumar806@mailbox.com,9160123386,Ahmedabad,Gujarat,India,2025-10-03,Pro,Verified,Conservative,Agent,1
807,Amit Chopra,amit.chopra807@mailbox.com,9542081919,Bhopal,Madhya Pradesh,India,2024-02-22,Elite,Verified,Conservative,Agent,1
808,Arjun Yadav,arjun.yadav808@mailbox.com,9502743663,Bengaluru,Karnataka,India,2024-12-06,Basic,Verified,Conservative,Agent,1
809,Sara Kapoor,sara.kapoor809@mailbox.com,9490403328,Bengaluru,Karnataka,India,2024-06-16,Basic,Verified,Moderate,Agent,1
810,Aryan Bansal,aryan.bansal810@mailbox.com,9902034153,Nagpur,Maharashtra,India,2025-10-13,Basic,Verified,Aggressive,Social Media,1
811,Vivaan Choudhary,vivaan.choudhary811@mailbox.com,9906530409,Ahmedabad,Gujarat,India,2024-01-13,Premium,Verified,Moderate,App Store,1
812,Kiran Desai,kiran.desai812@mailbox.com,9261452808,Bhopal,Madhya Pradesh,India,2023-07-19,Premium,Verified,Conservative,App Store,1
813,Sneha Mehta,sneha.mehta813@mailbox.com,9976733426,Kanpur,Uttar Pradesh,India,2024-02-08,Basic,Verified,Aggressive,YouTube,1
814,Diya Yadav,diya.yadav814@mailbox.com,9335842687,Ahmedabad,Gujarat,India,2024-10-21,Basic,Verified,Moderate,Social Media,1
815,Suresh Menon,suresh.menon815@mailbox.com,9458259372,Hyderabad,Telangana,India,2025-10-12,Premium,Verified,Aggressive,YouTube,1
816,Anil Verma,anil.verma816@mailbox.com,9816171740,Hyderabad,Telangana,India,2025-06-01,Premium,Verified,Moderate,App Store,1
817,Vivaan Chopra,vivaan.chopra817@mailbox.com,9860138245,Patna,Bihar,India,2023-01-20,Premium,Verified,Moderate,Website,1
818,Arjun Pandey,arjun.pandey818@mailbox.com,9681144901,Chennai,Tamil Nadu,India,2024-06-26,Basic,Verified,Moderate,Google Ads,1
819,Priya Bansal,priya.bansal819@mailbox.com,9830069173,Kanpur,Uttar Pradesh,India,2023-06-19,Basic,Verified,Conservative,Referral,1
820,Aryan Menon,aryan.menon820@mailbox.com,9335292631,Chandigarh,Chandigarh,India,2024-01-21,Basic,Verified,Moderate,Website,1
821,Aarav Pillai,aarav.pillai821@mailbox.com,9891090374,Kochi,Kerala,India,2025-10-02,Elite,Verified,Moderate,Social Media,1
822,Priya Saxena,priya.saxena822@mailbox.com,9671640505,Kolkata,West Bengal,India,2025-11-14,Basic,Verified,Conservative,App Store,0
823,Reyansh Mishra,reyansh.mishra823@mailbox.com,9220224205,Bengaluru,Karnataka,India,2023-06-13,Premium,Verified,Aggressive,YouTube,0
824,Priya Kumar,priya.kumar824@mailbox.com,9215778872,Patna,Bihar,India,2023-05-31,Premium,Verified,Aggressive,Website,1
825,Neha Nair,neha.nair825@mailbox.com,9340573161,Surat,Gujarat,India,2025-01-11,Pro,Verified,Moderate,Referral,1
826,Vihaan Iyer,vihaan.iyer826@mailbox.com,9162465857,Pune,Maharashtra,India,2024-03-13,Basic,Verified,Aggressive,Website,1
827,Sneha Kumar,sneha.kumar827@mailbox.com,9354473608,Nagpur,Maharashtra,India,2024-04-05,Basic,Verified,Conservative,Google Ads,1
828,Kiran Choudhary,kiran.choudhary828@mailbox.com,9994140166,Hyderabad,Telangana,India,2025-07-19,Pro,Verified,Aggressive,Social Media,1
829,Deepak Singh,deepak.singh829@mailbox.com,9316084981,Bhopal,Madhya Pradesh,India,2025-09-07,Basic,Verified,Aggressive,Referral,1
830,Vivaan Malhotra,vivaan.malhotra830@mailbox.com,9672732871,Bhopal,Madhya Pradesh,India,2025-08-17,Premium,Verified,Aggressive,Referral,1
831,Karan Joshi,karan.joshi831@mailbox.com,9979772815,Kolkata,West Bengal,India,2025-04-13,Basic,Verified,Moderate,Social Media,1
832,Karan Kumar,karan.kumar832@mailbox.com,9327900361,Lucknow,Uttar Pradesh,India,2025-11-10,Elite,Pending,Aggressive,YouTube,1
833,Riya Shah,riya.shah833@mailbox.com,9726562943,Pune,Maharashtra,India,2025-02-05,Premium,Verified,Moderate,App Store,1
834,Reyansh Rao,reyansh.rao834@mailbox.com,9505030559,Mumbai,Maharashtra,India,2025-07-31,Basic,Verified,Aggressive,Social Media,1
835,Deepak Rao,deepak.rao835@mailbox.com,9356779684,Bengaluru,Karnataka,India,2024-07-29,Pro,Verified,Moderate,YouTube,1
836,Suresh Jain,suresh.jain836@mailbox.com,9691040067,Vadodara,Gujarat,India,2023-02-24,Premium,Verified,Moderate,YouTube,1
837,Manoj Mishra,manoj.mishra837@mailbox.com,9494852560,Lucknow,Uttar Pradesh,India,2025-05-19,Premium,Verified,Conservative,YouTube,1
838,Kabir Verma,kabir.verma838@mailbox.com,9830884554,Bengaluru,Karnataka,India,2025-09-17,Basic,Verified,Aggressive,Referral,1
839,Aarav Mehta,aarav.mehta839@mailbox.com,9910400077,Mumbai,Maharashtra,India,2023-11-29,Basic,Rejected,Conservative,Social Media,1
840,Nikhil Saxena,nikhil.saxena840@mailbox.com,9803334035,Ahmedabad,Gujarat,India,2024-03-31,Premium,Verified,Conservative,Website,1
841,Diya Bhatt,diya.bhatt841@mailbox.com,9309417556,Vadodara,Gujarat,India,2024-09-01,Basic,Verified,Conservative,Agent,1
842,Priya Yadav,priya.yadav842@mailbox.com,9726408102,Ahmedabad,Gujarat,India,2024-11-24,Pro,Pending,Conservative,YouTube,1
843,Nikhil Iyer,nikhil.iyer843@mailbox.com,9822850306,Vadodara,Gujarat,India,2024-12-19,Basic,Verified,Conservative,Google Ads,1
844,Vivaan Sharma,vivaan.sharma844@mailbox.com,9694448652,Lucknow,Uttar Pradesh,India,2024-02-24,Premium,Rejected,Moderate,App Store,1
845,Aarav Mishra,aarav.mishra845@mailbox.com,9794090682,Patna,Bihar,India,2025-06-28,Basic,Verified,Conservative,Google Ads,1
846,Aarav Kumar,aarav.kumar846@mailbox.com,9263315887,Patna,Bihar,India,2025-05-16,Premium,Rejected,Moderate,Google Ads,1
847,Ishaan Singh,ishaan.singh847@mailbox.com,9429336247,Mumbai,Maharashtra,India,2025-09-30,Basic,Verified,Moderate,Referral,1
848,Aditya Choudhary,aditya.choudhary848@mailbox.com,9736330200,Mumbai,Maharashtra,India,2024-09-05,Basic,Verified,Moderate,YouTube,1
849,Manoj Pillai,manoj.pillai849@mailbox.com,9147012848,Coimbatore,Tamil Nadu,India,2023-03-24,Basic,Pending,Conservative,Google Ads,1
850,Neha Verma,neha.verma850@mailbox.com,9919804189,Coimbatore,Tamil Nadu,India,2025-06-19,Premium,Verified,Moderate,Referral,0
851,Aryan Patel,aryan.patel851@mailbox.com,9253935316,Bengaluru,Karnataka,India,2023-03-26,Basic,Verified,Conservative,Referral,1
852,Manoj Menon,manoj.menon852@mailbox.com,9808294982,Indore,Madhya Pradesh,India,2023-07-26,Pro,Verified,Moderate,Google Ads,1
853,Yash Rao,yash.rao853@mailbox.com,9862859239,Coimbatore,Tamil Nadu,India,2023-10-31,Basic,Verified,Conservative,Google Ads,1
854,Karan Choudhary,karan.choudhary854@mailbox.com,9797590167,Vadodara,Gujarat,India,2023-07-17,Premium,Verified,Aggressive,YouTube,0
855,Diya Chopra,diya.chopra855@mailbox.com,9564256974,Kolkata,West Bengal,India,2025-02-09,Premium,Verified,Aggressive,Website,1
856,Anil Menon,anil.menon856@mailbox.com,9780443770,Chandigarh,Chandigarh,India,2024-04-14,Basic,Verified,Moderate,App Store,0
857,Karan Kapoor,karan.kapoor857@mailbox.com,9625313425,Indore,Madhya Pradesh,India,2023-08-22,Basic,Verified,Moderate,Website,1
858,Aditya Agarwal,aditya.agarwal858@mailbox.com,9176282330,Coimbatore,Tamil Nadu,India,2023-01-06,Basic,Verified,Conservative,Website,1
859,Priya Agarwal,priya.agarwal859@mailbox.com,9420221086,Bengaluru,Karnataka,India,2023-08-19,Premium,Verified,Aggressive,Referral,1
860,Manoj Choudhary,manoj.choudhary860@mailbox.com,9115559764,Indore,Madhya Pradesh,India,2025-01-07,Elite,Verified,Aggressive,Agent,1
861,Yash Nair,yash.nair861@mailbox.com,9580843727,Mumbai,Maharashtra,India,2025-04-25,Basic,Verified,Moderate,Agent,1
862,Varun Menon,varun.menon862@mailbox.com,9803927580,Ahmedabad,Gujarat,India,2023-11-12,Premium,Verified,Moderate,Agent,1
863,Arjun Menon,arjun.menon863@mailbox.com,9594438790,Mumbai,Maharashtra,India,2023-03-20,Premium,Pending,Conservative,Website,1
864,Rajesh Reddy,rajesh.reddy864@mailbox.com,9804440891,Jaipur,Rajasthan,India,2024-08-16,Premium,Verified,Aggressive,Social Media,1
865,Anil Pandey,anil.pandey865@mailbox.com,9298118084,Chandigarh,Chandigarh,India,2025-04-13,Premium,Verified,Moderate,Google Ads,1
866,Sneha Iyer,sneha.iyer866@mailbox.com,9466680853,Surat,Gujarat,India,2023-03-16,Elite,Pending,Conservative,App Store,1
867,Manoj Saxena,manoj.saxena867@mailbox.com,9927252357,Pune,Maharashtra,India,2025-04-27,Premium,Verified,Aggressive,YouTube,1
868,Anil Mishra,anil.mishra868@mailbox.com,9519283955,Jaipur,Rajasthan,India,2023-07-01,Pro,Verified,Conservative,Agent,1
869,Anika Pandey,anika.pandey869@mailbox.com,9254438191,Ahmedabad,Gujarat,India,2023-10-02,Basic,Verified,Moderate,Google Ads,1
870,Vivaan Choudhary,vivaan.choudhary870@mailbox.com,9729114314,Bhopal,Madhya Pradesh,India,2024-10-25,Pro,Verified,Aggressive,Agent,0
871,Riya Bhatt,riya.bhatt871@mailbox.com,9155374213,Kolkata,West Bengal,India,2023-02-24,Elite,Verified,Aggressive,App Store,1
872,Rohan Kapoor,rohan.kapoor872@mailbox.com,9410761343,Delhi,Delhi,India,2023-11-22,Pro,Verified,Conservative,Google Ads,1
873,Arjun Trivedi,arjun.trivedi873@mailbox.com,9688120644,Kanpur,Uttar Pradesh,India,2023-05-28,Basic,Verified,Moderate,Google Ads,0
874,Arjun Joshi,arjun.joshi874@mailbox.com,9328563724,Chandigarh,Chandigarh,India,2023-08-17,Pro,Verified,Aggressive,Referral,0
875,Sneha Saxena,sneha.saxena875@mailbox.com,9635082705,Lucknow,Uttar Pradesh,India,2025-04-03,Basic,Verified,Moderate,Referral,0
876,Rahul Gupta,rahul.gupta876@mailbox.com,9507971230,Chennai,Tamil Nadu,India,2023-09-01,Premium,Verified,Conservative,Social Media,1
877,Amit Pandey,amit.pandey877@mailbox.com,9956827454,Mumbai,Maharashtra,India,2023-02-16,Basic,Verified,Aggressive,Social Media,1
878,Divya Rao,divya.rao878@mailbox.com,9915821577,Coimbatore,Tamil Nadu,India,2023-08-17,Premium,Verified,Moderate,App Store,0
879,Amit Desai,amit.desai879@mailbox.com,9663284060,Patna,Bihar,India,2023-04-03,Basic,Verified,Aggressive,Google Ads,1
880,Pooja Sharma,pooja.sharma880@mailbox.com,9774487350,Hyderabad,Telangana,India,2024-10-25,Basic,Verified,Aggressive,Agent,1
881,Vihaan Kumar,vihaan.kumar881@mailbox.com,9757685284,Delhi,Delhi,India,2025-11-02,Basic,Verified,Aggressive,Social Media,0
882,Deepak Yadav,deepak.yadav882@mailbox.com,9532348270,Bengaluru,Karnataka,India,2023-06-28,Basic,Verified,Moderate,YouTube,1
883,Anika Jain,anika.jain883@mailbox.com,9377964816,Ahmedabad,Gujarat,India,2025-02-15,Basic,Verified,Aggressive,App Store,1
884,Ishaan Reddy,ishaan.reddy884@mailbox.com,9906491741,Chandigarh,Chandigarh,India,2024-01-22,Pro,Verified,Conservative,Referral,1
885,Manoj Singh,manoj.singh885@mailbox.com,9393844884,Hyderabad,Telangana,India,2023-03-18,Premium,Verified,Aggressive,Google Ads,0
886,Divya Shah,divya.shah886@mailbox.com,9490285978,Chandigarh,Chandigarh,India,2025-01-02,Pro,Verified,Aggressive,YouTube,1
887,Aditya Yadav,aditya.yadav887@mailbox.com,9751778245,Mumbai,Maharashtra,India,2023-08-12,Pro,Verified,Aggressive,Google Ads,1
888,Kabir Patel,kabir.patel888@mailbox.com,9965931146,Bhopal,Madhya Pradesh,India,2024-07-01,Basic,Verified,Conservative,Agent,1
889,Aarav Desai,aarav.desai889@mailbox.com,9687239181,Kolkata,West Bengal,India,2024-06-24,Premium,Verified,Moderate,Google Ads,1
890,Ananya Mehta,ananya.mehta890@mailbox.com,9199361492,Vadodara,Gujarat,India,2024-09-28,Premium,Verified,Conservative,Agent,1
891,Vihaan Trivedi,vihaan.trivedi891@mailbox.com,9198511414,Lucknow,Uttar Pradesh,India,2023-05-24,Basic,Verified,Aggressive,Social Media,0
892,Meera Chopra,meera.chopra892@mailbox.com,9723573083,Kolkata,West Bengal,India,2023-09-25,Premium,Verified,Moderate,YouTube,1
893,Rahul Singh,rahul.singh893@mailbox.com,9219794365,Chennai,Tamil Nadu,India,2025-02-24,Premium,Verified,Moderate,App Store,1
894,Aryan Joshi,aryan.joshi894@mailbox.com,9726055421,Chandigarh,Chandigarh,India,2025-09-20,Premium,Verified,Moderate,Referral,1
895,Divya Iyer,divya.iyer895@mailbox.com,9948072549,Jaipur,Rajasthan,India,2023-01-13,Premium,Verified,Conservative,Agent,1
896,Neha Bhatt,neha.bhatt896@mailbox.com,9158832074,Ahmedabad,Gujarat,India,2024-03-16,Basic,Verified,Moderate,YouTube,0
897,Rahul Sharma,rahul.sharma897@mailbox.com,9843084496,Bhopal,Madhya Pradesh,India,2025-07-27,Pro,Verified,Moderate,Social Media,1
898,Aditya Tiwari,aditya.tiwari898@mailbox.com,9410184578,Kanpur,Uttar Pradesh,India,2023-11-02,Basic,Verified,Moderate,App Store,0
899,Aditya Desai,aditya.desai899@mailbox.com,9458006723,Surat,Gujarat,India,2024-04-21,Pro,Pending,Moderate,Website,1
900,Neha Mishra,neha.mishra900@mailbox.com,9745372955,Jaipur,Rajasthan,India,2025-08-21,Basic,Verified,Moderate,Social Media,1
901,Aarav Pandey,aarav.pandey901@mailbox.com,9322190804,Delhi,Delhi,India,2025-10-28,Premium,Verified,Moderate,Agent,1
902,Vivaan Kumar,vivaan.kumar902@mailbox.com,9241364225,Mumbai,Maharashtra,India,2024-11-28,Premium,Verified,Moderate,Social Media,0
903,Rohan Gupta,rohan.gupta903@mailbox.com,9967475437,Mumbai,Maharashtra,India,2025-01-09,Basic,Verified,Aggressive,YouTube,1
904,Kiran Bhatt,kiran.bhatt904@mailbox.com,9413505907,Nagpur,Maharashtra,India,2024-10-15,Basic,Verified,Aggressive,App Store,1
905,Riya Patel,riya.patel905@mailbox.com,9252625669,Kanpur,Uttar Pradesh,India,2023-10-30,Basic,Verified,Moderate,Website,1
906,Meera Kumar,meera.kumar906@mailbox.com,9720919289,Bhopal,Madhya Pradesh,India,2025-08-02,Premium,Verified,Conservative,Agent,1
907,Aadhya Kapoor,aadhya.kapoor907@mailbox.com,9295043230,Kochi,Kerala,India,2023-02-06,Pro,Verified,Aggressive,Referral,1
908,Ishaan Pandey,ishaan.pandey908@mailbox.com,9797986810,Hyderabad,Telangana,India,2023-03-04,Basic,Pending,Aggressive,Social Media,1
909,Myra Bhatt,myra.bhatt909@mailbox.com,9163428787,Vadodara,Gujarat,India,2024-10-02,Premium,Verified,Aggressive,Website,1
910,Vihaan Nair,vihaan.nair910@mailbox.com,9566660613,Coimbatore,Tamil Nadu,India,2025-06-11,Pro,Verified,Moderate,Social Media,1
911,Rajesh Patel,rajesh.patel911@mailbox.com,9462660093,Indore,Madhya Pradesh,India,2025-05-17,Premium,Verified,Moderate,Referral,1
912,Kabir Agarwal,kabir.agarwal912@mailbox.com,9961171773,Kanpur,Uttar Pradesh,India,2024-12-22,Pro,Verified,Moderate,Website,1
913,Sara Choudhary,sara.choudhary913@mailbox.com,9569155648,Hyderabad,Telangana,India,2024-02-05,Basic,Pending,Aggressive,Agent,1
914,Aryan Kumar,aryan.kumar914@mailbox.com,9932797771,Hyderabad,Telangana,India,2024-01-19,Basic,Verified,Aggressive,App Store,0
915,Vikram Nair,vikram.nair915@mailbox.com,9323673563,Mumbai,Maharashtra,India,2024-03-29,Basic,Verified,Moderate,YouTube,0
916,Riya Sharma,riya.sharma916@mailbox.com,9526093347,Indore,Madhya Pradesh,India,2023-10-01,Basic,Verified,Moderate,Google Ads,1
917,Amit Joshi,amit.joshi917@mailbox.com,9832439502,Jaipur,Rajasthan,India,2024-03-22,Premium,Verified,Conservative,App Store,0
918,Suresh Rao,suresh.rao918@mailbox.com,9244246968,Hyderabad,Telangana,India,2023-04-22,Pro,Verified,Moderate,Google Ads,1
919,Ananya Choudhary,ananya.choudhary919@mailbox.com,9795638406,Bengaluru,Karnataka,India,2023-12-07,Basic,Verified,Moderate,App Store,1
920,Pooja Pandey,pooja.pandey920@mailbox.com,9318825617,Delhi,Delhi,India,2025-09-29,Pro,Verified,Aggressive,YouTube,1
921,Deepak Kumar,deepak.kumar921@mailbox.com,9836230678,Indore,Madhya Pradesh,India,2025-01-22,Basic,Verified,Conservative,Referral,1
922,Sanjay Bhatt,sanjay.bhatt922@mailbox.com,9858539177,Surat,Gujarat,India,2023-06-01,Basic,Verified,Aggressive,Agent,1
923,Anika Desai,anika.desai923@mailbox.com,9628429906,Indore,Madhya Pradesh,India,2023-11-01,Pro,Verified,Aggressive,Google Ads,1
924,Reyansh Yadav,reyansh.yadav924@mailbox.com,9454683705,Bengaluru,Karnataka,India,2023-10-04,Pro,Verified,Moderate,Social Media,1
925,Karan Pandey,karan.pandey925@mailbox.com,9235601711,Mumbai,Maharashtra,India,2023-10-27,Premium,Verified,Aggressive,Referral,1
926,Varun Singh,varun.singh926@mailbox.com,9593950728,Bengaluru,Karnataka,India,2025-01-06,Basic,Verified,Aggressive,Website,1
927,Amit Trivedi,amit.trivedi927@mailbox.com,9579527890,Patna,Bihar,India,2025-08-11,Basic,Verified,Conservative,YouTube,1
928,Isha Menon,isha.menon928@mailbox.com,9932259560,Bhopal,Madhya Pradesh,India,2025-01-26,Basic,Verified,Moderate,Website,1
929,Aadhya Singh,aadhya.singh929@mailbox.com,9277060076,Kolkata,West Bengal,India,2024-06-04,Pro,Verified,Aggressive,Website,1
930,Vikram Rao,vikram.rao930@mailbox.com,9292926744,Delhi,Delhi,India,2023-06-21,Basic,Verified,Aggressive,Google Ads,1
931,Amit Pandey,amit.pandey931@mailbox.com,9293876396,Pune,Maharashtra,India,2023-06-02,Premium,Verified,Conservative,App Store,1
932,Sneha Iyer,sneha.iyer932@mailbox.com,9935342606,Chandigarh,Chandigarh,India,2025-05-17,Basic,Verified,Conservative,App Store,1
933,Ananya Agarwal,ananya.agarwal933@mailbox.com,9183393563,Bengaluru,Karnataka,India,2024-12-22,Premium,Verified,Aggressive,Referral,1
934,Pooja Joshi,pooja.joshi934@mailbox.com,9128206937,Patna,Bihar,India,2024-06-27,Basic,Verified,Conservative,Social Media,1
935,Anika Jain,anika.jain935@mailbox.com,9244400328,Lucknow,Uttar Pradesh,India,2024-09-06,Premium,Verified,Aggressive,App Store,1
936,Varun Mehta,varun.mehta936@mailbox.com,9792282952,Bengaluru,Karnataka,India,2025-06-22,Premium,Verified,Moderate,Google Ads,1
937,Ishaan Kumar,ishaan.kumar937@mailbox.com,9621663241,Coimbatore,Tamil Nadu,India,2025-05-16,Elite,Verified,Aggressive,Website,1
938,Reyansh Menon,reyansh.menon938@mailbox.com,9927701316,Kanpur,Uttar Pradesh,India,2023-04-03,Pro,Verified,Conservative,YouTube,1
939,Riya Yadav,riya.yadav939@mailbox.com,9283861650,Surat,Gujarat,India,2024-02-25,Premium,Verified,Moderate,YouTube,1
940,Rahul Patel,rahul.patel940@mailbox.com,9454646971,Delhi,Delhi,India,2023-02-15,Basic,Verified,Aggressive,Google Ads,1
941,Sneha Rao,sneha.rao941@mailbox.com,9599850608,Ahmedabad,Gujarat,India,2024-02-14,Pro,Verified,Conservative,App Store,1
942,Aadhya Kapoor,aadhya.kapoor942@mailbox.com,9926681592,Indore,Madhya Pradesh,India,2024-11-09,Pro,Verified,Conservative,Website,1
943,Nikhil Patel,nikhil.patel943@mailbox.com,9824200777,Indore,Madhya Pradesh,India,2023-08-10,Pro,Verified,Moderate,YouTube,1
944,Riya Desai,riya.desai944@mailbox.com,9229385539,Delhi,Delhi,India,2023-06-09,Premium,Verified,Conservative,Referral,1
945,Reyansh Rao,reyansh.rao945@mailbox.com,9858578369,Indore,Madhya Pradesh,India,2024-06-06,Basic,Pending,Aggressive,YouTube,1
946,Arjun Singh,arjun.singh946@mailbox.com,9503912280,Coimbatore,Tamil Nadu,India,2024-07-13,Pro,Verified,Aggressive,Agent,1
947,Yash Rao,yash.rao947@mailbox.com,9402631648,Patna,Bihar,India,2025-01-30,Basic,Verified,Aggressive,YouTube,1
948,Reyansh Pandey,reyansh.pandey948@mailbox.com,9951536560,Chennai,Tamil Nadu,India,2023-01-16,Basic,Verified,Moderate,YouTube,1
949,Varun Tiwari,varun.tiwari949@mailbox.com,9566733956,Coimbatore,Tamil Nadu,India,2023-09-22,Basic,Rejected,Moderate,App Store,1
950,Diya Nair,diya.nair950@mailbox.com,9828522160,Surat,Gujarat,India,2025-04-10,Premium,Verified,Aggressive,Referral,1
951,Vihaan Chopra,vihaan.chopra951@mailbox.com,9744161896,Delhi,Delhi,India,2024-12-27,Basic,Verified,Conservative,App Store,0
952,Isha Shah,isha.shah952@mailbox.com,9272838679,Bengaluru,Karnataka,India,2025-08-15,Premium,Verified,Conservative,App Store,1
953,Neha Patel,neha.patel953@mailbox.com,9709631199,Coimbatore,Tamil Nadu,India,2025-05-17,Premium,Verified,Aggressive,Social Media,1
954,Anika Desai,anika.desai954@mailbox.com,9666078179,Chennai,Tamil Nadu,India,2025-06-12,Premium,Verified,Conservative,Website,1
955,Suresh Choudhary,suresh.choudhary955@mailbox.com,9347819327,Delhi,Delhi,India,2024-06-27,Basic,Verified,Conservative,YouTube,1
956,Neha Saxena,neha.saxena956@mailbox.com,9855370288,Lucknow,Uttar Pradesh,India,2025-10-17,Elite,Verified,Conservative,App Store,1
957,Aadhya Reddy,aadhya.reddy957@mailbox.com,9256974176,Kanpur,Uttar Pradesh,India,2024-03-18,Basic,Verified,Conservative,App Store,1
958,Pooja Saxena,pooja.saxena958@mailbox.com,9750100121,Nagpur,Maharashtra,India,2025-08-19,Basic,Verified,Moderate,App Store,1
959,Yash Pillai,yash.pillai959@mailbox.com,9848296185,Surat,Gujarat,India,2024-02-22,Premium,Verified,Moderate,YouTube,1
960,Aadhya Mishra,aadhya.mishra960@mailbox.com,9943074224,Vadodara,Gujarat,India,2024-04-17,Basic,Verified,Conservative,Website,1
961,Ishaan Patel,ishaan.patel961@mailbox.com,9392212748,Patna,Bihar,India,2024-12-31,Premium,Verified,Aggressive,Social Media,1
962,Aadhya Pillai,aadhya.pillai962@mailbox.com,9339947837,Mumbai,Maharashtra,India,2024-02-29,Basic,Verified,Aggressive,App Store,1
963,Anil Shah,anil.shah963@mailbox.com,9612040482,Delhi,Delhi,India,2023-06-06,Pro,Rejected,Moderate,Referral,1
964,Rohan Mehta,rohan.mehta964@mailbox.com,9563058982,Mumbai,Maharashtra,India,2025-08-12,Basic,Verified,Conservative,App Store,1
965,Varun Trivedi,varun.trivedi965@mailbox.com,9662092824,Ahmedabad,Gujarat,India,2024-04-27,Elite,Verified,Moderate,App Store,1
966,Vikram Gupta,vikram.gupta966@mailbox.com,9480975349,Ahmedabad,Gujarat,India,2025-09-14,Premium,Verified,Aggressive,Social Media,1
967,Neha Saxena,neha.saxena967@mailbox.com,9452844977,Coimbatore,Tamil Nadu,India,2024-03-01,Basic,Verified,Conservative,Social Media,1
968,Isha Pillai,isha.pillai968@mailbox.com,9460603800,Ahmedabad,Gujarat,India,2025-11-02,Premium,Verified,Moderate,Social Media,1
969,Nikhil Patel,nikhil.patel969@mailbox.com,9690678348,Mumbai,Maharashtra,India,2024-10-04,Basic,Verified,Moderate,YouTube,1
970,Vivaan Verma,vivaan.verma970@mailbox.com,9836169646,Kochi,Kerala,India,2025-03-29,Elite,Verified,Aggressive,YouTube,1
971,Diya Trivedi,diya.trivedi971@mailbox.com,9599616915,Kolkata,West Bengal,India,2025-03-15,Pro,Pending,Aggressive,App Store,1
972,Aadhya Rao,aadhya.rao972@mailbox.com,9709750763,Coimbatore,Tamil Nadu,India,2023-08-04,Premium,Verified,Conservative,Google Ads,1
973,Zara Kapoor,zara.kapoor973@mailbox.com,9471746304,Patna,Bihar,India,2025-05-18,Basic,Pending,Conservative,Social Media,1
974,Riya Verma,riya.verma974@mailbox.com,9335293501,Kochi,Kerala,India,2025-10-03,Elite,Verified,Conservative,Referral,1
975,Reyansh Tiwari,reyansh.tiwari975@mailbox.com,9178178696,Chandigarh,Chandigarh,India,2024-12-05,Premium,Verified,Conservative,Social Media,1
976,Karan Iyer,karan.iyer976@mailbox.com,9798990390,Bengaluru,Karnataka,India,2025-10-05,Premium,Verified,Moderate,Website,1
977,Vihaan Pandey,vihaan.pandey977@mailbox.com,9885840266,Indore,Madhya Pradesh,India,2025-06-20,Basic,Pending,Aggressive,Google Ads,1
978,Sanjay Kumar,sanjay.kumar978@mailbox.com,9473748786,Jaipur,Rajasthan,India,2024-12-10,Basic,Verified,Moderate,Agent,1
979,Myra Reddy,myra.reddy979@mailbox.com,9466208179,Indore,Madhya Pradesh,India,2024-05-23,Premium,Verified,Aggressive,Google Ads,1
980,Sanjay Pillai,sanjay.pillai980@mailbox.com,9558301232,Bhopal,Madhya Pradesh,India,2025-07-02,Premium,Verified,Moderate,Referral,1
981,Vikram Pillai,vikram.pillai981@mailbox.com,9793131391,Kanpur,Uttar Pradesh,India,2023-07-17,Pro,Verified,Aggressive,Google Ads,1
982,Meera Bhatt,meera.bhatt982@mailbox.com,9256088829,Pune,Maharashtra,India,2024-08-20,Premium,Verified,Conservative,Website,0
983,Amit Pandey,amit.pandey983@mailbox.com,9488024070,Coimbatore,Tamil Nadu,India,2025-05-18,Premium,Verified,Aggressive,Website,1
984,Pooja Shah,pooja.shah984@mailbox.com,9329181950,Surat,Gujarat,India,2025-10-02,Premium,Verified,Conservative,Website,1
985,Vikram Kumar,vikram.kumar985@mailbox.com,9715509618,Kochi,Kerala,India,2023-10-12,Pro,Verified,Conservative,Social Media,0
986,Priya Joshi,priya.joshi986@mailbox.com,9228431927,Chennai,Tamil Nadu,India,2023-04-11,Basic,Verified,Aggressive,Referral,1
987,Neha Pandey,neha.pandey987@mailbox.com,9647860703,Chandigarh,Chandigarh,India,2023-12-22,Pro,Verified,Conservative,Website,1
988,Isha Iyer,isha.iyer988@mailbox.com,9216875414,Pune,Maharashtra,India,2025-07-09,Basic,Verified,Conservative,App Store,1
989,Karan Mishra,karan.mishra989@mailbox.com,9974848417,Lucknow,Uttar Pradesh,India,2024-07-11,Premium,Verified,Moderate,Referral,1
990,Suresh Iyer,suresh.iyer990@mailbox.com,9676048885,Kochi,Kerala,India,2023-03-01,Pro,Rejected,Conservative,Website,1
991,Kavya Verma,kavya.verma991@mailbox.com,9225013516,Ahmedabad,Gujarat,India,2023-05-08,Pro,Verified,Aggressive,Website,1
992,Amit Kapoor,amit.kapoor992@mailbox.com,9963008865,Kolkata,West Bengal,India,2023-12-28,Basic,Verified,Moderate,Google Ads,1
993,Kabir Shah,kabir.shah993@mailbox.com,9156916146,Coimbatore,Tamil Nadu,India,2024-01-01,Premium,Verified,Moderate,Referral,1
994,Anika Desai,anika.desai994@mailbox.com,9268978267,Vadodara,Gujarat,India,2023-05-25,Basic,Verified,Conservative,Referral,1
995,Amit Singh,amit.singh995@mailbox.com,9827126575,Pune,Maharashtra,India,2024-06-10,Basic,Verified,Aggressive,YouTube,1
996,Pooja Reddy,pooja.reddy996@mailbox.com,9520842386,Pune,Maharashtra,India,2024-05-25,Pro,Verified,Moderate,Website,1
997,Amit Jain,amit.jain997@mailbox.com,9654680199,Chennai,Tamil Nadu,India,2023-08-01,Pro,Verified,Aggressive,App Store,1
998,Myra Yadav,myra.yadav998@mailbox.com,9485540933,Mumbai,Maharashtra,India,2023-09-05,Basic,Verified,Moderate,Google Ads,1
999,Yash Trivedi,yash.trivedi999@mailbox.com,9442809147,Nagpur,Maharashtra,India,2024-12-08,Elite,Verified,Aggressive,App Store,1
1000,Rahul Gupta,rahul.gupta1000@mailbox.com,9822012088,Kolkata,West Bengal,India,2025-10-10,Basic,Verified,Moderate,Google Ads,1
1001,Manoj Pillai,manoj.pillai1001@mailbox.com,9159418866,Chandigarh,Chandigarh,India,2025-11-27,Pro,Verified,Aggressive,Google Ads,1
1002,Divya Shah,divya.shah1002@mailbox.com,9509502347,Hyderabad,Telangana,India,2024-08-18,Pro,Verified,Aggressive,Social Media,1
1003,Sanjay Desai,sanjay.desai1003@mailbox.com,9869315253,Indore,Madhya Pradesh,India,2023-02-11,Pro,Pending,Conservative,Agent,1
1004,Kiran Menon,kiran.menon1004@mailbox.com,9305007485,Kanpur,Uttar Pradesh,India,2025-08-14,Pro,Verified,Conservative,YouTube,1
1005,Reyansh Kapoor,reyansh.kapoor1005@mailbox.com,9373605225,Indore,Madhya Pradesh,India,2025-10-09,Elite,Verified,Aggressive,Social Media,1
1006,Nikhil Rao,nikhil.rao1006@mailbox.com,9525250684,Bengaluru,Karnataka,India,2023-10-24,Premium,Verified,Conservative,Agent,1
1007,Deepak Mehta,deepak.mehta1007@mailbox.com,9166865285,Lucknow,Uttar Pradesh,India,2024-03-02,Basic,Verified,Conservative,Website,1
1008,Rahul Trivedi,rahul.trivedi1008@mailbox.com,9163748616,Indore,Madhya Pradesh,India,2023-01-28,Basic,Verified,Aggressive,Referral,1
1009,Divya Gupta,divya.gupta1009@mailbox.com,9326295684,Pune,Maharashtra,India,2025-05-03,Pro,Verified,Moderate,Website,1
1010,Rahul Gupta,rahul.gupta1010@mailbox.com,9908074997,Kochi,Kerala,India,2025-04-06,Basic,Verified,Conservative,Referral,1
1011,Ananya Bansal,ananya.bansal1011@mailbox.com,9299641104,Kanpur,Uttar Pradesh,India,2023-01-22,Pro,Verified,Conservative,Referral,1
1012,Suresh Bhatt,suresh.bhatt1012@mailbox.com,9757862536,Ahmedabad,Gujarat,India,2025-01-18,Basic,Verified,Conservative,YouTube,1
1013,Karan Desai,karan.desai1013@mailbox.com,9483464653,Mumbai,Maharashtra,India,2024-03-14,Pro,Verified,Aggressive,YouTube,1
1014,Isha Menon,isha.menon1014@mailbox.com,9784284206,Hyderabad,Telangana,India,2024-08-03,Premium,Verified,Moderate,Website,1
1015,Rahul Iyer,rahul.iyer1015@mailbox.com,9397175785,Lucknow,Uttar Pradesh,India,2023-08-21,Pro,Verified,Aggressive,Website,1
1016,Anil Singh,anil.singh1016@mailbox.com,9887043972,Jaipur,Rajasthan,India,2025-05-18,Elite,Rejected,Aggressive,Website,0
1017,Sara Joshi,sara.joshi1017@mailbox.com,9433756029,Kochi,Kerala,India,2024-03-06,Basic,Verified,Conservative,Agent,1
1018,Zara Gupta,zara.gupta1018@mailbox.com,9848271449,Patna,Bihar,India,2025-06-13,Premium,Verified,Conservative,App Store,1
1019,Vivaan Trivedi,vivaan.trivedi1019@mailbox.com,9488667330,Hyderabad,Telangana,India,2023-06-07,Basic,Verified,Aggressive,Referral,0
1020,Arjun Trivedi,arjun.trivedi1020@mailbox.com,9700237853,Nagpur,Maharashtra,India,2024-09-18,Pro,Verified,Aggressive,App Store,1
1021,Aditya Rao,aditya.rao1021@mailbox.com,9546785087,Lucknow,Uttar Pradesh,India,2023-11-27,Pro,Verified,Conservative,Social Media,1
1022,Aditya Mehta,aditya.mehta1022@mailbox.com,9436028301,Bengaluru,Karnataka,India,2025-10-25,Basic,Verified,Conservative,Referral,0
1023,Deepak Joshi,deepak.joshi1023@mailbox.com,9940676241,Surat,Gujarat,India,2024-08-16,Basic,Verified,Aggressive,Referral,1
1024,Anil Mishra,anil.mishra1024@mailbox.com,9805015819,Kanpur,Uttar Pradesh,India,2025-02-05,Basic,Verified,Aggressive,Agent,1
1025,Manoj Kapoor,manoj.kapoor1025@mailbox.com,9954181440,Delhi,Delhi,India,2023-04-02,Basic,Verified,Aggressive,Google Ads,1
1026,Aditya Trivedi,aditya.trivedi1026@mailbox.com,9978324542,Lucknow,Uttar Pradesh,India,2024-12-21,Pro,Verified,Conservative,YouTube,1
1027,Vihaan Malhotra,vihaan.malhotra1027@mailbox.com,9791083777,Bhopal,Madhya Pradesh,India,2023-04-18,Basic,Verified,Aggressive,Referral,1
1028,Diya Choudhary,diya.choudhary1028@mailbox.com,9283987524,Pune,Maharashtra,India,2024-01-20,Elite,Verified,Aggressive,Google Ads,1
1029,Sanjay Nair,sanjay.nair1029@mailbox.com,9833859089,Ahmedabad,Gujarat,India,2023-08-25,Elite,Verified,Moderate,Google Ads,1
1030,Kavya Mehta,kavya.mehta1030@mailbox.com,9275004872,Bengaluru,Karnataka,India,2023-01-03,Pro,Verified,Moderate,Website,1
1031,Zara Mishra,zara.mishra1031@mailbox.com,9891794358,Chennai,Tamil Nadu,India,2024-09-16,Premium,Verified,Aggressive,YouTube,1
1032,Ishaan Saxena,ishaan.saxena1032@mailbox.com,9202991309,Vadodara,Gujarat,India,2023-09-14,Basic,Verified,Aggressive,YouTube,1
1033,Divya Bhatt,divya.bhatt1033@mailbox.com,9227724330,Indore,Madhya Pradesh,India,2024-06-29,Pro,Verified,Aggressive,Google Ads,1
1034,Isha Tiwari,isha.tiwari1034@mailbox.com,9559884522,Hyderabad,Telangana,India,2025-03-24,Premium,Verified,Moderate,YouTube,1
1035,Aditya Rao,aditya.rao1035@mailbox.com,9625723728,Lucknow,Uttar Pradesh,India,2023-07-09,Elite,Verified,Conservative,Google Ads,1
1036,Divya Gupta,divya.gupta1036@mailbox.com,9141021439,Hyderabad,Telangana,India,2025-01-26,Basic,Verified,Aggressive,Social Media,1
1037,Nikhil Menon,nikhil.menon1037@mailbox.com,9440426513,Jaipur,Rajasthan,India,2023-11-13,Basic,Verified,Conservative,App Store,1
1038,Aarav Joshi,aarav.joshi1038@mailbox.com,9302724263,Bengaluru,Karnataka,India,2023-12-19,Elite,Verified,Aggressive,Google Ads,1
1039,Anika Malhotra,anika.malhotra1039@mailbox.com,9371809906,Indore,Madhya Pradesh,India,2024-09-06,Pro,Verified,Moderate,Referral,1
1040,Anil Rao,anil.rao1040@mailbox.com,9709643822,Nagpur,Maharashtra,India,2024-10-28,Basic,Verified,Moderate,YouTube,1
1041,Meera Bansal,meera.bansal1041@mailbox.com,9525691340,Indore,Madhya Pradesh,India,2024-11-28,Premium,Verified,Conservative,Google Ads,1
1042,Deepak Bansal,deepak.bansal1042@mailbox.com,9963612167,Jaipur,Rajasthan,India,2023-07-27,Basic,Verified,Conservative,Google Ads,1
1043,Aadhya Agarwal,aadhya.agarwal1043@mailbox.com,9799870363,Kolkata,West Bengal,India,2024-09-09,Premium,Verified,Moderate,Google Ads,1
1044,Myra Trivedi,myra.trivedi1044@mailbox.com,9918756901,Chennai,Tamil Nadu,India,2023-10-08,Basic,Verified,Conservative,Google Ads,1
1045,Meera Menon,meera.menon1045@mailbox.com,9729419950,Chennai,Tamil Nadu,India,2023-10-22,Basic,Verified,Aggressive,Social Media,1
1046,Ishaan Kapoor,ishaan.kapoor1046@mailbox.com,9496640356,Jaipur,Rajasthan,India,2025-10-05,Basic,Verified,Aggressive,Google Ads,1
1047,Karan Singh,karan.singh1047@mailbox.com,9635532867,Lucknow,Uttar Pradesh,India,2023-04-18,Basic,Verified,Conservative,Referral,1
1048,Neha Menon,neha.menon1048@mailbox.com,9916897768,Surat,Gujarat,India,2024-03-16,Premium,Verified,Aggressive,Social Media,1
1049,Priya Patel,priya.patel1049@mailbox.com,9577202400,Delhi,Delhi,India,2024-04-12,Basic,Verified,Conservative,Agent,1
1050,Arjun Joshi,arjun.joshi1050@mailbox.com,9620296387,Kolkata,West Bengal,India,2023-09-18,Premium,Verified,Conservative,App Store,1
1051,Rahul Chopra,rahul.chopra1051@mailbox.com,9988028665,Kochi,Kerala,India,2025-04-16,Premium,Verified,Aggressive,Referral,1
1052,Myra Kumar,myra.kumar1052@mailbox.com,9714552281,Coimbatore,Tamil Nadu,India,2024-06-02,Premium,Rejected,Conservative,Social Media,1
1053,Rahul Bansal,rahul.bansal1053@mailbox.com,9755850381,Coimbatore,Tamil Nadu,India,2025-02-05,Premium,Pending,Moderate,YouTube,1
1054,Yash Mehta,yash.mehta1054@mailbox.com,9157361938,Pune,Maharashtra,India,2024-02-17,Basic,Verified,Conservative,YouTube,1
1055,Vihaan Jain,vihaan.jain1055@mailbox.com,9388002774,Bengaluru,Karnataka,India,2025-08-13,Basic,Verified,Conservative,YouTube,0
1056,Aryan Jain,aryan.jain1056@mailbox.com,9869600295,Hyderabad,Telangana,India,2025-02-15,Pro,Verified,Conservative,Social Media,0
1057,Anika Sharma,anika.sharma1057@mailbox.com,9655757077,Bengaluru,Karnataka,India,2023-12-21,Pro,Pending,Moderate,App Store,0
1058,Rajesh Pillai,rajesh.pillai1058@mailbox.com,9646535529,Vadodara,Gujarat,India,2025-10-21,Elite,Verified,Conservative,YouTube,0
1059,Aadhya Desai,aadhya.desai1059@mailbox.com,9658857314,Kochi,Kerala,India,2025-07-10,Elite,Verified,Conservative,Website,1
1060,Isha Bansal,isha.bansal1060@mailbox.com,9248389390,Chandigarh,Chandigarh,India,2024-09-22,Premium,Verified,Aggressive,YouTube,1
1061,Rajesh Kapoor,rajesh.kapoor1061@mailbox.com,9965188982,Bhopal,Madhya Pradesh,India,2023-01-18,Pro,Verified,Conservative,YouTube,1
1062,Sneha Bhatt,sneha.bhatt1062@mailbox.com,9368243133,Pune,Maharashtra,India,2024-09-21,Basic,Verified,Conservative,Agent,1
1063,Reyansh Bansal,reyansh.bansal1063@mailbox.com,9807795349,Lucknow,Uttar Pradesh,India,2025-01-05,Pro,Verified,Conservative,Referral,1
1064,Meera Verma,meera.verma1064@mailbox.com,9990940160,Chandigarh,Chandigarh,India,2024-01-24,Elite,Verified,Aggressive,Website,1
1065,Rajesh Bansal,rajesh.bansal1065@mailbox.com,9316831397,Chandigarh,Chandigarh,India,2023-06-03,Pro,Verified,Moderate,Website,1
1066,Sara Rao,sara.rao1066@mailbox.com,9670981268,Kanpur,Uttar Pradesh,India,2024-08-24,Basic,Verified,Aggressive,YouTube,1
1067,Varun Bansal,varun.bansal1067@mailbox.com,9138099526,Chandigarh,Chandigarh,India,2025-05-03,Basic,Verified,Aggressive,Google Ads,1
1068,Pooja Reddy,pooja.reddy1068@mailbox.com,9672500926,Pune,Maharashtra,India,2023-12-07,Basic,Verified,Conservative,Social Media,0
1069,Kavya Kumar,kavya.kumar1069@mailbox.com,9496917817,Jaipur,Rajasthan,India,2024-04-30,Basic,Verified,Aggressive,Website,1
1070,Aarav Yadav,aarav.yadav1070@mailbox.com,9164947296,Chandigarh,Chandigarh,India,2023-01-02,Pro,Verified,Moderate,Google Ads,1
1071,Priya Singh,priya.singh1071@mailbox.com,9704809502,Ahmedabad,Gujarat,India,2025-01-19,Premium,Verified,Moderate,Referral,1
1072,Rohan Saxena,rohan.saxena1072@mailbox.com,9972092559,Patna,Bihar,India,2025-07-11,Basic,Verified,Moderate,YouTube,1
1073,Rajesh Saxena,rajesh.saxena1073@mailbox.com,9174776844,Lucknow,Uttar Pradesh,India,2025-04-06,Premium,Verified,Aggressive,App Store,1
1074,Amit Pillai,amit.pillai1074@mailbox.com,9903504599,Kolkata,West Bengal,India,2024-04-02,Basic,Verified,Conservative,Social Media,1
1075,Riya Pandey,riya.pandey1075@mailbox.com,9859186303,Chennai,Tamil Nadu,India,2023-02-18,Premium,Verified,Conservative,Website,1
1076,Ishaan Sharma,ishaan.sharma1076@mailbox.com,9593004197,Indore,Madhya Pradesh,India,2024-06-08,Basic,Verified,Aggressive,YouTube,1
1077,Meera Joshi,meera.joshi1077@mailbox.com,9911240416,Lucknow,Uttar Pradesh,India,2025-09-28,Premium,Verified,Aggressive,Google Ads,0
1078,Ishaan Patel,ishaan.patel1078@mailbox.com,9378450024,Ahmedabad,Gujarat,India,2023-03-30,Premium,Verified,Moderate,Referral,1
1079,Aadhya Menon,aadhya.menon1079@mailbox.com,9748067518,Bhopal,Madhya Pradesh,India,2023-08-16,Premium,Verified,Conservative,App Store,1
1080,Anil Desai,anil.desai1080@mailbox.com,9728249704,Mumbai,Maharashtra,India,2025-06-10,Pro,Verified,Conservative,Referral,1
1081,Nikhil Mishra,nikhil.mishra1081@mailbox.com,9622433112,Delhi,Delhi,India,2024-08-28,Basic,Verified,Moderate,YouTube,1
1082,Aryan Bansal,aryan.bansal1082@mailbox.com,9888658527,Vadodara,Gujarat,India,2023-07-01,Premium,Verified,Aggressive,Agent,1
1083,Yash Rao,yash.rao1083@mailbox.com,9807509267,Surat,Gujarat,India,2023-01-26,Basic,Verified,Moderate,Referral,1
1084,Sanjay Pandey,sanjay.pandey1084@mailbox.com,9629545844,Kanpur,Uttar Pradesh,India,2024-03-13,Premium,Verified,Conservative,Website,1
1085,Rohan Choudhary,rohan.choudhary1085@mailbox.com,9979342633,Mumbai,Maharashtra,India,2024-09-25,Premium,Rejected,Moderate,YouTube,1
1086,Anil Trivedi,anil.trivedi1086@mailbox.com,9600004319,Nagpur,Maharashtra,India,2025-06-13,Premium,Verified,Conservative,Social Media,1
1087,Manoj Malhotra,manoj.malhotra1087@mailbox.com,9269931481,Jaipur,Rajasthan,India,2025-07-30,Pro,Verified,Moderate,Referral,1
1088,Aryan Malhotra,aryan.malhotra1088@mailbox.com,9914225075,Nagpur,Maharashtra,India,2024-05-02,Basic,Verified,Aggressive,YouTube,1
1089,Priya Bansal,priya.bansal1089@mailbox.com,9560113522,Mumbai,Maharashtra,India,2024-03-25,Pro,Verified,Moderate,Agent,1
1090,Reyansh Trivedi,reyansh.trivedi1090@mailbox.com,9834685450,Nagpur,Maharashtra,India,2025-09-18,Basic,Verified,Conservative,Social Media,1
1091,Rahul Reddy,rahul.reddy1091@mailbox.com,9393466486,Nagpur,Maharashtra,India,2025-04-07,Premium,Verified,Conservative,App Store,0
1092,Anika Yadav,anika.yadav1092@mailbox.com,9107986308,Kolkata,West Bengal,India,2023-08-11,Pro,Verified,Conservative,App Store,1
1093,Anil Patel,anil.patel1093@mailbox.com,9308267429,Delhi,Delhi,India,2024-12-26,Premium,Verified,Moderate,App Store,1
1094,Sara Malhotra,sara.malhotra1094@mailbox.com,9560869438,Vadodara,Gujarat,India,2025-01-31,Pro,Verified,Conservative,Website,1
1095,Kavya Joshi,kavya.joshi1095@mailbox.com,9752351121,Bhopal,Madhya Pradesh,India,2023-09-07,Pro,Verified,Aggressive,Google Ads,1
1096,Vihaan Desai,vihaan.desai1096@mailbox.com,9396219465,Indore,Madhya Pradesh,India,2025-11-07,Basic,Verified,Conservative,App Store,0
1097,Anil Choudhary,anil.choudhary1097@mailbox.com,9499984683,Patna,Bihar,India,2023-11-13,Elite,Verified,Conservative,Website,1
1098,Rajesh Pandey,rajesh.pandey1098@mailbox.com,9299489128,Surat,Gujarat,India,2024-08-08,Elite,Verified,Moderate,Social Media,1
1099,Vivaan Bhatt,vivaan.bhatt1099@mailbox.com,9834913354,Bengaluru,Karnataka,India,2024-06-09,Basic,Verified,Aggressive,Social Media,1
1100,Anika Rao,anika.rao1100@mailbox.com,9572370383,Lucknow,Uttar Pradesh,India,2025-01-07,Basic,Verified,Aggressive,Google Ads,1
1101,Zara Reddy,zara.reddy1101@mailbox.com,9229315227,Kochi,Kerala,India,2025-08-18,Basic,Verified,Aggressive,Google Ads,1
1102,Riya Mishra,riya.mishra1102@mailbox.com,9648614121,Kolkata,West Bengal,India,2024-02-23,Pro,Verified,Moderate,Google Ads,1
1103,Nikhil Kapoor,nikhil.kapoor1103@mailbox.com,9402126816,Vadodara,Gujarat,India,2024-02-14,Elite,Verified,Moderate,Website,1
1104,Ishaan Gupta,ishaan.gupta1104@mailbox.com,9878625683,Delhi,Delhi,India,2025-03-11,Pro,Verified,Moderate,YouTube,0
1105,Isha Shah,isha.shah1105@mailbox.com,9341289915,Pune,Maharashtra,India,2025-10-11,Basic,Verified,Conservative,YouTube,1
1106,Kabir Desai,kabir.desai1106@mailbox.com,9878257598,Ahmedabad,Gujarat,India,2025-08-25,Basic,Verified,Conservative,App Store,1
1107,Karan Sharma,karan.sharma1107@mailbox.com,9728081332,Indore,Madhya Pradesh,India,2025-03-12,Premium,Verified,Aggressive,Website,0
1108,Nikhil Bhatt,nikhil.bhatt1108@mailbox.com,9783396291,Hyderabad,Telangana,India,2025-01-18,Basic,Verified,Moderate,Agent,1
1109,Varun Pillai,varun.pillai1109@mailbox.com,9748533691,Chennai,Tamil Nadu,India,2025-03-29,Basic,Verified,Aggressive,App Store,1
1110,Vivaan Pillai,vivaan.pillai1110@mailbox.com,9510402425,Surat,Gujarat,India,2025-09-23,Basic,Verified,Aggressive,Website,1
1111,Pooja Jain,pooja.jain1111@mailbox.com,9244632673,Kolkata,West Bengal,India,2023-01-12,Basic,Verified,Conservative,Social Media,0
1112,Karan Kapoor,karan.kapoor1112@mailbox.com,9530226438,Kochi,Kerala,India,2024-09-18,Basic,Verified,Aggressive,Google Ads,1
1113,Kabir Malhotra,kabir.malhotra1113@mailbox.com,9218828694,Kochi,Kerala,India,2023-02-06,Pro,Verified,Conservative,Agent,1
1114,Diya Pillai,diya.pillai1114@mailbox.com,9406972273,Pune,Maharashtra,India,2024-09-06,Basic,Rejected,Aggressive,YouTube,1
1115,Kabir Patel,kabir.patel1115@mailbox.com,9731645283,Nagpur,Maharashtra,India,2024-02-25,Basic,Verified,Conservative,Website,1
1116,Zara Kumar,zara.kumar1116@mailbox.com,9597590844,Pune,Maharashtra,India,2023-11-21,Premium,Verified,Conservative,Google Ads,1
1117,Aryan Jain,aryan.jain1117@mailbox.com,9295065123,Pune,Maharashtra,India,2025-08-06,Elite,Verified,Moderate,Social Media,1
1118,Vikram Reddy,vikram.reddy1118@mailbox.com,9800129655,Surat,Gujarat,India,2025-01-25,Pro,Verified,Moderate,Social Media,1
1119,Meera Nair,meera.nair1119@mailbox.com,9482900891,Kolkata,West Bengal,India,2024-08-27,Premium,Verified,Conservative,YouTube,0
1120,Zara Mehta,zara.mehta1120@mailbox.com,9300801090,Bengaluru,Karnataka,India,2025-07-28,Premium,Verified,Aggressive,Agent,1
1121,Aarav Reddy,aarav.reddy1121@mailbox.com,9956049679,Kolkata,West Bengal,India,2023-04-15,Premium,Verified,Conservative,Website,0
1122,Vihaan Menon,vihaan.menon1122@mailbox.com,9660810464,Coimbatore,Tamil Nadu,India,2024-11-19,Premium,Pending,Aggressive,Agent,1
1123,Ananya Shah,ananya.shah1123@mailbox.com,9581887418,Kolkata,West Bengal,India,2023-06-16,Premium,Pending,Conservative,Website,0
1124,Karan Malhotra,karan.malhotra1124@mailbox.com,9365461129,Ahmedabad,Gujarat,India,2023-09-06,Premium,Rejected,Aggressive,Referral,1
1125,Anil Kumar,anil.kumar1125@mailbox.com,9893303973,Indore,Madhya Pradesh,India,2023-07-17,Premium,Verified,Aggressive,App Store,1
1126,Anil Rao,anil.rao1126@mailbox.com,9127158897,Bengaluru,Karnataka,India,2024-08-02,Basic,Verified,Moderate,Agent,1
1127,Deepak Kumar,deepak.kumar1127@mailbox.com,9261840569,Kolkata,West Bengal,India,2024-10-31,Basic,Verified,Moderate,Social Media,1
1128,Pooja Mishra,pooja.mishra1128@mailbox.com,9192334214,Hyderabad,Telangana,India,2025-03-16,Basic,Verified,Conservative,YouTube,1
1129,Sanjay Joshi,sanjay.joshi1129@mailbox.com,9817446156,Coimbatore,Tamil Nadu,India,2024-04-14,Basic,Verified,Aggressive,Website,1
1130,Pooja Bansal,pooja.bansal1130@mailbox.com,9276339297,Coimbatore,Tamil Nadu,India,2025-09-27,Premium,Verified,Conservative,Social Media,1
1131,Aadhya Gupta,aadhya.gupta1131@mailbox.com,9708823999,Patna,Bihar,India,2024-02-02,Premium,Verified,Moderate,Website,1
1132,Priya Malhotra,priya.malhotra1132@mailbox.com,9816043978,Chennai,Tamil Nadu,India,2023-06-16,Basic,Verified,Conservative,Website,1
1133,Suresh Pandey,suresh.pandey1133@mailbox.com,9890733875,Indore,Madhya Pradesh,India,2023-02-08,Basic,Verified,Aggressive,YouTube,1
1134,Rajesh Chopra,rajesh.chopra1134@mailbox.com,9167230252,Surat,Gujarat,India,2023-05-16,Basic,Verified,Moderate,Referral,0
1135,Neha Desai,neha.desai1135@mailbox.com,9503836512,Kochi,Kerala,India,2024-04-19,Premium,Verified,Moderate,Referral,1
1136,Aditya Patel,aditya.patel1136@mailbox.com,9953976298,Hyderabad,Telangana,India,2024-03-15,Basic,Verified,Conservative,Referral,1
1137,Meera Kumar,meera.kumar1137@mailbox.com,9269323603,Bhopal,Madhya Pradesh,India,2025-06-28,Basic,Verified,Conservative,App Store,1
1138,Myra Saxena,myra.saxena1138@mailbox.com,9616845802,Hyderabad,Telangana,India,2023-05-14,Basic,Verified,Moderate,Social Media,1
1139,Divya Verma,divya.verma1139@mailbox.com,9207230547,Nagpur,Maharashtra,India,2023-10-07,Premium,Verified,Aggressive,Social Media,1
1140,Amit Malhotra,amit.malhotra1140@mailbox.com,9536868047,Kochi,Kerala,India,2025-11-10,Basic,Verified,Moderate,Google Ads,0
1141,Kiran Joshi,kiran.joshi1141@mailbox.com,9100929444,Delhi,Delhi,India,2023-01-31,Premium,Verified,Conservative,Agent,0
1142,Kavya Sharma,kavya.sharma1142@mailbox.com,9775114457,Bengaluru,Karnataka,India,2024-03-27,Premium,Verified,Moderate,Website,1
1143,Varun Nair,varun.nair1143@mailbox.com,9644397897,Chandigarh,Chandigarh,India,2023-07-31,Elite,Verified,Conservative,Google Ads,1
1144,Anil Tiwari,anil.tiwari1144@mailbox.com,9187381125,Mumbai,Maharashtra,India,2024-07-22,Premium,Verified,Moderate,Google Ads,1
1145,Kavya Gupta,kavya.gupta1145@mailbox.com,9549525759,Surat,Gujarat,India,2025-11-02,Basic,Verified,Moderate,Website,1
1146,Zara Shah,zara.shah1146@mailbox.com,9485390878,Kanpur,Uttar Pradesh,India,2023-08-30,Basic,Verified,Conservative,App Store,1
1147,Amit Iyer,amit.iyer1147@mailbox.com,9706283288,Pune,Maharashtra,India,2024-01-30,Pro,Verified,Conservative,Google Ads,1
1148,Rajesh Saxena,rajesh.saxena1148@mailbox.com,9548942134,Kochi,Kerala,India,2024-04-23,Basic,Verified,Moderate,Social Media,1
1149,Sneha Gupta,sneha.gupta1149@mailbox.com,9513079243,Chandigarh,Chandigarh,India,2025-04-30,Pro,Verified,Moderate,YouTube,0
1150,Deepak Mishra,deepak.mishra1150@mailbox.com,9847946178,Pune,Maharashtra,India,2025-11-14,Premium,Verified,Aggressive,App Store,1
1151,Myra Sharma,myra.sharma1151@mailbox.com,9567163965,Mumbai,Maharashtra,India,2023-04-13,Basic,Verified,Moderate,Social Media,1
1152,Rahul Pandey,rahul.pandey1152@mailbox.com,9832795893,Bengaluru,Karnataka,India,2024-06-04,Basic,Verified,Moderate,Social Media,1
1153,Anika Desai,anika.desai1153@mailbox.com,9896806787,Bengaluru,Karnataka,India,2025-03-12,Pro,Verified,Moderate,Google Ads,1
1154,Nikhil Agarwal,nikhil.agarwal1154@mailbox.com,9863438822,Vadodara,Gujarat,India,2023-01-10,Elite,Verified,Aggressive,Social Media,1
1155,Isha Sharma,isha.sharma1155@mailbox.com,9959991931,Nagpur,Maharashtra,India,2025-05-08,Pro,Verified,Conservative,Website,0
1156,Vikram Pillai,vikram.pillai1156@mailbox.com,9728085634,Surat,Gujarat,India,2023-09-16,Basic,Verified,Moderate,App Store,1
1157,Arjun Gupta,arjun.gupta1157@mailbox.com,9605583614,Chennai,Tamil Nadu,India,2024-07-06,Pro,Verified,Moderate,YouTube,1
1158,Deepak Pillai,deepak.pillai1158@mailbox.com,9577500225,Kochi,Kerala,India,2025-11-08,Basic,Verified,Moderate,Google Ads,1
1159,Sara Bhatt,sara.bhatt1159@mailbox.com,9284051047,Bhopal,Madhya Pradesh,India,2024-11-07,Basic,Verified,Aggressive,Referral,1
1160,Kavya Mehta,kavya.mehta1160@mailbox.com,9845091388,Patna,Bihar,India,2025-11-19,Premium,Verified,Moderate,App Store,1
1161,Vikram Rao,vikram.rao1161@mailbox.com,9723947080,Lucknow,Uttar Pradesh,India,2024-10-04,Elite,Verified,Conservative,Website,0
1162,Zara Reddy,zara.reddy1162@mailbox.com,9885954172,Surat,Gujarat,India,2023-08-13,Basic,Verified,Aggressive,Website,1
1163,Anil Reddy,anil.reddy1163@mailbox.com,9731338344,Kanpur,Uttar Pradesh,India,2025-01-07,Premium,Verified,Conservative,App Store,1
1164,Amit Singh,amit.singh1164@mailbox.com,9532436132,Ahmedabad,Gujarat,India,2024-10-17,Basic,Verified,Aggressive,Referral,1
1165,Rahul Rao,rahul.rao1165@mailbox.com,9365715044,Nagpur,Maharashtra,India,2023-11-27,Basic,Verified,Moderate,Agent,0
1166,Arjun Desai,arjun.desai1166@mailbox.com,9760251962,Pune,Maharashtra,India,2023-03-23,Basic,Verified,Moderate,Website,0
1167,Aarav Joshi,aarav.joshi1167@mailbox.com,9887336311,Vadodara,Gujarat,India,2024-11-21,Pro,Verified,Conservative,Referral,1
1168,Sara Bhatt,sara.bhatt1168@mailbox.com,9559422698,Bhopal,Madhya Pradesh,India,2024-09-06,Basic,Verified,Aggressive,Website,1
1169,Aryan Shah,aryan.shah1169@mailbox.com,9130873697,Bhopal,Madhya Pradesh,India,2025-04-03,Premium,Verified,Moderate,Agent,1
1170,Nikhil Trivedi,nikhil.trivedi1170@mailbox.com,9162358835,Bhopal,Madhya Pradesh,India,2023-05-15,Basic,Verified,Aggressive,Referral,0
1171,Pooja Iyer,pooja.iyer1171@mailbox.com,9736086842,Jaipur,Rajasthan,India,2024-07-27,Premium,Verified,Aggressive,Google Ads,1
1172,Pooja Joshi,pooja.joshi1172@mailbox.com,9302042845,Vadodara,Gujarat,India,2025-05-21,Basic,Verified,Aggressive,App Store,0
1173,Sara Pandey,sara.pandey1173@mailbox.com,9173803619,Chennai,Tamil Nadu,India,2025-08-07,Basic,Rejected,Conservative,YouTube,0
1174,Kabir Reddy,kabir.reddy1174@mailbox.com,9798758720,Nagpur,Maharashtra,India,2025-09-27,Premium,Verified,Conservative,Referral,1
1175,Aarav Malhotra,aarav.malhotra1175@mailbox.com,9549879845,Delhi,Delhi,India,2023-08-14,Premium,Verified,Moderate,Agent,1
1176,Kavya Malhotra,kavya.malhotra1176@mailbox.com,9644366972,Kolkata,West Bengal,India,2023-07-04,Elite,Verified,Conservative,Referral,1
1177,Isha Trivedi,isha.trivedi1177@mailbox.com,9457019458,Nagpur,Maharashtra,India,2024-09-05,Basic,Verified,Aggressive,Website,1
1178,Kabir Iyer,kabir.iyer1178@mailbox.com,9890512144,Lucknow,Uttar Pradesh,India,2024-05-07,Premium,Verified,Aggressive,Referral,0
1179,Ananya Bhatt,ananya.bhatt1179@mailbox.com,9204152065,Coimbatore,Tamil Nadu,India,2023-09-07,Pro,Verified,Moderate,Website,1
1180,Aarav Pandey,aarav.pandey1180@mailbox.com,9862402475,Indore,Madhya Pradesh,India,2023-04-19,Basic,Verified,Aggressive,YouTube,1
1181,Neha Bansal,neha.bansal1181@mailbox.com,9105780099,Jaipur,Rajasthan,India,2023-06-02,Pro,Verified,Moderate,Agent,1
1182,Varun Mishra,varun.mishra1182@mailbox.com,9787850128,Jaipur,Rajasthan,India,2023-12-28,Elite,Verified,Aggressive,Google Ads,1
1183,Sneha Patel,sneha.patel1183@mailbox.com,9804330660,Indore,Madhya Pradesh,India,2025-02-26,Pro,Verified,Conservative,Social Media,1
1184,Anika Pandey,anika.pandey1184@mailbox.com,9466924817,Patna,Bihar,India,2023-03-11,Premium,Verified,Conservative,Google Ads,1
1185,Aadhya Patel,aadhya.patel1185@mailbox.com,9352497020,Kolkata,West Bengal,India,2023-04-23,Premium,Verified,Aggressive,Google Ads,1
1186,Isha Jain,isha.jain1186@mailbox.com,9228024328,Nagpur,Maharashtra,India,2023-10-09,Premium,Verified,Aggressive,Agent,1
1187,Reyansh Bansal,reyansh.bansal1187@mailbox.com,9405943244,Nagpur,Maharashtra,India,2025-07-19,Premium,Verified,Conservative,YouTube,1
1188,Vikram Tiwari,vikram.tiwari1188@mailbox.com,9702684377,Mumbai,Maharashtra,India,2025-11-20,Elite,Verified,Aggressive,YouTube,0
1189,Sanjay Singh,sanjay.singh1189@mailbox.com,9752392558,Coimbatore,Tamil Nadu,India,2024-04-13,Basic,Verified,Moderate,Agent,1
1190,Aarav Malhotra,aarav.malhotra1190@mailbox.com,9263159759,Nagpur,Maharashtra,India,2023-02-17,Pro,Verified,Aggressive,Social Media,1
1191,Aadhya Pandey,aadhya.pandey1191@mailbox.com,9110025562,Chennai,Tamil Nadu,India,2023-01-13,Premium,Verified,Conservative,Social Media,0
1192,Diya Verma,diya.verma1192@mailbox.com,9605183034,Indore,Madhya Pradesh,India,2025-07-03,Basic,Pending,Aggressive,Social Media,1
1193,Ishaan Rao,ishaan.rao1193@mailbox.com,9622706656,Surat,Gujarat,India,2024-04-18,Premium,Verified,Conservative,Agent,1
1194,Meera Gupta,meera.gupta1194@mailbox.com,9785202746,Coimbatore,Tamil Nadu,India,2023-03-24,Pro,Verified,Conservative,App Store,1
1195,Amit Joshi,amit.joshi1195@mailbox.com,9595278797,Mumbai,Maharashtra,India,2025-06-06,Premium,Verified,Aggressive,Agent,1
1196,Pooja Bansal,pooja.bansal1196@mailbox.com,9632651891,Jaipur,Rajasthan,India,2024-07-17,Pro,Verified,Aggressive,Agent,1
1197,Meera Pillai,meera.pillai1197@mailbox.com,9681001179,Hyderabad,Telangana,India,2024-01-08,Basic,Verified,Conservative,YouTube,1
1198,Aryan Rao,aryan.rao1198@mailbox.com,9709817923,Nagpur,Maharashtra,India,2024-04-26,Pro,Verified,Moderate,Website,1
1199,Manoj Kumar,manoj.kumar1199@mailbox.com,9275899725,Kanpur,Uttar Pradesh,India,2023-08-28,Premium,Verified,Aggressive,Social Media,1
1200,Neha Patel,neha.patel1200@mailbox.com,9875510105,Lucknow,Uttar Pradesh,India,2025-09-19,Pro,Verified,Moderate,Social Media,1
1201,Kiran Tiwari,kiran.tiwari1201@mailbox.com,9491482609,Vadodara,Gujarat,India,2025-04-18,Basic,Verified,Moderate,Website,0
1202,Zara Tiwari,zara.tiwari1202@mailbox.com,9511006416,Kanpur,Uttar Pradesh,India,2023-07-31,Basic,Verified,Conservative,Referral,1
1203,Aryan Reddy,aryan.reddy1203@mailbox.com,9547758910,Jaipur,Rajasthan,India,2025-02-21,Pro,Verified,Moderate,Agent,1
1204,Rajesh Patel,rajesh.patel1204@mailbox.com,9835633485,Delhi,Delhi,India,2023-07-11,Basic,Verified,Aggressive,Social Media,1
1205,Priya Verma,priya.verma1205@mailbox.com,9258374812,Kolkata,West Bengal,India,2024-04-27,Basic,Rejected,Moderate,Google Ads,1
1206,Nikhil Tiwari,nikhil.tiwari1206@mailbox.com,9407370429,Kochi,Kerala,India,2025-03-08,Pro,Verified,Conservative,Agent,1
1207,Rahul Saxena,rahul.saxena1207@mailbox.com,9653211898,Lucknow,Uttar Pradesh,India,2023-02-08,Premium,Verified,Aggressive,Referral,1
1208,Meera Trivedi,meera.trivedi1208@mailbox.com,9724071722,Coimbatore,Tamil Nadu,India,2025-02-11,Pro,Verified,Moderate,App Store,0
1209,Diya Mehta,diya.mehta1209@mailbox.com,9366182205,Kanpur,Uttar Pradesh,India,2023-08-29,Premium,Verified,Conservative,Social Media,0
1210,Yash Desai,yash.desai1210@mailbox.com,9205459713,Kanpur,Uttar Pradesh,India,2025-01-14,Elite,Verified,Moderate,Social Media,0
1211,Neha Verma,neha.verma1211@mailbox.com,9556862273,Jaipur,Rajasthan,India,2024-06-15,Premium,Verified,Conservative,Referral,1
1212,Suresh Choudhary,suresh.choudhary1212@mailbox.com,9674699207,Nagpur,Maharashtra,India,2023-01-28,Premium,Verified,Aggressive,App Store,1
1213,Riya Menon,riya.menon1213@mailbox.com,9789901473,Delhi,Delhi,India,2025-03-22,Pro,Verified,Aggressive,Social Media,1
1214,Deepak Joshi,deepak.joshi1214@mailbox.com,9102672809,Delhi,Delhi,India,2023-10-04,Premium,Verified,Aggressive,Agent,1
1215,Aditya Saxena,aditya.saxena1215@mailbox.com,9115812914,Lucknow,Uttar Pradesh,India,2025-10-11,Basic,Verified,Moderate,Agent,1
1216,Arjun Desai,arjun.desai1216@mailbox.com,9447851299,Nagpur,Maharashtra,India,2025-06-13,Basic,Verified,Conservative,Google Ads,1
1217,Rahul Malhotra,rahul.malhotra1217@mailbox.com,9607523973,Nagpur,Maharashtra,India,2023-07-25,Premium,Verified,Conservative,Social Media,1
1218,Divya Patel,divya.patel1218@mailbox.com,9103209690,Jaipur,Rajasthan,India,2024-10-01,Pro,Verified,Conservative,YouTube,0
1219,Manoj Sharma,manoj.sharma1219@mailbox.com,9256100515,Kolkata,West Bengal,India,2024-01-21,Premium,Verified,Moderate,Referral,1
1220,Anika Tiwari,anika.tiwari1220@mailbox.com,9477016790,Bhopal,Madhya Pradesh,India,2024-10-03,Pro,Verified,Conservative,Social Media,0
1221,Pooja Mehta,pooja.mehta1221@mailbox.com,9351445005,Indore,Madhya Pradesh,India,2024-08-16,Pro,Verified,Aggressive,Website,1
1222,Sanjay Joshi,sanjay.joshi1222@mailbox.com,9739489889,Mumbai,Maharashtra,India,2023-11-12,Basic,Verified,Conservative,Social Media,1
1223,Yash Choudhary,yash.choudhary1223@mailbox.com,9131241951,Lucknow,Uttar Pradesh,India,2024-11-24,Premium,Verified,Conservative,Agent,1
1224,Priya Rao,priya.rao1224@mailbox.com,9252516483,Bhopal,Madhya Pradesh,India,2023-10-05,Premium,Verified,Aggressive,Referral,1
1225,Aadhya Bansal,aadhya.bansal1225@mailbox.com,9496575517,Patna,Bihar,India,2025-08-24,Basic,Verified,Aggressive,Social Media,0
1226,Yash Saxena,yash.saxena1226@mailbox.com,9987966452,Kolkata,West Bengal,India,2025-10-05,Premium,Verified,Moderate,Social Media,1
1227,Arjun Menon,arjun.menon1227@mailbox.com,9696396500,Coimbatore,Tamil Nadu,India,2023-06-26,Premium,Verified,Conservative,Agent,1
1228,Aryan Desai,aryan.desai1228@mailbox.com,9998670483,Surat,Gujarat,India,2025-02-14,Pro,Verified,Conservative,Referral,1
1229,Ishaan Sharma,ishaan.sharma1229@mailbox.com,9117697809,Jaipur,Rajasthan,India,2025-09-16,Premium,Verified,Moderate,Google Ads,1
1230,Diya Malhotra,diya.malhotra1230@mailbox.com,9747863127,Indore,Madhya Pradesh,India,2023-05-16,Basic,Verified,Aggressive,Referral,1
1231,Manoj Kapoor,manoj.kapoor1231@mailbox.com,9168128443,Kochi,Kerala,India,2025-02-26,Premium,Verified,Moderate,Google Ads,1
1232,Divya Pillai,divya.pillai1232@mailbox.com,9650671168,Chennai,Tamil Nadu,India,2025-09-25,Pro,Verified,Conservative,Google Ads,1
1233,Yash Kumar,yash.kumar1233@mailbox.com,9393354505,Hyderabad,Telangana,India,2023-08-28,Premium,Verified,Moderate,Agent,1
1234,Divya Kumar,divya.kumar1234@mailbox.com,9799306256,Jaipur,Rajasthan,India,2024-09-12,Basic,Verified,Conservative,Referral,1
1235,Pooja Trivedi,pooja.trivedi1235@mailbox.com,9211917135,Delhi,Delhi,India,2025-04-29,Pro,Verified,Moderate,Google Ads,1
1236,Kavya Choudhary,kavya.choudhary1236@mailbox.com,9532684253,Chandigarh,Chandigarh,India,2023-12-22,Basic,Verified,Moderate,Agent,1
1237,Aarav Shah,aarav.shah1237@mailbox.com,9567374552,Vadodara,Gujarat,India,2023-09-11,Basic,Rejected,Aggressive,Agent,1
1238,Arjun Mehta,arjun.mehta1238@mailbox.com,9131755599,Indore,Madhya Pradesh,India,2024-02-27,Basic,Verified,Conservative,Google Ads,1
1239,Diya Yadav,diya.yadav1239@mailbox.com,9379369204,Vadodara,Gujarat,India,2023-12-24,Premium,Verified,Moderate,Referral,1
1240,Vivaan Mehta,vivaan.mehta1240@mailbox.com,9738456237,Delhi,Delhi,India,2025-02-11,Pro,Verified,Conservative,Agent,1
1241,Rahul Desai,rahul.desai1241@mailbox.com,9964744546,Indore,Madhya Pradesh,India,2024-01-31,Basic,Pending,Moderate,Google Ads,1
1242,Suresh Kumar,suresh.kumar1242@mailbox.com,9986142250,Jaipur,Rajasthan,India,2024-02-05,Pro,Verified,Aggressive,YouTube,1
1243,Yash Pandey,yash.pandey1243@mailbox.com,9582131824,Kolkata,West Bengal,India,2025-10-02,Premium,Verified,Aggressive,Website,1
1244,Zara Joshi,zara.joshi1244@mailbox.com,9529814688,Pune,Maharashtra,India,2024-09-08,Pro,Verified,Aggressive,Website,1
1245,Kiran Shah,kiran.shah1245@mailbox.com,9517119008,Kanpur,Uttar Pradesh,India,2025-09-16,Pro,Pending,Conservative,Social Media,1
1246,Aryan Joshi,aryan.joshi1246@mailbox.com,9457516709,Indore,Madhya Pradesh,India,2025-01-26,Pro,Verified,Aggressive,App Store,1
1247,Deepak Bhatt,deepak.bhatt1247@mailbox.com,9425146960,Hyderabad,Telangana,India,2025-07-31,Basic,Verified,Aggressive,Agent,1
1248,Riya Malhotra,riya.malhotra1248@mailbox.com,9451420744,Indore,Madhya Pradesh,India,2023-07-28,Basic,Verified,Aggressive,Social Media,1
1249,Kavya Verma,kavya.verma1249@mailbox.com,9126332750,Coimbatore,Tamil Nadu,India,2025-09-26,Elite,Verified,Aggressive,Google Ads,1
1250,Aryan Patel,aryan.patel1250@mailbox.com,9749259993,Mumbai,Maharashtra,India,2025-10-02,Premium,Verified,Conservative,Agent,1
1251,Karan Choudhary,karan.choudhary1251@mailbox.com,9698565548,Kochi,Kerala,India,2023-02-13,Premium,Verified,Aggressive,Referral,1
1252,Aadhya Patel,aadhya.patel1252@mailbox.com,9440563950,Indore,Madhya Pradesh,India,2024-01-15,Pro,Verified,Aggressive,Referral,0
1253,Aditya Mehta,aditya.mehta1253@mailbox.com,9666993225,Pune,Maharashtra,India,2024-03-16,Pro,Verified,Conservative,Website,1
1254,Suresh Iyer,suresh.iyer1254@mailbox.com,9946975711,Bhopal,Madhya Pradesh,India,2024-03-22,Premium,Verified,Moderate,Google Ads,1
1255,Pooja Rao,pooja.rao1255@mailbox.com,9931977947,Indore,Madhya Pradesh,India,2025-04-08,Pro,Verified,Moderate,App Store,1
1256,Vihaan Singh,vihaan.singh1256@mailbox.com,9810692607,Patna,Bihar,India,2025-01-13,Basic,Verified,Conservative,Referral,1
1257,Rohan Pillai,rohan.pillai1257@mailbox.com,9625008238,Delhi,Delhi,India,2023-08-15,Pro,Verified,Conservative,Website,0
1258,Sanjay Choudhary,sanjay.choudhary1258@mailbox.com,9124882322,Delhi,Delhi,India,2024-10-10,Elite,Verified,Conservative,Referral,1
1259,Amit Saxena,amit.saxena1259@mailbox.com,9560989286,Indore,Madhya Pradesh,India,2025-11-03,Basic,Verified,Conservative,Website,1
1260,Manoj Tiwari,manoj.tiwari1260@mailbox.com,9836693992,Pune,Maharashtra,India,2024-04-13,Basic,Pending,Moderate,App Store,1
1261,Ananya Singh,ananya.singh1261@mailbox.com,9860406020,Chennai,Tamil Nadu,India,2025-09-15,Pro,Verified,Conservative,Google Ads,1
1262,Nikhil Chopra,nikhil.chopra1262@mailbox.com,9795571679,Jaipur,Rajasthan,India,2024-11-22,Premium,Verified,Conservative,Google Ads,1
1263,Anika Rao,anika.rao1263@mailbox.com,9987854922,Bhopal,Madhya Pradesh,India,2025-09-12,Basic,Rejected,Moderate,App Store,1
1264,Manoj Pandey,manoj.pandey1264@mailbox.com,9564844354,Hyderabad,Telangana,India,2025-08-19,Basic,Verified,Conservative,Website,1
1265,Karan Iyer,karan.iyer1265@mailbox.com,9198733015,Vadodara,Gujarat,India,2023-01-18,Basic,Verified,Moderate,Google Ads,1
1266,Vivaan Gupta,vivaan.gupta1266@mailbox.com,9547135656,Jaipur,Rajasthan,India,2025-05-02,Basic,Pending,Moderate,Social Media,1
1267,Aditya Choudhary,aditya.choudhary1267@mailbox.com,9386842616,Hyderabad,Telangana,India,2023-07-21,Pro,Pending,Moderate,YouTube,1
1268,Myra Verma,myra.verma1268@mailbox.com,9851974212,Delhi,Delhi,India,2025-05-27,Premium,Verified,Moderate,Google Ads,1
1269,Yash Mehta,yash.mehta1269@mailbox.com,9799424641,Kochi,Kerala,India,2025-05-10,Premium,Rejected,Conservative,Google Ads,1
1270,Vivaan Saxena,vivaan.saxena1270@mailbox.com,9482306759,Bengaluru,Karnataka,India,2023-10-03,Basic,Verified,Conservative,YouTube,0
1271,Myra Nair,myra.nair1271@mailbox.com,9449417760,Jaipur,Rajasthan,India,2023-03-12,Basic,Verified,Moderate,Referral,1
1272,Arjun Trivedi,arjun.trivedi1272@mailbox.com,9243516108,Surat,Gujarat,India,2024-03-22,Basic,Verified,Moderate,Referral,0
1273,Varun Menon,varun.menon1273@mailbox.com,9138849402,Kanpur,Uttar Pradesh,India,2023-11-19,Pro,Verified,Aggressive,Agent,1
1274,Sneha Jain,sneha.jain1274@mailbox.com,9381608949,Kolkata,West Bengal,India,2024-08-12,Elite,Verified,Conservative,App Store,1
1275,Rajesh Iyer,rajesh.iyer1275@mailbox.com,9338682162,Bengaluru,Karnataka,India,2023-03-29,Basic,Verified,Conservative,Referral,1
1276,Meera Verma,meera.verma1276@mailbox.com,9998625982,Bhopal,Madhya Pradesh,India,2023-02-17,Elite,Verified,Moderate,Google Ads,0
1277,Priya Gupta,priya.gupta1277@mailbox.com,9712953125,Lucknow,Uttar Pradesh,India,2024-04-10,Basic,Verified,Aggressive,YouTube,1
1278,Rajesh Bhatt,rajesh.bhatt1278@mailbox.com,9596251613,Mumbai,Maharashtra,India,2025-03-30,Basic,Verified,Conservative,Referral,1
1279,Aarav Verma,aarav.verma1279@mailbox.com,9260986014,Hyderabad,Telangana,India,2023-12-02,Pro,Verified,Conservative,Social Media,1
1280,Deepak Bansal,deepak.bansal1280@mailbox.com,9857030871,Nagpur,Maharashtra,India,2023-12-11,Basic,Verified,Moderate,Social Media,1
1281,Divya Sharma,divya.sharma1281@mailbox.com,9680295191,Hyderabad,Telangana,India,2023-06-24,Pro,Verified,Moderate,Social Media,1
1282,Divya Joshi,divya.joshi1282@mailbox.com,9563332749,Ahmedabad,Gujarat,India,2023-10-28,Basic,Verified,Moderate,App Store,1
1283,Sara Menon,sara.menon1283@mailbox.com,9519370251,Bengaluru,Karnataka,India,2023-11-15,Pro,Verified,Conservative,Google Ads,1
1284,Manoj Patel,manoj.patel1284@mailbox.com,9597310874,Patna,Bihar,India,2023-10-04,Basic,Verified,Moderate,Agent,1
1285,Sara Malhotra,sara.malhotra1285@mailbox.com,9855694835,Indore,Madhya Pradesh,India,2024-01-02,Basic,Pending,Moderate,Social Media,1
1286,Vivaan Yadav,vivaan.yadav1286@mailbox.com,9748114081,Patna,Bihar,India,2023-10-29,Basic,Verified,Conservative,YouTube,1
1287,Nikhil Gupta,nikhil.gupta1287@mailbox.com,9536498868,Delhi,Delhi,India,2024-12-26,Elite,Verified,Aggressive,Social Media,1
1288,Karan Verma,karan.verma1288@mailbox.com,9700861238,Ahmedabad,Gujarat,India,2023-12-26,Premium,Verified,Moderate,Referral,1
1289,Arjun Mehta,arjun.mehta1289@mailbox.com,9393617283,Kolkata,West Bengal,India,2025-03-14,Premium,Verified,Conservative,Referral,1
1290,Neha Shah,neha.shah1290@mailbox.com,9646112250,Indore,Madhya Pradesh,India,2024-10-06,Basic,Verified,Aggressive,Agent,1
1291,Karan Chopra,karan.chopra1291@mailbox.com,9266758820,Chandigarh,Chandigarh,India,2024-11-13,Basic,Verified,Aggressive,Google Ads,1
1292,Deepak Desai,deepak.desai1292@mailbox.com,9970257711,Chennai,Tamil Nadu,India,2024-09-13,Basic,Verified,Conservative,Website,1
1293,Anika Verma,anika.verma1293@mailbox.com,9717549716,Patna,Bihar,India,2025-09-09,Pro,Verified,Aggressive,YouTube,1
1294,Aarav Trivedi,aarav.trivedi1294@mailbox.com,9447341336,Nagpur,Maharashtra,India,2023-09-30,Basic,Verified,Moderate,Agent,1
1295,Yash Gupta,yash.gupta1295@mailbox.com,9293162273,Chandigarh,Chandigarh,India,2025-11-12,Basic,Verified,Conservative,Referral,1
1296,Rahul Saxena,rahul.saxena1296@mailbox.com,9924206672,Delhi,Delhi,India,2023-08-08,Premium,Verified,Moderate,Google Ads,1
1297,Ananya Kumar,ananya.kumar1297@mailbox.com,9840973874,Vadodara,Gujarat,India,2023-05-28,Premium,Verified,Conservative,Website,1
1298,Sneha Jain,sneha.jain1298@mailbox.com,9140066737,Jaipur,Rajasthan,India,2025-05-30,Basic,Verified,Aggressive,Website,1
1299,Amit Mehta,amit.mehta1299@mailbox.com,9672150838,Kolkata,West Bengal,India,2025-08-12,Basic,Verified,Conservative,Agent,1
1300,Vivaan Patel,vivaan.patel1300@mailbox.com,9203156370,Hyderabad,Telangana,India,2023-04-09,Basic,Verified,Moderate,App Store,1
1301,Rajesh Agarwal,rajesh.agarwal1301@mailbox.com,9364705924,Vadodara,Gujarat,India,2024-09-30,Premium,Verified,Conservative,Social Media,1
1302,Aadhya Sharma,aadhya.sharma1302@mailbox.com,9611216125,Kochi,Kerala,India,2024-06-30,Basic,Verified,Aggressive,App Store,1
1303,Sneha Kumar,sneha.kumar1303@mailbox.com,9324211265,Bengaluru,Karnataka,India,2023-08-23,Premium,Verified,Conservative,YouTube,1
1304,Kiran Menon,kiran.menon1304@mailbox.com,9623349511,Jaipur,Rajasthan,India,2024-07-08,Basic,Verified,Moderate,YouTube,1
1305,Neha Joshi,neha.joshi1305@mailbox.com,9820650673,Bhopal,Madhya Pradesh,India,2024-12-31,Pro,Verified,Moderate,Agent,1
1306,Priya Agarwal,priya.agarwal1306@mailbox.com,9239664607,Nagpur,Maharashtra,India,2024-09-03,Elite,Verified,Moderate,Referral,1
1307,Ananya Shah,ananya.shah1307@mailbox.com,9816545447,Hyderabad,Telangana,India,2024-07-07,Basic,Verified,Moderate,Agent,1
1308,Karan Singh,karan.singh1308@mailbox.com,9300130687,Ahmedabad,Gujarat,India,2025-08-01,Premium,Verified,Conservative,Social Media,1
1309,Aadhya Bansal,aadhya.bansal1309@mailbox.com,9130038602,Ahmedabad,Gujarat,India,2023-08-29,Basic,Pending,Moderate,Website,0
1310,Deepak Patel,deepak.patel1310@mailbox.com,9501779133,Kolkata,West Bengal,India,2024-10-26,Pro,Verified,Moderate,Google Ads,1
1311,Rahul Kapoor,rahul.kapoor1311@mailbox.com,9372058493,Vadodara,Gujarat,India,2023-12-04,Premium,Verified,Conservative,Social Media,1
1312,Kavya Joshi,kavya.joshi1312@mailbox.com,9266075317,Chennai,Tamil Nadu,India,2025-11-02,Premium,Verified,Conservative,YouTube,1
1313,Suresh Verma,suresh.verma1313@mailbox.com,9480565866,Bhopal,Madhya Pradesh,India,2023-09-25,Basic,Verified,Conservative,Google Ads,0
1314,Deepak Gupta,deepak.gupta1314@mailbox.com,9881971332,Coimbatore,Tamil Nadu,India,2025-07-16,Basic,Verified,Moderate,Referral,1
1315,Nikhil Jain,nikhil.jain1315@mailbox.com,9627023811,Patna,Bihar,India,2024-11-04,Premium,Verified,Conservative,Referral,1
1316,Diya Verma,diya.verma1316@mailbox.com,9755052944,Patna,Bihar,India,2023-08-17,Premium,Pending,Conservative,Google Ads,1
1317,Meera Bhatt,meera.bhatt1317@mailbox.com,9234574307,Hyderabad,Telangana,India,2025-03-19,Pro,Pending,Aggressive,Referral,1
1318,Vikram Pandey,vikram.pandey1318@mailbox.com,9168245899,Bengaluru,Karnataka,India,2023-09-14,Pro,Verified,Aggressive,Website,0
1319,Anika Malhotra,anika.malhotra1319@mailbox.com,9796980074,Patna,Bihar,India,2023-10-07,Premium,Verified,Aggressive,App Store,1
1320,Sara Joshi,sara.joshi1320@mailbox.com,9897037317,Bhopal,Madhya Pradesh,India,2024-01-03,Premium,Verified,Aggressive,Google Ads,0
1321,Arjun Bhatt,arjun.bhatt1321@mailbox.com,9191571866,Bhopal,Madhya Pradesh,India,2024-12-27,Pro,Verified,Moderate,Agent,1
1322,Ananya Yadav,ananya.yadav1322@mailbox.com,9528892761,Jaipur,Rajasthan,India,2024-02-21,Pro,Verified,Aggressive,Google Ads,0
1323,Amit Singh,amit.singh1323@mailbox.com,9456856981,Kanpur,Uttar Pradesh,India,2024-08-29,Pro,Verified,Aggressive,Referral,1
1324,Kiran Tiwari,kiran.tiwari1324@mailbox.com,9769728902,Mumbai,Maharashtra,India,2024-08-11,Elite,Verified,Conservative,Website,0
1325,Deepak Tiwari,deepak.tiwari1325@mailbox.com,9536300655,Kolkata,West Bengal,India,2023-07-29,Basic,Verified,Conservative,Agent,1
1326,Kabir Kumar,kabir.kumar1326@mailbox.com,9864831410,Kanpur,Uttar Pradesh,India,2023-09-05,Premium,Verified,Aggressive,YouTube,1
1327,Sneha Verma,sneha.verma1327@mailbox.com,9659732971,Bengaluru,Karnataka,India,2023-11-23,Premium,Verified,Aggressive,Google Ads,1
1328,Vihaan Saxena,vihaan.saxena1328@mailbox.com,9637660954,Bengaluru,Karnataka,India,2023-08-25,Basic,Verified,Aggressive,Agent,1
1329,Sneha Gupta,sneha.gupta1329@mailbox.com,9333428060,Mumbai,Maharashtra,India,2025-09-05,Premium,Verified,Moderate,Agent,1
1330,Kavya Pillai,kavya.pillai1330@mailbox.com,9993239169,Chennai,Tamil Nadu,India,2024-02-11,Basic,Verified,Aggressive,App Store,1
1331,Anika Verma,anika.verma1331@mailbox.com,9324821888,Vadodara,Gujarat,India,2024-03-07,Premium,Verified,Aggressive,YouTube,1
1332,Meera Choudhary,meera.choudhary1332@mailbox.com,9990418468,Surat,Gujarat,India,2024-12-16,Basic,Verified,Aggressive,Referral,1
1333,Aadhya Reddy,aadhya.reddy1333@mailbox.com,9560248316,Coimbatore,Tamil Nadu,India,2025-04-19,Premium,Verified,Moderate,Referral,1
1334,Manoj Gupta,manoj.gupta1334@mailbox.com,9882092807,Kolkata,West Bengal,India,2025-01-02,Premium,Verified,Conservative,Agent,1
1335,Amit Verma,amit.verma1335@mailbox.com,9763979405,Nagpur,Maharashtra,India,2024-08-10,Premium,Verified,Aggressive,Social Media,1
1336,Aryan Patel,aryan.patel1336@mailbox.com,9161659133,Kochi,Kerala,India,2025-11-05,Basic,Verified,Aggressive,Google Ads,1
1337,Pooja Iyer,pooja.iyer1337@mailbox.com,9223430084,Ahmedabad,Gujarat,India,2025-08-16,Premium,Verified,Aggressive,Referral,1
1338,Diya Gupta,diya.gupta1338@mailbox.com,9162656701,Surat,Gujarat,India,2023-08-04,Basic,Verified,Moderate,Agent,1
1339,Suresh Shah,suresh.shah1339@mailbox.com,9852379454,Surat,Gujarat,India,2023-06-20,Basic,Verified,Conservative,Google Ads,1
1340,Aadhya Pillai,aadhya.pillai1340@mailbox.com,9257871253,Chandigarh,Chandigarh,India,2024-02-23,Basic,Verified,Aggressive,Social Media,1
1341,Amit Mehta,amit.mehta1341@mailbox.com,9105701734,Vadodara,Gujarat,India,2025-06-08,Pro,Verified,Conservative,Agent,1
1342,Reyansh Yadav,reyansh.yadav1342@mailbox.com,9350881164,Indore,Madhya Pradesh,India,2025-10-24,Basic,Verified,Conservative,YouTube,1
1343,Arjun Desai,arjun.desai1343@mailbox.com,9834660792,Nagpur,Maharashtra,India,2025-01-18,Premium,Verified,Conservative,Agent,0
1344,Sanjay Choudhary,sanjay.choudhary1344@mailbox.com,9964470871,Kochi,Kerala,India,2025-01-04,Pro,Verified,Conservative,Referral,1
1345,Kabir Patel,kabir.patel1345@mailbox.com,9570768410,Surat,Gujarat,India,2023-09-06,Basic,Verified,Moderate,Google Ads,0
1346,Aryan Saxena,aryan.saxena1346@mailbox.com,9934048238,Ahmedabad,Gujarat,India,2024-09-22,Pro,Verified,Conservative,YouTube,1
1347,Deepak Iyer,deepak.iyer1347@mailbox.com,9231923892,Indore,Madhya Pradesh,India,2023-07-16,Basic,Verified,Moderate,Website,1
1348,Meera Yadav,meera.yadav1348@mailbox.com,9432944846,Kanpur,Uttar Pradesh,India,2024-07-28,Basic,Verified,Moderate,Referral,1
1349,Divya Kapoor,divya.kapoor1349@mailbox.com,9603235395,Chennai,Tamil Nadu,India,2023-07-26,Basic,Verified,Moderate,YouTube,0
1350,Vikram Choudhary,vikram.choudhary1350@mailbox.com,9807433314,Kanpur,Uttar Pradesh,India,2023-03-22,Premium,Verified,Moderate,Agent,1
1351,Aditya Agarwal,aditya.agarwal1351@mailbox.com,9264899913,Indore,Madhya Pradesh,India,2025-10-27,Elite,Verified,Moderate,Social Media,1
1352,Sara Verma,sara.verma1352@mailbox.com,9274062090,Coimbatore,Tamil Nadu,India,2025-08-09,Premium,Pending,Aggressive,Google Ads,1
1353,Zara Singh,zara.singh1353@mailbox.com,9375785743,Nagpur,Maharashtra,India,2024-12-30,Premium,Verified,Conservative,App Store,1
1354,Nikhil Mishra,nikhil.mishra1354@mailbox.com,9344254813,Hyderabad,Telangana,India,2024-10-28,Basic,Pending,Conservative,Social Media,1
1355,Rohan Trivedi,rohan.trivedi1355@mailbox.com,9456391623,Vadodara,Gujarat,India,2023-09-13,Elite,Rejected,Aggressive,App Store,1
1356,Zara Agarwal,zara.agarwal1356@mailbox.com,9881450663,Nagpur,Maharashtra,India,2024-08-31,Premium,Verified,Conservative,Referral,0
1357,Kavya Choudhary,kavya.choudhary1357@mailbox.com,9150294170,Kolkata,West Bengal,India,2025-03-07,Basic,Verified,Aggressive,Website,1
1358,Reyansh Sharma,reyansh.sharma1358@mailbox.com,9191618906,Patna,Bihar,India,2024-07-28,Elite,Verified,Conservative,App Store,1
1359,Arjun Verma,arjun.verma1359@mailbox.com,9823252350,Ahmedabad,Gujarat,India,2023-10-28,Basic,Verified,Aggressive,YouTube,1
1360,Myra Nair,myra.nair1360@mailbox.com,9324589424,Ahmedabad,Gujarat,India,2024-02-22,Basic,Verified,Conservative,Social Media,1
1361,Vihaan Pillai,vihaan.pillai1361@mailbox.com,9174360040,Chandigarh,Chandigarh,India,2025-06-14,Basic,Verified,Conservative,YouTube,1
1362,Aditya Tiwari,aditya.tiwari1362@mailbox.com,9232555426,Kochi,Kerala,India,2023-09-29,Basic,Verified,Moderate,Google Ads,1
1363,Myra Trivedi,myra.trivedi1363@mailbox.com,9155217508,Kanpur,Uttar Pradesh,India,2025-10-20,Pro,Verified,Moderate,Social Media,1
1364,Rohan Rao,rohan.rao1364@mailbox.com,9465504840,Ahmedabad,Gujarat,India,2025-03-15,Premium,Verified,Aggressive,YouTube,1
1365,Sanjay Shah,sanjay.shah1365@mailbox.com,9595076181,Kochi,Kerala,India,2025-08-06,Elite,Verified,Moderate,Website,0
1366,Aarav Kapoor,aarav.kapoor1366@mailbox.com,9574623659,Hyderabad,Telangana,India,2024-06-26,Basic,Verified,Aggressive,Agent,1
1367,Isha Shah,isha.shah1367@mailbox.com,9626042291,Bhopal,Madhya Pradesh,India,2023-08-27,Premium,Verified,Aggressive,Website,1
1368,Riya Patel,riya.patel1368@mailbox.com,9121263222,Nagpur,Maharashtra,India,2023-02-06,Premium,Verified,Conservative,Agent,1
1369,Yash Sharma,yash.sharma1369@mailbox.com,9361870462,Kochi,Kerala,India,2024-07-23,Premium,Verified,Conservative,Referral,1
1370,Pooja Verma,pooja.verma1370@mailbox.com,9363810681,Jaipur,Rajasthan,India,2024-03-01,Premium,Verified,Conservative,Social Media,1
1371,Kiran Yadav,kiran.yadav1371@mailbox.com,9603143585,Chandigarh,Chandigarh,India,2023-05-02,Premium,Verified,Aggressive,App Store,1
1372,Kavya Gupta,kavya.gupta1372@mailbox.com,9306171341,Mumbai,Maharashtra,India,2025-09-15,Premium,Verified,Aggressive,Google Ads,0
1373,Anika Tiwari,anika.tiwari1373@mailbox.com,9668793924,Patna,Bihar,India,2025-10-30,Pro,Verified,Aggressive,App Store,1
1374,Aadhya Saxena,aadhya.saxena1374@mailbox.com,9694677419,Delhi,Delhi,India,2024-02-03,Basic,Verified,Conservative,Referral,1
1375,Kiran Kumar,kiran.kumar1375@mailbox.com,9491247597,Indore,Madhya Pradesh,India,2024-12-12,Premium,Pending,Moderate,Agent,0
1376,Yash Jain,yash.jain1376@mailbox.com,9371417116,Hyderabad,Telangana,India,2024-03-16,Premium,Verified,Aggressive,Google Ads,1
1377,Yash Kumar,yash.kumar1377@mailbox.com,9134572308,Vadodara,Gujarat,India,2024-06-13,Basic,Pending,Aggressive,Social Media,1
1378,Rajesh Kumar,rajesh.kumar1378@mailbox.com,9732397603,Patna,Bihar,India,2024-10-26,Basic,Verified,Moderate,Social Media,1
1379,Rahul Menon,rahul.menon1379@mailbox.com,9191297143,Bengaluru,Karnataka,India,2024-03-19,Elite,Verified,Conservative,Google Ads,1
1380,Amit Mehta,amit.mehta1380@mailbox.com,9663900779,Kochi,Kerala,India,2025-05-03,Basic,Rejected,Aggressive,Agent,1
1381,Aryan Mehta,aryan.mehta1381@mailbox.com,9164477388,Kolkata,West Bengal,India,2023-07-21,Basic,Verified,Aggressive,Agent,1
1382,Diya Patel,diya.patel1382@mailbox.com,9678786044,Kanpur,Uttar Pradesh,India,2024-12-12,Premium,Verified,Conservative,Google Ads,1
1383,Kavya Pillai,kavya.pillai1383@mailbox.com,9769855383,Delhi,Delhi,India,2025-11-13,Basic,Verified,Moderate,App Store,1
1384,Kiran Sharma,kiran.sharma1384@mailbox.com,9113967607,Bengaluru,Karnataka,India,2025-06-24,Basic,Verified,Aggressive,App Store,1
1385,Sara Rao,sara.rao1385@mailbox.com,9754001161,Chennai,Tamil Nadu,India,2023-02-18,Basic,Verified,Aggressive,Referral,1
1386,Karan Iyer,karan.iyer1386@mailbox.com,9208402519,Kanpur,Uttar Pradesh,India,2023-05-02,Basic,Verified,Aggressive,App Store,1
1387,Sanjay Kapoor,sanjay.kapoor1387@mailbox.com,9338501202,Kanpur,Uttar Pradesh,India,2024-10-31,Basic,Verified,Aggressive,App Store,1
1388,Kavya Choudhary,kavya.choudhary1388@mailbox.com,9734359209,Kochi,Kerala,India,2025-09-11,Pro,Pending,Conservative,Social Media,1
1389,Kiran Reddy,kiran.reddy1389@mailbox.com,9419542040,Hyderabad,Telangana,India,2025-06-17,Basic,Verified,Conservative,Social Media,1
1390,Nikhil Desai,nikhil.desai1390@mailbox.com,9979332593,Bhopal,Madhya Pradesh,India,2025-08-20,Basic,Verified,Moderate,App Store,1
1391,Isha Trivedi,isha.trivedi1391@mailbox.com,9988216846,Mumbai,Maharashtra,India,2023-06-09,Premium,Verified,Moderate,Website,1
1392,Amit Bansal,amit.bansal1392@mailbox.com,9193897265,Kolkata,West Bengal,India,2024-07-06,Basic,Verified,Moderate,Referral,0
1393,Aryan Rao,aryan.rao1393@mailbox.com,9264832359,Hyderabad,Telangana,India,2025-02-12,Basic,Verified,Conservative,Google Ads,1
1394,Divya Iyer,divya.iyer1394@mailbox.com,9626814150,Bengaluru,Karnataka,India,2024-10-27,Basic,Verified,Conservative,App Store,1
1395,Rohan Menon,rohan.menon1395@mailbox.com,9487034527,Nagpur,Maharashtra,India,2025-04-07,Basic,Verified,Moderate,Agent,1
1396,Vikram Gupta,vikram.gupta1396@mailbox.com,9771271162,Coimbatore,Tamil Nadu,India,2023-08-15,Basic,Verified,Aggressive,App Store,1
1397,Neha Iyer,neha.iyer1397@mailbox.com,9279779999,Surat,Gujarat,India,2024-05-01,Basic,Verified,Aggressive,Google Ads,1
1398,Priya Kumar,priya.kumar1398@mailbox.com,9655536338,Kochi,Kerala,India,2024-04-22,Pro,Verified,Conservative,Website,1
1399,Vivaan Menon,vivaan.menon1399@mailbox.com,9721541549,Nagpur,Maharashtra,India,2025-09-27,Elite,Verified,Conservative,Website,1
1400,Diya Pandey,diya.pandey1400@mailbox.com,9380857313,Delhi,Delhi,India,2023-08-04,Pro,Verified,Conservative,YouTube,1
1401,Deepak Iyer,deepak.iyer1401@mailbox.com,9573749274,Pune,Maharashtra,India,2023-12-14,Basic,Verified,Aggressive,App Store,1
1402,Karan Trivedi,karan.trivedi1402@mailbox.com,9935516499,Chandigarh,Chandigarh,India,2023-01-24,Pro,Verified,Conservative,Google Ads,1
1403,Diya Joshi,diya.joshi1403@mailbox.com,9650077570,Mumbai,Maharashtra,India,2023-06-11,Premium,Verified,Aggressive,Website,1
1404,Isha Pandey,isha.pandey1404@mailbox.com,9939241756,Delhi,Delhi,India,2025-11-10,Basic,Verified,Moderate,Google Ads,0
1405,Kabir Shah,kabir.shah1405@mailbox.com,9490078748,Chandigarh,Chandigarh,India,2025-06-21,Elite,Rejected,Moderate,Referral,1
1406,Ishaan Pandey,ishaan.pandey1406@mailbox.com,9140358431,Delhi,Delhi,India,2023-10-03,Pro,Verified,Aggressive,Referral,1
1407,Kavya Trivedi,kavya.trivedi1407@mailbox.com,9784348527,Vadodara,Gujarat,India,2025-01-17,Basic,Verified,Moderate,Agent,0
1408,Deepak Desai,deepak.desai1408@mailbox.com,9514409768,Patna,Bihar,India,2024-09-23,Elite,Verified,Moderate,Agent,1
1409,Aarav Nair,aarav.nair1409@mailbox.com,9137888647,Surat,Gujarat,India,2025-08-23,Basic,Verified,Moderate,Agent,1
1410,Diya Pandey,diya.pandey1410@mailbox.com,9381602202,Kanpur,Uttar Pradesh,India,2023-11-16,Premium,Verified,Moderate,Social Media,0
1411,Aditya Jain,aditya.jain1411@mailbox.com,9271896796,Delhi,Delhi,India,2025-11-24,Basic,Verified,Moderate,Social Media,1
1412,Sanjay Chopra,sanjay.chopra1412@mailbox.com,9715987036,Jaipur,Rajasthan,India,2024-01-30,Basic,Pending,Conservative,Social Media,1
1413,Ananya Gupta,ananya.gupta1413@mailbox.com,9650043989,Chandigarh,Chandigarh,India,2025-02-02,Elite,Verified,Conservative,App Store,1
1414,Suresh Sharma,suresh.sharma1414@mailbox.com,9396680596,Coimbatore,Tamil Nadu,India,2024-02-28,Premium,Verified,Aggressive,Social Media,0
1415,Vikram Rao,vikram.rao1415@mailbox.com,9170681752,Jaipur,Rajasthan,India,2024-12-16,Basic,Verified,Moderate,Google Ads,1
1416,Suresh Verma,suresh.verma1416@mailbox.com,9951072140,Chandigarh,Chandigarh,India,2023-12-23,Pro,Verified,Moderate,YouTube,1
1417,Pooja Reddy,pooja.reddy1417@mailbox.com,9196562967,Patna,Bihar,India,2025-06-17,Pro,Verified,Aggressive,Google Ads,1
1418,Anika Singh,anika.singh1418@mailbox.com,9740345293,Delhi,Delhi,India,2024-11-09,Pro,Verified,Moderate,App Store,1
1419,Deepak Yadav,deepak.yadav1419@mailbox.com,9882969916,Indore,Madhya Pradesh,India,2023-11-04,Elite,Verified,Conservative,YouTube,1
1420,Zara Gupta,zara.gupta1420@mailbox.com,9209786378,Indore,Madhya Pradesh,India,2025-10-20,Pro,Verified,Moderate,Google Ads,1
1421,Varun Pillai,varun.pillai1421@mailbox.com,9950428986,Kanpur,Uttar Pradesh,India,2025-01-25,Premium,Verified,Moderate,Social Media,1
1422,Aryan Agarwal,aryan.agarwal1422@mailbox.com,9752168226,Patna,Bihar,India,2024-04-01,Basic,Pending,Aggressive,Referral,1
1423,Vikram Patel,vikram.patel1423@mailbox.com,9326835893,Kochi,Kerala,India,2023-05-25,Pro,Verified,Aggressive,Google Ads,1
1424,Priya Saxena,priya.saxena1424@mailbox.com,9797910143,Nagpur,Maharashtra,India,2025-11-02,Basic,Verified,Aggressive,Social Media,1
1425,Ananya Yadav,ananya.yadav1425@mailbox.com,9477951793,Pune,Maharashtra,India,2025-03-15,Basic,Verified,Aggressive,Agent,1
1426,Manoj Bhatt,manoj.bhatt1426@mailbox.com,9671770669,Vadodara,Gujarat,India,2024-12-12,Basic,Verified,Aggressive,App Store,1
1427,Priya Yadav,priya.yadav1427@mailbox.com,9214214986,Vadodara,Gujarat,India,2025-06-06,Basic,Verified,Aggressive,Website,1
1428,Nikhil Menon,nikhil.menon1428@mailbox.com,9319810643,Surat,Gujarat,India,2024-10-08,Premium,Pending,Moderate,YouTube,1
1429,Ananya Choudhary,ananya.choudhary1429@mailbox.com,9796084643,Indore,Madhya Pradesh,India,2023-09-05,Pro,Verified,Aggressive,Referral,0
1430,Suresh Kumar,suresh.kumar1430@mailbox.com,9824765820,Bengaluru,Karnataka,India,2023-09-10,Premium,Verified,Conservative,Website,1
1431,Riya Jain,riya.jain1431@mailbox.com,9109837518,Jaipur,Rajasthan,India,2023-03-26,Premium,Verified,Moderate,YouTube,1
1432,Kabir Trivedi,kabir.trivedi1432@mailbox.com,9292998251,Hyderabad,Telangana,India,2023-03-09,Basic,Verified,Moderate,YouTube,0
1433,Ishaan Rao,ishaan.rao1433@mailbox.com,9646777901,Kanpur,Uttar Pradesh,India,2025-02-15,Premium,Verified,Conservative,Website,1
1434,Sanjay Agarwal,sanjay.agarwal1434@mailbox.com,9915238855,Chandigarh,Chandigarh,India,2025-06-26,Basic,Verified,Moderate,YouTube,1
1435,Isha Pillai,isha.pillai1435@mailbox.com,9706868200,Chennai,Tamil Nadu,India,2023-06-24,Basic,Verified,Conservative,Agent,1
1436,Arjun Sharma,arjun.sharma1436@mailbox.com,9735981128,Vadodara,Gujarat,India,2024-09-03,Premium,Verified,Aggressive,Social Media,1
1437,Anika Shah,anika.shah1437@mailbox.com,9449776558,Bengaluru,Karnataka,India,2023-05-12,Premium,Verified,Moderate,App Store,1
1438,Priya Mehta,priya.mehta1438@mailbox.com,9149247933,Delhi,Delhi,India,2024-03-17,Basic,Verified,Moderate,Agent,1
1439,Isha Gupta,isha.gupta1439@mailbox.com,9789322786,Vadodara,Gujarat,India,2025-04-22,Basic,Verified,Moderate,Referral,1
1440,Yash Joshi,yash.joshi1440@mailbox.com,9819358405,Bengaluru,Karnataka,India,2025-05-14,Basic,Verified,Conservative,Agent,1
1441,Suresh Jain,suresh.jain1441@mailbox.com,9498968718,Bhopal,Madhya Pradesh,India,2025-10-07,Premium,Verified,Moderate,Website,1
1442,Rahul Mehta,rahul.mehta1442@mailbox.com,9555790185,Patna,Bihar,India,2023-11-27,Basic,Verified,Conservative,Referral,0
1443,Varun Iyer,varun.iyer1443@mailbox.com,9311545829,Pune,Maharashtra,India,2025-10-07,Basic,Verified,Aggressive,Agent,0
1444,Anika Shah,anika.shah1444@mailbox.com,9507384006,Delhi,Delhi,India,2025-04-14,Pro,Verified,Conservative,Website,1
1445,Reyansh Verma,reyansh.verma1445@mailbox.com,9317759567,Pune,Maharashtra,India,2023-12-27,Premium,Verified,Conservative,Agent,0
1446,Vivaan Trivedi,vivaan.trivedi1446@mailbox.com,9478460072,Delhi,Delhi,India,2023-12-16,Basic,Verified,Aggressive,YouTube,1
1447,Varun Mehta,varun.mehta1447@mailbox.com,9220640737,Surat,Gujarat,India,2023-04-25,Premium,Verified,Conservative,Google Ads,0
1448,Yash Choudhary,yash.choudhary1448@mailbox.com,9645967059,Kochi,Kerala,India,2025-09-07,Basic,Verified,Aggressive,Agent,1
1449,Divya Patel,divya.patel1449@mailbox.com,9322776203,Vadodara,Gujarat,India,2023-08-05,Basic,Verified,Conservative,App Store,0
1450,Arjun Kumar,arjun.kumar1450@mailbox.com,9752120649,Chandigarh,Chandigarh,India,2023-10-13,Premium,Verified,Moderate,Website,1
1451,Diya Bhatt,diya.bhatt1451@mailbox.com,9565973003,Patna,Bihar,India,2024-03-15,Basic,Verified,Aggressive,Google Ads,1
1452,Vivaan Shah,vivaan.shah1452@mailbox.com,9299053153,Kochi,Kerala,India,2023-05-27,Basic,Pending,Aggressive,Google Ads,1
1453,Aditya Yadav,aditya.yadav1453@mailbox.com,9345650331,Patna,Bihar,India,2025-05-08,Pro,Verified,Moderate,Google Ads,1
1454,Karan Choudhary,karan.choudhary1454@mailbox.com,9667698644,Surat,Gujarat,India,2025-01-13,Premium,Verified,Aggressive,Agent,0
1455,Sanjay Malhotra,sanjay.malhotra1455@mailbox.com,9196167633,Vadodara,Gujarat,India,2023-06-16,Pro,Verified,Aggressive,Referral,0
1456,Aditya Patel,aditya.patel1456@mailbox.com,9717708349,Pune,Maharashtra,India,2023-06-23,Pro,Verified,Conservative,Referral,1
1457,Aryan Mehta,aryan.mehta1457@mailbox.com,9837140070,Jaipur,Rajasthan,India,2023-01-24,Basic,Verified,Conservative,Referral,1
1458,Riya Desai,riya.desai1458@mailbox.com,9707317424,Coimbatore,Tamil Nadu,India,2025-10-08,Premium,Verified,Conservative,Website,1
1459,Ananya Agarwal,ananya.agarwal1459@mailbox.com,9221203900,Pune,Maharashtra,India,2024-04-09,Basic,Verified,Conservative,YouTube,1
1460,Rahul Kapoor,rahul.kapoor1460@mailbox.com,9543700582,Kolkata,West Bengal,India,2024-11-29,Premium,Verified,Conservative,Website,1
1461,Suresh Patel,suresh.patel1461@mailbox.com,9580131988,Hyderabad,Telangana,India,2023-06-09,Basic,Verified,Moderate,App Store,1
1462,Isha Malhotra,isha.malhotra1462@mailbox.com,9451920292,Kolkata,West Bengal,India,2023-09-03,Basic,Verified,Aggressive,Social Media,1
1463,Vivaan Rao,vivaan.rao1463@mailbox.com,9519692821,Nagpur,Maharashtra,India,2024-07-30,Basic,Verified,Moderate,App Store,1
1464,Aditya Singh,aditya.singh1464@mailbox.com,9786140934,Kochi,Kerala,India,2023-08-11,Pro,Verified,Conservative,Google Ads,1
1465,Deepak Singh,deepak.singh1465@mailbox.com,9370008823,Bengaluru,Karnataka,India,2024-10-14,Basic,Verified,Aggressive,Google Ads,1
1466,Arjun Nair,arjun.nair1466@mailbox.com,9396848435,Surat,Gujarat,India,2025-09-10,Premium,Verified,Moderate,Website,1
1467,Pooja Agarwal,pooja.agarwal1467@mailbox.com,9287247845,Patna,Bihar,India,2023-11-21,Pro,Verified,Aggressive,YouTube,1
1468,Sara Gupta,sara.gupta1468@mailbox.com,9461601524,Kochi,Kerala,India,2024-10-09,Premium,Verified,Moderate,Google Ads,1
1469,Suresh Nair,suresh.nair1469@mailbox.com,9591246273,Patna,Bihar,India,2025-09-02,Basic,Verified,Moderate,YouTube,1
1470,Aditya Kumar,aditya.kumar1470@mailbox.com,9742205157,Hyderabad,Telangana,India,2025-08-09,Basic,Verified,Moderate,Google Ads,1
1471,Kiran Sharma,kiran.sharma1471@mailbox.com,9340849771,Lucknow,Uttar Pradesh,India,2023-01-09,Pro,Verified,Aggressive,Referral,1
1472,Sneha Singh,sneha.singh1472@mailbox.com,9294706310,Vadodara,Gujarat,India,2023-04-28,Premium,Verified,Conservative,App Store,1
1473,Anika Malhotra,anika.malhotra1473@mailbox.com,9129909846,Coimbatore,Tamil Nadu,India,2025-11-16,Basic,Pending,Moderate,App Store,1
1474,Rohan Tiwari,rohan.tiwari1474@mailbox.com,9184501415,Indore,Madhya Pradesh,India,2025-09-12,Elite,Pending,Aggressive,Website,1
1475,Aryan Rao,aryan.rao1475@mailbox.com,9146418168,Vadodara,Gujarat,India,2023-12-09,Basic,Verified,Conservative,Referral,0
1476,Isha Mehta,isha.mehta1476@mailbox.com,9286634638,Surat,Gujarat,India,2024-07-07,Basic,Verified,Conservative,App Store,1
1477,Zara Rao,zara.rao1477@mailbox.com,9975831260,Delhi,Delhi,India,2024-09-02,Basic,Verified,Moderate,Social Media,1
1478,Sara Agarwal,sara.agarwal1478@mailbox.com,9590584873,Coimbatore,Tamil Nadu,India,2024-12-12,Basic,Verified,Aggressive,Referral,1
1479,Karan Saxena,karan.saxena1479@mailbox.com,9509219544,Hyderabad,Telangana,India,2025-03-10,Basic,Verified,Aggressive,Referral,0
1480,Aadhya Joshi,aadhya.joshi1480@mailbox.com,9909444146,Ahmedabad,Gujarat,India,2024-02-02,Premium,Rejected,Moderate,YouTube,1
1481,Ishaan Desai,ishaan.desai1481@mailbox.com,9232355012,Chennai,Tamil Nadu,India,2025-08-05,Basic,Verified,Moderate,Referral,1
1482,Aarav Mishra,aarav.mishra1482@mailbox.com,9667229121,Bhopal,Madhya Pradesh,India,2023-03-04,Premium,Pending,Moderate,Social Media,1
1483,Diya Tiwari,diya.tiwari1483@mailbox.com,9836274888,Mumbai,Maharashtra,India,2023-02-04,Pro,Verified,Moderate,Website,0
1484,Arjun Iyer,arjun.iyer1484@mailbox.com,9552297118,Indore,Madhya Pradesh,India,2025-10-17,Pro,Verified,Aggressive,YouTube,1
1485,Aadhya Saxena,aadhya.saxena1485@mailbox.com,9335292306,Kochi,Kerala,India,2023-07-08,Basic,Verified,Moderate,Agent,1
1486,Deepak Pandey,deepak.pandey1486@mailbox.com,9658780111,Patna,Bihar,India,2025-11-25,Pro,Verified,Moderate,Social Media,0
1487,Ishaan Bhatt,ishaan.bhatt1487@mailbox.com,9996063814,Pune,Maharashtra,India,2023-11-01,Basic,Verified,Aggressive,Referral,1
1488,Aarav Mehta,aarav.mehta1488@mailbox.com,9312349450,Kochi,Kerala,India,2024-01-24,Premium,Verified,Conservative,Google Ads,1
1489,Arjun Singh,arjun.singh1489@mailbox.com,9606937748,Ahmedabad,Gujarat,India,2023-01-30,Basic,Verified,Aggressive,App Store,0
1490,Rahul Singh,rahul.singh1490@mailbox.com,9145687975,Surat,Gujarat,India,2025-10-02,Premium,Verified,Aggressive,Agent,1
1491,Ananya Mishra,ananya.mishra1491@mailbox.com,9309369293,Kanpur,Uttar Pradesh,India,2024-01-18,Basic,Verified,Moderate,Agent,1
1492,Zara Iyer,zara.iyer1492@mailbox.com,9790367371,Delhi,Delhi,India,2023-06-28,Premium,Verified,Moderate,Referral,1
1493,Vivaan Mehta,vivaan.mehta1493@mailbox.com,9546404291,Mumbai,Maharashtra,India,2024-05-29,Basic,Verified,Moderate,YouTube,1
1494,Kavya Agarwal,kavya.agarwal1494@mailbox.com,9279304515,Hyderabad,Telangana,India,2023-06-14,Basic,Verified,Moderate,YouTube,1
1495,Aadhya Mehta,aadhya.mehta1495@mailbox.com,9401843144,Coimbatore,Tamil Nadu,India,2025-04-21,Premium,Verified,Moderate,Website,1
1496,Anika Shah,anika.shah1496@mailbox.com,9208860192,Vadodara,Gujarat,India,2023-03-19,Basic,Verified,Aggressive,Google Ads,1
1497,Sanjay Pillai,sanjay.pillai1497@mailbox.com,9801524785,Jaipur,Rajasthan,India,2024-06-15,Premium,Verified,Conservative,Social Media,1
1498,Suresh Mishra,suresh.mishra1498@mailbox.com,9948583201,Vadodara,Gujarat,India,2024-02-21,Premium,Verified,Moderate,Agent,1
1499,Riya Joshi,riya.joshi1499@mailbox.com,9195234296,Mumbai,Maharashtra,India,2023-02-09,Premium,Pending,Moderate,Social Media,1
1500,Anil Kapoor,anil.kapoor1500@mailbox.com,9314143437,Vadodara,Gujarat,India,2023-02-25,Premium,Rejected,Moderate,Social Media,1
1501,Amit Singh,amit.singh1501@mailbox.com,9871302444,Chennai,Tamil Nadu,India,2024-07-06,Pro,Verified,Aggressive,Social Media,0
1502,Ananya Yadav,ananya.yadav1502@mailbox.com,9890801606,Mumbai,Maharashtra,India,2024-02-25,Pro,Verified,Conservative,Agent,1
1503,Karan Nair,karan.nair1503@mailbox.com,9790603203,Patna,Bihar,India,2023-05-19,Basic,Verified,Moderate,Referral,1
1504,Isha Iyer,isha.iyer1504@mailbox.com,9875227422,Ahmedabad,Gujarat,India,2023-05-28,Premium,Verified,Conservative,Google Ads,1
1505,Vikram Chopra,vikram.chopra1505@mailbox.com,9436131910,Kolkata,West Bengal,India,2025-05-07,Premium,Verified,Conservative,Social Media,1
1506,Karan Mehta,karan.mehta1506@mailbox.com,9905494370,Patna,Bihar,India,2025-02-17,Basic,Verified,Moderate,Website,1
1507,Nikhil Tiwari,nikhil.tiwari1507@mailbox.com,9897951581,Pune,Maharashtra,India,2024-10-09,Basic,Verified,Aggressive,YouTube,1
1508,Zara Kapoor,zara.kapoor1508@mailbox.com,9306800040,Patna,Bihar,India,2025-06-06,Basic,Pending,Conservative,App Store,0
1509,Deepak Choudhary,deepak.choudhary1509@mailbox.com,9165706364,Hyderabad,Telangana,India,2023-03-15,Premium,Verified,Conservative,YouTube,1
1510,Sneha Verma,sneha.verma1510@mailbox.com,9568905225,Delhi,Delhi,India,2025-01-02,Basic,Verified,Conservative,Agent,1
1511,Kavya Mehta,kavya.mehta1511@mailbox.com,9782472311,Pune,Maharashtra,India,2025-03-12,Premium,Verified,Moderate,Website,1
1512,Karan Shah,karan.shah1512@mailbox.com,9439649174,Indore,Madhya Pradesh,India,2023-08-02,Premium,Verified,Aggressive,Google Ads,0
1513,Divya Gupta,divya.gupta1513@mailbox.com,9791065116,Chennai,Tamil Nadu,India,2024-07-25,Premium,Verified,Aggressive,Google Ads,1
1514,Kavya Singh,kavya.singh1514@mailbox.com,9154366818,Bengaluru,Karnataka,India,2025-03-27,Basic,Verified,Conservative,Referral,1
1515,Karan Shah,karan.shah1515@mailbox.com,9750639424,Bhopal,Madhya Pradesh,India,2024-10-04,Pro,Verified,Aggressive,Google Ads,1
1516,Varun Joshi,varun.joshi1516@mailbox.com,9362470920,Lucknow,Uttar Pradesh,India,2023-09-23,Premium,Pending,Conservative,Website,1
1517,Zara Mehta,zara.mehta1517@mailbox.com,9120201898,Jaipur,Rajasthan,India,2024-12-08,Basic,Verified,Moderate,Agent,1
1518,Vivaan Iyer,vivaan.iyer1518@mailbox.com,9767640347,Chennai,Tamil Nadu,India,2025-03-19,Basic,Pending,Aggressive,Social Media,1
1519,Zara Patel,zara.patel1519@mailbox.com,9883056355,Mumbai,Maharashtra,India,2023-01-11,Basic,Verified,Aggressive,Website,1
1520,Riya Verma,riya.verma1520@mailbox.com,9173152891,Delhi,Delhi,India,2024-08-27,Elite,Verified,Aggressive,Agent,1
1521,Deepak Sharma,deepak.sharma1521@mailbox.com,9517461713,Surat,Gujarat,India,2024-06-21,Basic,Verified,Conservative,YouTube,0
1522,Meera Gupta,meera.gupta1522@mailbox.com,9281056513,Delhi,Delhi,India,2024-01-26,Basic,Verified,Aggressive,Website,1
1523,Kabir Kumar,kabir.kumar1523@mailbox.com,9715189812,Chennai,Tamil Nadu,India,2023-02-17,Basic,Verified,Moderate,Google Ads,1
1524,Ishaan Choudhary,ishaan.choudhary1524@mailbox.com,9802619276,Coimbatore,Tamil Nadu,India,2023-03-30,Basic,Verified,Moderate,App Store,1
1525,Neha Mehta,neha.mehta1525@mailbox.com,9965907233,Pune,Maharashtra,India,2025-03-09,Basic,Verified,Moderate,YouTube,1
1526,Vivaan Gupta,vivaan.gupta1526@mailbox.com,9419433487,Bhopal,Madhya Pradesh,India,2025-05-31,Pro,Verified,Moderate,Agent,1
1527,Isha Sharma,isha.sharma1527@mailbox.com,9369269066,Pune,Maharashtra,India,2024-03-22,Premium,Verified,Conservative,Agent,1
1528,Reyansh Kapoor,reyansh.kapoor1528@mailbox.com,9378852139,Coimbatore,Tamil Nadu,India,2025-09-27,Pro,Verified,Aggressive,Referral,1
1529,Aarav Jain,aarav.jain1529@mailbox.com,9785079600,Chandigarh,Chandigarh,India,2025-09-14,Basic,Verified,Aggressive,Google Ads,1
1530,Nikhil Agarwal,nikhil.agarwal1530@mailbox.com,9500570670,Lucknow,Uttar Pradesh,India,2024-12-10,Premium,Verified,Conservative,Website,1
1531,Vihaan Verma,vihaan.verma1531@mailbox.com,9120487709,Surat,Gujarat,India,2024-09-10,Pro,Verified,Conservative,Website,1
1532,Aarav Reddy,aarav.reddy1532@mailbox.com,9952854734,Jaipur,Rajasthan,India,2025-10-24,Premium,Verified,Conservative,Google Ads,0
1533,Varun Kapoor,varun.kapoor1533@mailbox.com,9193704557,Coimbatore,Tamil Nadu,India,2024-10-11,Pro,Rejected,Moderate,Social Media,1
1534,Kabir Patel,kabir.patel1534@mailbox.com,9935358667,Ahmedabad,Gujarat,India,2025-09-21,Basic,Verified,Conservative,Referral,1
1535,Manoj Yadav,manoj.yadav1535@mailbox.com,9245678580,Chandigarh,Chandigarh,India,2025-11-08,Premium,Verified,Aggressive,Google Ads,1
1536,Vivaan Trivedi,vivaan.trivedi1536@mailbox.com,9584321295,Indore,Madhya Pradesh,India,2023-07-27,Premium,Verified,Aggressive,Agent,1
1537,Ishaan Agarwal,ishaan.agarwal1537@mailbox.com,9381176502,Indore,Madhya Pradesh,India,2024-12-04,Basic,Verified,Aggressive,Social Media,1
1538,Arjun Tiwari,arjun.tiwari1538@mailbox.com,9718116998,Ahmedabad,Gujarat,India,2025-02-17,Pro,Verified,Conservative,YouTube,0
1539,Meera Joshi,meera.joshi1539@mailbox.com,9430608211,Chandigarh,Chandigarh,India,2025-05-23,Basic,Verified,Aggressive,App Store,1
1540,Neha Kumar,neha.kumar1540@mailbox.com,9973759190,Bhopal,Madhya Pradesh,India,2024-01-08,Basic,Pending,Moderate,YouTube,1
1541,Zara Tiwari,zara.tiwari1541@mailbox.com,9320798211,Chandigarh,Chandigarh,India,2025-07-06,Pro,Verified,Conservative,Website,1
1542,Karan Tiwari,karan.tiwari1542@mailbox.com,9297749320,Chandigarh,Chandigarh,India,2024-06-03,Premium,Verified,Moderate,Website,1
1543,Vihaan Joshi,vihaan.joshi1543@mailbox.com,9159593787,Hyderabad,Telangana,India,2024-02-16,Pro,Verified,Conservative,Referral,1
1544,Sanjay Menon,sanjay.menon1544@mailbox.com,9764784814,Kochi,Kerala,India,2023-06-17,Pro,Verified,Aggressive,App Store,0
1545,Karan Patel,karan.patel1545@mailbox.com,9709770781,Chandigarh,Chandigarh,India,2023-12-09,Basic,Pending,Conservative,Google Ads,1
1546,Vikram Desai,vikram.desai1546@mailbox.com,9647884288,Chennai,Tamil Nadu,India,2025-11-04,Premium,Verified,Conservative,Social Media,1
1547,Sneha Choudhary,sneha.choudhary1547@mailbox.com,9811522706,Vadodara,Gujarat,India,2025-02-01,Elite,Verified,Conservative,Referral,1
1548,Anil Saxena,anil.saxena1548@mailbox.com,9828523570,Kanpur,Uttar Pradesh,India,2025-02-12,Basic,Verified,Moderate,Google Ads,1
1549,Zara Menon,zara.menon1549@mailbox.com,9950507501,Pune,Maharashtra,India,2025-08-11,Premium,Verified,Aggressive,App Store,1
1550,Aarav Saxena,aarav.saxena1550@mailbox.com,9936239341,Chennai,Tamil Nadu,India,2023-10-12,Pro,Verified,Aggressive,Website,1
1551,Diya Iyer,diya.iyer1551@mailbox.com,9336859660,Ahmedabad,Gujarat,India,2024-12-05,Basic,Pending,Moderate,Website,1
1552,Deepak Shah,deepak.shah1552@mailbox.com,9739332021,Mumbai,Maharashtra,India,2024-01-31,Pro,Verified,Conservative,Google Ads,1
1553,Amit Patel,amit.patel1553@mailbox.com,9462381613,Surat,Gujarat,India,2025-06-22,Premium,Verified,Conservative,Agent,1
1554,Neha Kapoor,neha.kapoor1554@mailbox.com,9636364464,Bhopal,Madhya Pradesh,India,2024-03-25,Pro,Rejected,Moderate,YouTube,1
1555,Riya Chopra,riya.chopra1555@mailbox.com,9691316675,Surat,Gujarat,India,2025-06-29,Premium,Pending,Aggressive,YouTube,1
1556,Ishaan Iyer,ishaan.iyer1556@mailbox.com,9957479605,Kanpur,Uttar Pradesh,India,2025-03-07,Premium,Verified,Conservative,Google Ads,1
1557,Kiran Kumar,kiran.kumar1557@mailbox.com,9928764821,Ahmedabad,Gujarat,India,2025-04-02,Pro,Verified,Aggressive,Referral,1
1558,Rajesh Joshi,rajesh.joshi1558@mailbox.com,9938534621,Bhopal,Madhya Pradesh,India,2025-09-12,Basic,Verified,Conservative,App Store,1
1559,Aryan Tiwari,aryan.tiwari1559@mailbox.com,9206990723,Kochi,Kerala,India,2025-04-22,Premium,Verified,Aggressive,App Store,1
1560,Deepak Singh,deepak.singh1560@mailbox.com,9836448165,Delhi,Delhi,India,2023-12-09,Pro,Verified,Conservative,Agent,1
1561,Diya Desai,diya.desai1561@mailbox.com,9640071470,Ahmedabad,Gujarat,India,2024-07-09,Elite,Verified,Aggressive,YouTube,1
1562,Ananya Desai,ananya.desai1562@mailbox.com,9655371257,Vadodara,Gujarat,India,2024-05-18,Elite,Verified,Conservative,Google Ads,1
1563,Karan Kapoor,karan.kapoor1563@mailbox.com,9807746413,Kochi,Kerala,India,2023-03-10,Premium,Verified,Conservative,Social Media,1
1564,Nikhil Verma,nikhil.verma1564@mailbox.com,9822526347,Vadodara,Gujarat,India,2024-09-23,Premium,Verified,Conservative,App Store,1
1565,Sanjay Verma,sanjay.verma1565@mailbox.com,9192194762,Hyderabad,Telangana,India,2024-04-10,Premium,Verified,Conservative,Agent,1
1566,Riya Mehta,riya.mehta1566@mailbox.com,9100934341,Lucknow,Uttar Pradesh,India,2024-02-23,Premium,Verified,Aggressive,Social Media,1
1567,Yash Singh,yash.singh1567@mailbox.com,9321845614,Bengaluru,Karnataka,India,2023-04-27,Premium,Verified,Conservative,Referral,1
1568,Neha Gupta,neha.gupta1568@mailbox.com,9574314324,Kochi,Kerala,India,2024-06-20,Basic,Verified,Moderate,YouTube,1
1569,Nikhil Kumar,nikhil.kumar1569@mailbox.com,9864274737,Kanpur,Uttar Pradesh,India,2024-09-08,Basic,Rejected,Aggressive,App Store,1
1570,Aryan Patel,aryan.patel1570@mailbox.com,9222296655,Chennai,Tamil Nadu,India,2023-04-23,Premium,Verified,Moderate,Google Ads,0
1571,Vihaan Jain,vihaan.jain1571@mailbox.com,9521364536,Delhi,Delhi,India,2024-11-07,Basic,Verified,Aggressive,Agent,1
1572,Myra Desai,myra.desai1572@mailbox.com,9431910467,Bhopal,Madhya Pradesh,India,2023-06-28,Basic,Pending,Aggressive,Referral,1
1573,Divya Sharma,divya.sharma1573@mailbox.com,9794491380,Chandigarh,Chandigarh,India,2023-06-04,Basic,Verified,Aggressive,Website,0
1574,Manoj Pillai,manoj.pillai1574@mailbox.com,9656803374,Kochi,Kerala,India,2024-03-03,Pro,Verified,Aggressive,Google Ads,1
1575,Reyansh Kumar,reyansh.kumar1575@mailbox.com,9263928309,Vadodara,Gujarat,India,2024-02-19,Elite,Verified,Conservative,Website,1
1576,Isha Chopra,isha.chopra1576@mailbox.com,9443407722,Chandigarh,Chandigarh,India,2025-09-01,Premium,Verified,Conservative,Social Media,1
1577,Amit Verma,amit.verma1577@mailbox.com,9602033993,Patna,Bihar,India,2023-03-14,Elite,Verified,Conservative,App Store,1
1578,Suresh Gupta,suresh.gupta1578@mailbox.com,9661072352,Chandigarh,Chandigarh,India,2024-01-08,Pro,Verified,Conservative,Referral,1
1579,Arjun Singh,arjun.singh1579@mailbox.com,9927373087,Vadodara,Gujarat,India,2025-02-21,Basic,Verified,Conservative,Referral,0
1580,Neha Malhotra,neha.malhotra1580@mailbox.com,9361311395,Lucknow,Uttar Pradesh,India,2023-09-24,Basic,Verified,Conservative,Website,1
1581,Diya Malhotra,diya.malhotra1581@mailbox.com,9906380334,Patna,Bihar,India,2025-11-11,Basic,Verified,Aggressive,Social Media,1
1582,Rohan Agarwal,rohan.agarwal1582@mailbox.com,9834946395,Chandigarh,Chandigarh,India,2025-03-02,Basic,Verified,Aggressive,Social Media,1
1583,Rahul Pillai,rahul.pillai1583@mailbox.com,9423969333,Bengaluru,Karnataka,India,2025-10-04,Premium,Verified,Moderate,Google Ads,1
1584,Aadhya Saxena,aadhya.saxena1584@mailbox.com,9226075654,Surat,Gujarat,India,2025-10-07,Basic,Verified,Aggressive,YouTube,1
1585,Pooja Saxena,pooja.saxena1585@mailbox.com,9332069625,Pune,Maharashtra,India,2023-04-27,Pro,Pending,Moderate,Agent,0
1586,Isha Menon,isha.menon1586@mailbox.com,9692029748,Bengaluru,Karnataka,India,2024-05-03,Premium,Verified,Moderate,Website,1
1587,Manoj Iyer,manoj.iyer1587@mailbox.com,9809914439,Hyderabad,Telangana,India,2025-03-03,Basic,Verified,Aggressive,Google Ads,1
1588,Vihaan Kapoor,vihaan.kapoor1588@mailbox.com,9651044944,Bengaluru,Karnataka,India,2023-01-10,Elite,Verified,Conservative,Website,1
1589,Deepak Rao,deepak.rao1589@mailbox.com,9752482015,Kochi,Kerala,India,2024-04-26,Elite,Verified,Conservative,Google Ads,1
1590,Vivaan Kapoor,vivaan.kapoor1590@mailbox.com,9191522636,Patna,Bihar,India,2025-01-02,Pro,Verified,Moderate,Social Media,1
1591,Divya Sharma,divya.sharma1591@mailbox.com,9554805847,Bengaluru,Karnataka,India,2025-04-24,Pro,Verified,Conservative,Google Ads,1
1592,Kavya Tiwari,kavya.tiwari1592@mailbox.com,9908994150,Indore,Madhya Pradesh,India,2024-03-18,Elite,Verified,Aggressive,Referral,1
1593,Sara Bansal,sara.bansal1593@mailbox.com,9980864872,Surat,Gujarat,India,2025-07-08,Premium,Verified,Moderate,Website,1
1594,Aarav Trivedi,aarav.trivedi1594@mailbox.com,9806624729,Kanpur,Uttar Pradesh,India,2024-12-18,Pro,Verified,Conservative,Referral,1
1595,Meera Tiwari,meera.tiwari1595@mailbox.com,9663604682,Indore,Madhya Pradesh,India,2023-02-18,Basic,Verified,Conservative,Agent,0
1596,Ishaan Kapoor,ishaan.kapoor1596@mailbox.com,9655717998,Coimbatore,Tamil Nadu,India,2023-10-23,Premium,Verified,Conservative,Social Media,1
1597,Priya Jain,priya.jain1597@mailbox.com,9439193511,Kanpur,Uttar Pradesh,India,2025-09-25,Premium,Verified,Moderate,YouTube,1
1598,Divya Kapoor,divya.kapoor1598@mailbox.com,9248441319,Surat,Gujarat,India,2023-01-03,Basic,Verified,Conservative,Google Ads,1
1599,Anil Singh,anil.singh1599@mailbox.com,9926909177,Nagpur,Maharashtra,India,2023-04-26,Basic,Verified,Conservative,YouTube,1
1600,Meera Sharma,meera.sharma1600@mailbox.com,9192482122,Ahmedabad,Gujarat,India,2024-01-02,Basic,Verified,Aggressive,App Store,1
1601,Isha Kumar,isha.kumar1601@mailbox.com,9339390186,Kochi,Kerala,India,2025-11-24,Basic,Verified,Aggressive,Social Media,1
1602,Divya Tiwari,divya.tiwari1602@mailbox.com,9936314979,Jaipur,Rajasthan,India,2025-01-20,Basic,Verified,Aggressive,Referral,1
1603,Anil Kapoor,anil.kapoor1603@mailbox.com,9976301269,Patna,Bihar,India,2023-06-07,Basic,Verified,Conservative,Agent,1
1604,Isha Joshi,isha.joshi1604@mailbox.com,9526971213,Indore,Madhya Pradesh,India,2024-02-23,Pro,Verified,Conservative,App Store,1
1605,Arjun Malhotra,arjun.malhotra1605@mailbox.com,9579934797,Surat,Gujarat,India,2025-09-27,Premium,Verified,Moderate,Google Ads,1
1606,Kiran Rao,kiran.rao1606@mailbox.com,9482699721,Patna,Bihar,India,2023-08-22,Premium,Verified,Aggressive,Google Ads,1
1607,Reyansh Mishra,reyansh.mishra1607@mailbox.com,9943515360,Bhopal,Madhya Pradesh,India,2024-09-04,Basic,Verified,Moderate,YouTube,1
1608,Vikram Yadav,vikram.yadav1608@mailbox.com,9358395494,Nagpur,Maharashtra,India,2024-05-09,Pro,Verified,Moderate,Social Media,1
1609,Karan Gupta,karan.gupta1609@mailbox.com,9963812284,Indore,Madhya Pradesh,India,2025-03-20,Basic,Verified,Aggressive,Google Ads,1
1610,Reyansh Saxena,reyansh.saxena1610@mailbox.com,9685377882,Kanpur,Uttar Pradesh,India,2025-03-12,Basic,Verified,Moderate,Agent,0
1611,Suresh Agarwal,suresh.agarwal1611@mailbox.com,9964690585,Pune,Maharashtra,India,2025-06-06,Premium,Verified,Aggressive,Google Ads,1
1612,Reyansh Verma,reyansh.verma1612@mailbox.com,9650887389,Bhopal,Madhya Pradesh,India,2023-05-08,Pro,Verified,Aggressive,Google Ads,1
1613,Priya Pandey,priya.pandey1613@mailbox.com,9837007653,Kochi,Kerala,India,2024-04-28,Elite,Verified,Aggressive,Social Media,0
1614,Sneha Verma,sneha.verma1614@mailbox.com,9540976952,Bhopal,Madhya Pradesh,India,2025-01-06,Pro,Verified,Moderate,Agent,1
1615,Aditya Reddy,aditya.reddy1615@mailbox.com,9516165529,Patna,Bihar,India,2024-03-22,Premium,Verified,Moderate,Agent,1
1616,Ishaan Sharma,ishaan.sharma1616@mailbox.com,9331739040,Chandigarh,Chandigarh,India,2024-12-11,Premium,Verified,Conservative,App Store,0
1617,Suresh Kapoor,suresh.kapoor1617@mailbox.com,9289269364,Ahmedabad,Gujarat,India,2024-11-08,Premium,Rejected,Aggressive,YouTube,1
1618,Rahul Menon,rahul.menon1618@mailbox.com,9133922273,Delhi,Delhi,India,2024-01-30,Basic,Verified,Conservative,YouTube,0
1619,Arjun Joshi,arjun.joshi1619@mailbox.com,9445096792,Pune,Maharashtra,India,2023-04-17,Basic,Pending,Conservative,Referral,1
1620,Aryan Gupta,aryan.gupta1620@mailbox.com,9988965966,Patna,Bihar,India,2025-10-30,Elite,Verified,Aggressive,Social Media,1
1621,Ananya Singh,ananya.singh1621@mailbox.com,9944467741,Chandigarh,Chandigarh,India,2025-05-29,Elite,Rejected,Moderate,Referral,1
1622,Aarav Tiwari,aarav.tiwari1622@mailbox.com,9721199609,Kanpur,Uttar Pradesh,India,2025-08-10,Basic,Verified,Moderate,Social Media,1
1623,Nikhil Shah,nikhil.shah1623@mailbox.com,9568330366,Patna,Bihar,India,2023-11-16,Basic,Verified,Aggressive,Website,1
1624,Aarav Tiwari,aarav.tiwari1624@mailbox.com,9781045683,Delhi,Delhi,India,2023-12-03,Basic,Verified,Conservative,Website,1
1625,Sanjay Nair,sanjay.nair1625@mailbox.com,9101809671,Indore,Madhya Pradesh,India,2023-12-11,Premium,Verified,Aggressive,Social Media,1
1626,Aryan Iyer,aryan.iyer1626@mailbox.com,9883400879,Surat,Gujarat,India,2023-02-03,Basic,Verified,Moderate,Social Media,0
1627,Vikram Bhatt,vikram.bhatt1627@mailbox.com,9973352945,Kanpur,Uttar Pradesh,India,2023-06-30,Premium,Verified,Moderate,Social Media,0
1628,Vikram Pillai,vikram.pillai1628@mailbox.com,9184919662,Bhopal,Madhya Pradesh,India,2023-11-25,Basic,Verified,Conservative,Referral,0
1629,Sara Malhotra,sara.malhotra1629@mailbox.com,9952906731,Lucknow,Uttar Pradesh,India,2025-11-17,Basic,Verified,Aggressive,App Store,1
1630,Reyansh Mehta,reyansh.mehta1630@mailbox.com,9652149451,Kanpur,Uttar Pradesh,India,2023-08-07,Basic,Verified,Conservative,Referral,1
1631,Sanjay Kapoor,sanjay.kapoor1631@mailbox.com,9599551837,Indore,Madhya Pradesh,India,2024-06-24,Pro,Verified,Moderate,Agent,1
1632,Kiran Verma,kiran.verma1632@mailbox.com,9261574191,Patna,Bihar,India,2024-08-05,Basic,Verified,Aggressive,YouTube,1
1633,Vihaan Patel,vihaan.patel1633@mailbox.com,9542692066,Chennai,Tamil Nadu,India,2024-01-19,Premium,Verified,Conservative,Agent,0
1634,Kiran Trivedi,kiran.trivedi1634@mailbox.com,9988876456,Pune,Maharashtra,India,2025-09-05,Premium,Verified,Moderate,YouTube,1
1635,Aadhya Mishra,aadhya.mishra1635@mailbox.com,9296361283,Jaipur,Rajasthan,India,2023-04-10,Pro,Verified,Aggressive,Agent,1
1636,Amit Singh,amit.singh1636@mailbox.com,9951739722,Chennai,Tamil Nadu,India,2025-07-15,Basic,Verified,Conservative,Social Media,1
1637,Ishaan Gupta,ishaan.gupta1637@mailbox.com,9914047000,Pune,Maharashtra,India,2025-03-03,Premium,Verified,Conservative,Website,1
1638,Neha Gupta,neha.gupta1638@mailbox.com,9966864066,Ahmedabad,Gujarat,India,2023-11-22,Basic,Verified,Moderate,Agent,1
1639,Kabir Bhatt,kabir.bhatt1639@mailbox.com,9720275338,Pune,Maharashtra,India,2025-03-28,Premium,Verified,Moderate,Google Ads,1
1640,Ananya Joshi,ananya.joshi1640@mailbox.com,9817076707,Jaipur,Rajasthan,India,2024-04-01,Premium,Verified,Aggressive,Google Ads,1
1641,Meera Joshi,meera.joshi1641@mailbox.com,9727284857,Kanpur,Uttar Pradesh,India,2025-10-30,Pro,Verified,Aggressive,Google Ads,1
1642,Aditya Sharma,aditya.sharma1642@mailbox.com,9218844813,Surat,Gujarat,India,2023-02-08,Elite,Rejected,Conservative,Social Media,1
1643,Anika Yadav,anika.yadav1643@mailbox.com,9564427526,Pune,Maharashtra,India,2023-02-01,Pro,Verified,Conservative,Agent,1
1644,Vikram Malhotra,vikram.malhotra1644@mailbox.com,9561916223,Chandigarh,Chandigarh,India,2024-08-02,Pro,Verified,Conservative,Social Media,1
1645,Reyansh Bhatt,reyansh.bhatt1645@mailbox.com,9842235700,Lucknow,Uttar Pradesh,India,2025-09-19,Basic,Verified,Aggressive,YouTube,1
1646,Diya Saxena,diya.saxena1646@mailbox.com,9642602190,Bhopal,Madhya Pradesh,India,2023-03-09,Premium,Verified,Moderate,Referral,1
1647,Kavya Kumar,kavya.kumar1647@mailbox.com,9464165759,Bengaluru,Karnataka,India,2025-04-08,Basic,Verified,Aggressive,Social Media,1
1648,Priya Shah,priya.shah1648@mailbox.com,9118149995,Hyderabad,Telangana,India,2025-09-26,Basic,Verified,Conservative,YouTube,0
1649,Aryan Iyer,aryan.iyer1649@mailbox.com,9595992700,Lucknow,Uttar Pradesh,India,2024-06-01,Premium,Verified,Moderate,Google Ads,1
1650,Anil Pillai,anil.pillai1650@mailbox.com,9327213070,Ahmedabad,Gujarat,India,2025-07-12,Premium,Verified,Conservative,Agent,1
1651,Kabir Reddy,kabir.reddy1651@mailbox.com,9897530577,Lucknow,Uttar Pradesh,India,2025-03-17,Premium,Verified,Moderate,Google Ads,1
1652,Aarav Jain,aarav.jain1652@mailbox.com,9796256538,Hyderabad,Telangana,India,2023-08-17,Pro,Rejected,Conservative,YouTube,1
1653,Aditya Pandey,aditya.pandey1653@mailbox.com,9921563793,Lucknow,Uttar Pradesh,India,2025-06-28,Premium,Rejected,Conservative,Referral,1
1654,Vikram Chopra,vikram.chopra1654@mailbox.com,9996234222,Surat,Gujarat,India,2025-01-14,Pro,Verified,Conservative,Website,1
1655,Ishaan Gupta,ishaan.gupta1655@mailbox.com,9460079348,Bhopal,Madhya Pradesh,India,2023-01-14,Pro,Verified,Aggressive,Website,1
1656,Karan Jain,karan.jain1656@mailbox.com,9485550767,Chennai,Tamil Nadu,India,2024-08-27,Pro,Verified,Moderate,Referral,1
1657,Anil Mishra,anil.mishra1657@mailbox.com,9647254901,Pune,Maharashtra,India,2024-11-27,Basic,Pending,Moderate,Social Media,1
1658,Deepak Nair,deepak.nair1658@mailbox.com,9487461750,Kanpur,Uttar Pradesh,India,2025-05-03,Premium,Pending,Conservative,Agent,1
1659,Anil Menon,anil.menon1659@mailbox.com,9736418051,Kanpur,Uttar Pradesh,India,2025-04-01,Premium,Verified,Conservative,YouTube,1
1660,Ananya Reddy,ananya.reddy1660@mailbox.com,9505976765,Patna,Bihar,India,2024-05-21,Elite,Verified,Moderate,App Store,1
1661,Neha Gupta,neha.gupta1661@mailbox.com,9297894372,Ahmedabad,Gujarat,India,2023-11-15,Basic,Verified,Aggressive,Social Media,1
1662,Neha Tiwari,neha.tiwari1662@mailbox.com,9499414211,Surat,Gujarat,India,2023-07-24,Basic,Verified,Aggressive,Agent,1
1663,Kabir Kapoor,kabir.kapoor1663@mailbox.com,9917064460,Kochi,Kerala,India,2023-04-05,Basic,Verified,Conservative,Social Media,1
1664,Sanjay Mehta,sanjay.mehta1664@mailbox.com,9620416120,Kolkata,West Bengal,India,2024-11-12,Basic,Verified,Conservative,App Store,1
1665,Amit Choudhary,amit.choudhary1665@mailbox.com,9162147387,Chandigarh,Chandigarh,India,2025-10-19,Pro,Verified,Moderate,App Store,1
1666,Sara Sharma,sara.sharma1666@mailbox.com,9404053062,Pune,Maharashtra,India,2023-03-27,Basic,Verified,Conservative,Agent,1
1667,Rajesh Gupta,rajesh.gupta1667@mailbox.com,9897481136,Pune,Maharashtra,India,2025-01-18,Basic,Verified,Moderate,Referral,1
1668,Sneha Rao,sneha.rao1668@mailbox.com,9406582292,Surat,Gujarat,India,2024-09-14,Premium,Verified,Aggressive,Website,1
1669,Amit Malhotra,amit.malhotra1669@mailbox.com,9235923045,Indore,Madhya Pradesh,India,2023-07-03,Basic,Verified,Conservative,YouTube,1
1670,Divya Bansal,divya.bansal1670@mailbox.com,9225589299,Kanpur,Uttar Pradesh,India,2023-08-15,Basic,Verified,Moderate,App Store,1
1671,Rajesh Patel,rajesh.patel1671@mailbox.com,9431026410,Chennai,Tamil Nadu,India,2023-10-30,Premium,Verified,Moderate,Social Media,1
1672,Sanjay Agarwal,sanjay.agarwal1672@mailbox.com,9740315003,Delhi,Delhi,India,2024-12-30,Premium,Verified,Moderate,Google Ads,1
1673,Ananya Agarwal,ananya.agarwal1673@mailbox.com,9905943053,Coimbatore,Tamil Nadu,India,2023-11-15,Elite,Verified,Moderate,Agent,1
1674,Rajesh Nair,rajesh.nair1674@mailbox.com,9299474202,Kochi,Kerala,India,2025-05-31,Premium,Verified,Moderate,Social Media,1
1675,Meera Iyer,meera.iyer1675@mailbox.com,9206179318,Kochi,Kerala,India,2024-01-29,Elite,Verified,Conservative,YouTube,1
1676,Aryan Mishra,aryan.mishra1676@mailbox.com,9998984519,Kanpur,Uttar Pradesh,India,2023-04-27,Basic,Verified,Aggressive,Referral,1
1677,Reyansh Shah,reyansh.shah1677@mailbox.com,9373800206,Kochi,Kerala,India,2023-04-12,Pro,Verified,Conservative,Google Ads,1
1678,Aadhya Mehta,aadhya.mehta1678@mailbox.com,9333924851,Lucknow,Uttar Pradesh,India,2024-03-02,Premium,Pending,Conservative,YouTube,1
1679,Nikhil Pandey,nikhil.pandey1679@mailbox.com,9459748017,Delhi,Delhi,India,2024-03-10,Premium,Verified,Conservative,Website,1
1680,Rahul Nair,rahul.nair1680@mailbox.com,9906443482,Hyderabad,Telangana,India,2025-02-20,Premium,Verified,Conservative,Google Ads,1
1681,Varun Patel,varun.patel1681@mailbox.com,9592348481,Kolkata,West Bengal,India,2024-05-24,Basic,Verified,Moderate,Website,1
1682,Aarav Agarwal,aarav.agarwal1682@mailbox.com,9648267357,Ahmedabad,Gujarat,India,2023-06-24,Basic,Rejected,Aggressive,Referral,1
1683,Vivaan Trivedi,vivaan.trivedi1683@mailbox.com,9802481853,Coimbatore,Tamil Nadu,India,2023-08-16,Pro,Verified,Conservative,App Store,1
1684,Suresh Shah,suresh.shah1684@mailbox.com,9743563149,Pune,Maharashtra,India,2024-08-26,Pro,Verified,Conservative,Google Ads,1
1685,Myra Bansal,myra.bansal1685@mailbox.com,9638967034,Indore,Madhya Pradesh,India,2023-12-22,Basic,Verified,Moderate,Agent,1
1686,Rahul Kumar,rahul.kumar1686@mailbox.com,9604827019,Kolkata,West Bengal,India,2024-12-16,Premium,Verified,Moderate,App Store,1
1687,Anika Patel,anika.patel1687@mailbox.com,9262730075,Indore,Madhya Pradesh,India,2025-09-10,Premium,Verified,Moderate,Referral,1
1688,Aadhya Singh,aadhya.singh1688@mailbox.com,9472902030,Nagpur,Maharashtra,India,2024-01-13,Premium,Verified,Conservative,Google Ads,1
1689,Varun Choudhary,varun.choudhary1689@mailbox.com,9862346413,Hyderabad,Telangana,India,2024-08-10,Basic,Verified,Conservative,Agent,1
1690,Vihaan Nair,vihaan.nair1690@mailbox.com,9135445058,Lucknow,Uttar Pradesh,India,2025-06-05,Pro,Verified,Moderate,YouTube,1
1691,Rajesh Malhotra,rajesh.malhotra1691@mailbox.com,9609345991,Bengaluru,Karnataka,India,2023-08-13,Premium,Verified,Aggressive,Agent,1
1692,Kiran Choudhary,kiran.choudhary1692@mailbox.com,9414716918,Kochi,Kerala,India,2024-06-27,Premium,Verified,Moderate,Agent,1
1693,Priya Shah,priya.shah1693@mailbox.com,9202655850,Bhopal,Madhya Pradesh,India,2023-11-22,Premium,Verified,Aggressive,App Store,1
1694,Sara Bhatt,sara.bhatt1694@mailbox.com,9787465625,Coimbatore,Tamil Nadu,India,2024-10-29,Premium,Verified,Moderate,YouTube,1
1695,Ishaan Kumar,ishaan.kumar1695@mailbox.com,9588736231,Kochi,Kerala,India,2025-03-02,Basic,Verified,Moderate,Google Ads,1
1696,Sneha Menon,sneha.menon1696@mailbox.com,9246146818,Chennai,Tamil Nadu,India,2023-05-31,Pro,Verified,Moderate,Referral,0
1697,Riya Mishra,riya.mishra1697@mailbox.com,9918144225,Bhopal,Madhya Pradesh,India,2023-07-19,Basic,Verified,Moderate,Agent,1
1698,Reyansh Bhatt,reyansh.bhatt1698@mailbox.com,9264072791,Bengaluru,Karnataka,India,2023-01-25,Pro,Verified,Conservative,Google Ads,1
1699,Myra Joshi,myra.joshi1699@mailbox.com,9822541933,Vadodara,Gujarat,India,2023-01-13,Pro,Verified,Moderate,Google Ads,1
1700,Yash Bansal,yash.bansal1700@mailbox.com,9616660361,Patna,Bihar,India,2023-02-24,Premium,Verified,Conservative,App Store,1
1701,Ananya Mishra,ananya.mishra1701@mailbox.com,9136896192,Surat,Gujarat,India,2025-01-22,Premium,Verified,Conservative,Referral,1
1702,Kabir Sharma,kabir.sharma1702@mailbox.com,9891348373,Vadodara,Gujarat,India,2025-08-20,Basic,Verified,Aggressive,Social Media,1
1703,Sneha Nair,sneha.nair1703@mailbox.com,9299332732,Chandigarh,Chandigarh,India,2024-03-12,Basic,Verified,Conservative,Social Media,0
1704,Kabir Singh,kabir.singh1704@mailbox.com,9971709775,Kochi,Kerala,India,2025-07-29,Premium,Pending,Conservative,App Store,1
1705,Nikhil Mishra,nikhil.mishra1705@mailbox.com,9818533079,Bengaluru,Karnataka,India,2025-02-16,Basic,Verified,Moderate,Google Ads,0
1706,Deepak Verma,deepak.verma1706@mailbox.com,9767940581,Mumbai,Maharashtra,India,2025-05-10,Basic,Verified,Moderate,App Store,1
1707,Aryan Sharma,aryan.sharma1707@mailbox.com,9402440068,Vadodara,Gujarat,India,2025-02-26,Elite,Verified,Aggressive,Google Ads,1
1708,Nikhil Joshi,nikhil.joshi1708@mailbox.com,9207922177,Kolkata,West Bengal,India,2023-08-01,Basic,Verified,Moderate,Website,1
1709,Karan Reddy,karan.reddy1709@mailbox.com,9486397229,Jaipur,Rajasthan,India,2024-07-11,Basic,Verified,Conservative,App Store,1
1710,Rohan Kapoor,rohan.kapoor1710@mailbox.com,9826638299,Mumbai,Maharashtra,India,2024-07-13,Basic,Verified,Moderate,Google Ads,1
1711,Kavya Mehta,kavya.mehta1711@mailbox.com,9627986282,Indore,Madhya Pradesh,India,2024-11-14,Premium,Verified,Moderate,Social Media,1
1712,Riya Agarwal,riya.agarwal1712@mailbox.com,9682740137,Chandigarh,Chandigarh,India,2025-04-27,Premium,Verified,Moderate,Social Media,1
1713,Kiran Iyer,kiran.iyer1713@mailbox.com,9802915246,Chandigarh,Chandigarh,India,2023-04-30,Pro,Verified,Aggressive,YouTube,1
1714,Divya Iyer,divya.iyer1714@mailbox.com,9404943685,Nagpur,Maharashtra,India,2024-12-19,Premium,Verified,Aggressive,Website,1
1715,Pooja Tiwari,pooja.tiwari1715@mailbox.com,9133621765,Surat,Gujarat,India,2025-06-06,Basic,Verified,Aggressive,YouTube,1
1716,Kiran Kapoor,kiran.kapoor1716@mailbox.com,9895627495,Kanpur,Uttar Pradesh,India,2023-05-04,Premium,Verified,Moderate,Agent,1
1717,Pooja Iyer,pooja.iyer1717@mailbox.com,9652058689,Jaipur,Rajasthan,India,2024-03-17,Basic,Pending,Conservative,Social Media,0
1718,Sara Choudhary,sara.choudhary1718@mailbox.com,9609010018,Nagpur,Maharashtra,India,2025-08-11,Pro,Verified,Conservative,Referral,1
1719,Aadhya Patel,aadhya.patel1719@mailbox.com,9615949121,Coimbatore,Tamil Nadu,India,2023-01-26,Basic,Verified,Aggressive,App Store,1
1720,Rahul Choudhary,rahul.choudhary1720@mailbox.com,9867635136,Kolkata,West Bengal,India,2023-06-21,Basic,Verified,Aggressive,Website,0
1721,Vihaan Jain,vihaan.jain1721@mailbox.com,9792360411,Lucknow,Uttar Pradesh,India,2025-05-06,Premium,Verified,Conservative,YouTube,1
1722,Divya Joshi,divya.joshi1722@mailbox.com,9703102372,Indore,Madhya Pradesh,India,2023-07-02,Basic,Verified,Conservative,Referral,1
1723,Priya Patel,priya.patel1723@mailbox.com,9359664492,Nagpur,Maharashtra,India,2025-01-17,Premium,Pending,Conservative,Referral,1
1724,Divya Agarwal,divya.agarwal1724@mailbox.com,9740550371,Mumbai,Maharashtra,India,2025-08-17,Premium,Verified,Aggressive,App Store,1
1725,Amit Mehta,amit.mehta1725@mailbox.com,9311467803,Kolkata,West Bengal,India,2024-06-14,Elite,Verified,Conservative,Website,1
1726,Suresh Menon,suresh.menon1726@mailbox.com,9613904992,Indore,Madhya Pradesh,India,2024-05-31,Basic,Verified,Conservative,Referral,1
1727,Varun Jain,varun.jain1727@mailbox.com,9565079716,Surat,Gujarat,India,2024-04-01,Premium,Verified,Moderate,App Store,1
1728,Sanjay Menon,sanjay.menon1728@mailbox.com,9971963237,Bhopal,Madhya Pradesh,India,2024-02-02,Premium,Verified,Moderate,App Store,1
1729,Anika Singh,anika.singh1729@mailbox.com,9463158664,Vadodara,Gujarat,India,2024-02-09,Basic,Verified,Moderate,Referral,1
1730,Arjun Joshi,arjun.joshi1730@mailbox.com,9296064776,Surat,Gujarat,India,2024-08-12,Premium,Verified,Moderate,Social Media,1
1731,Suresh Choudhary,suresh.choudhary1731@mailbox.com,9222709782,Nagpur,Maharashtra,India,2025-08-11,Pro,Verified,Conservative,Social Media,1
1732,Nikhil Joshi,nikhil.joshi1732@mailbox.com,9864357046,Pune,Maharashtra,India,2025-11-11,Pro,Verified,Conservative,Agent,1
1733,Sneha Menon,sneha.menon1733@mailbox.com,9717591591,Ahmedabad,Gujarat,India,2025-07-11,Elite,Verified,Conservative,Social Media,1
1734,Deepak Choudhary,deepak.choudhary1734@mailbox.com,9620199952,Chandigarh,Chandigarh,India,2023-05-08,Premium,Verified,Aggressive,Agent,1
1735,Deepak Joshi,deepak.joshi1735@mailbox.com,9487719277,Lucknow,Uttar Pradesh,India,2023-11-23,Basic,Verified,Moderate,Referral,1
1736,Suresh Desai,suresh.desai1736@mailbox.com,9468949988,Bhopal,Madhya Pradesh,India,2025-03-17,Pro,Verified,Conservative,Google Ads,1
1737,Rahul Bansal,rahul.bansal1737@mailbox.com,9941151258,Bengaluru,Karnataka,India,2024-08-03,Basic,Verified,Aggressive,Social Media,1
1738,Vihaan Kumar,vihaan.kumar1738@mailbox.com,9712329170,Bengaluru,Karnataka,India,2023-12-23,Premium,Verified,Moderate,App Store,1
1739,Aarav Bansal,aarav.bansal1739@mailbox.com,9968587450,Chennai,Tamil Nadu,India,2023-11-28,Pro,Verified,Aggressive,Agent,1
1740,Rohan Malhotra,rohan.malhotra1740@mailbox.com,9821355592,Hyderabad,Telangana,India,2023-05-05,Pro,Verified,Aggressive,Google Ads,1
1741,Anika Sharma,anika.sharma1741@mailbox.com,9790876768,Indore,Madhya Pradesh,India,2023-12-21,Pro,Verified,Conservative,YouTube,1
1742,Divya Mishra,divya.mishra1742@mailbox.com,9598273012,Indore,Madhya Pradesh,India,2024-03-25,Basic,Pending,Moderate,YouTube,1
1743,Riya Nair,riya.nair1743@mailbox.com,9318245286,Nagpur,Maharashtra,India,2024-03-18,Premium,Verified,Moderate,Social Media,1
1744,Aarav Verma,aarav.verma1744@mailbox.com,9688199218,Kolkata,West Bengal,India,2024-08-07,Basic,Verified,Moderate,Referral,1
1745,Rohan Mishra,rohan.mishra1745@mailbox.com,9744381711,Nagpur,Maharashtra,India,2023-10-18,Pro,Verified,Moderate,Referral,1
1746,Aryan Jain,aryan.jain1746@mailbox.com,9569772857,Bengaluru,Karnataka,India,2023-08-08,Premium,Verified,Moderate,Social Media,1
1747,Aryan Sharma,aryan.sharma1747@mailbox.com,9118379575,Lucknow,Uttar Pradesh,India,2025-08-03,Basic,Verified,Conservative,Social Media,1
1748,Sara Kumar,sara.kumar1748@mailbox.com,9964002942,Hyderabad,Telangana,India,2024-03-07,Pro,Verified,Conservative,App Store,1
1749,Manoj Agarwal,manoj.agarwal1749@mailbox.com,9843760451,Delhi,Delhi,India,2023-09-29,Premium,Verified,Moderate,Google Ads,1
1750,Meera Nair,meera.nair1750@mailbox.com,9416984109,Hyderabad,Telangana,India,2024-11-07,Premium,Verified,Aggressive,Agent,1
1751,Varun Saxena,varun.saxena1751@mailbox.com,9544256709,Bengaluru,Karnataka,India,2024-07-31,Elite,Verified,Conservative,App Store,1
1752,Kiran Chopra,kiran.chopra1752@mailbox.com,9211029343,Lucknow,Uttar Pradesh,India,2024-09-05,Premium,Verified,Moderate,Social Media,1
1753,Pooja Pillai,pooja.pillai1753@mailbox.com,9943065683,Kanpur,Uttar Pradesh,India,2023-08-24,Premium,Verified,Conservative,YouTube,1
1754,Sara Sharma,sara.sharma1754@mailbox.com,9307566043,Indore,Madhya Pradesh,India,2025-02-09,Basic,Verified,Moderate,App Store,1
1755,Pooja Desai,pooja.desai1755@mailbox.com,9439984036,Jaipur,Rajasthan,India,2023-07-24,Basic,Verified,Conservative,YouTube,1
1756,Isha Pandey,isha.pandey1756@mailbox.com,9485695460,Hyderabad,Telangana,India,2025-06-09,Basic,Verified,Moderate,Social Media,1
1757,Kavya Nair,kavya.nair1757@mailbox.com,9336856243,Mumbai,Maharashtra,India,2024-03-27,Basic,Verified,Aggressive,Referral,0
1758,Neha Malhotra,neha.malhotra1758@mailbox.com,9671217617,Bhopal,Madhya Pradesh,India,2024-03-11,Basic,Verified,Moderate,Website,1
1759,Sanjay Mehta,sanjay.mehta1759@mailbox.com,9995550703,Vadodara,Gujarat,India,2024-02-18,Premium,Verified,Aggressive,Agent,1
1760,Vikram Tiwari,vikram.tiwari1760@mailbox.com,9869728311,Kolkata,West Bengal,India,2024-03-26,Premium,Verified,Conservative,Social Media,1
1761,Sara Sharma,sara.sharma1761@mailbox.com,9577610083,Chennai,Tamil Nadu,India,2024-12-09,Basic,Verified,Conservative,App Store,1
1762,Aadhya Mehta,aadhya.mehta1762@mailbox.com,9217868358,Pune,Maharashtra,India,2024-06-12,Premium,Verified,Conservative,YouTube,0
1763,Aarav Kumar,aarav.kumar1763@mailbox.com,9876864287,Chennai,Tamil Nadu,India,2023-05-16,Pro,Verified,Conservative,App Store,1
1764,Neha Jain,neha.jain1764@mailbox.com,9331066437,Chennai,Tamil Nadu,India,2024-08-26,Basic,Verified,Moderate,YouTube,1
1765,Vikram Kapoor,vikram.kapoor1765@mailbox.com,9919951446,Lucknow,Uttar Pradesh,India,2023-10-12,Premium,Verified,Aggressive,Social Media,1
1766,Varun Pandey,varun.pandey1766@mailbox.com,9455887691,Patna,Bihar,India,2023-04-26,Basic,Verified,Conservative,Social Media,1
1767,Rahul Desai,rahul.desai1767@mailbox.com,9566621840,Bhopal,Madhya Pradesh,India,2025-06-13,Premium,Verified,Moderate,Agent,1
1768,Riya Iyer,riya.iyer1768@mailbox.com,9493021816,Vadodara,Gujarat,India,2023-11-29,Premium,Pending,Conservative,YouTube,1
1769,Aditya Nair,aditya.nair1769@mailbox.com,9510142532,Ahmedabad,Gujarat,India,2024-09-25,Basic,Pending,Aggressive,Google Ads,1
1770,Kabir Reddy,kabir.reddy1770@mailbox.com,9248481313,Lucknow,Uttar Pradesh,India,2023-07-03,Basic,Verified,Moderate,Agent,1
1771,Kavya Iyer,kavya.iyer1771@mailbox.com,9597597358,Ahmedabad,Gujarat,India,2023-12-28,Pro,Verified,Conservative,Website,1
1772,Sara Choudhary,sara.choudhary1772@mailbox.com,9462674283,Mumbai,Maharashtra,India,2024-02-15,Basic,Verified,Moderate,Referral,0
1773,Myra Tiwari,myra.tiwari1773@mailbox.com,9862965551,Ahmedabad,Gujarat,India,2023-05-23,Premium,Verified,Conservative,Referral,1
1774,Sara Iyer,sara.iyer1774@mailbox.com,9529498365,Kolkata,West Bengal,India,2025-11-02,Premium,Verified,Moderate,Agent,1
1775,Rajesh Tiwari,rajesh.tiwari1775@mailbox.com,9968194207,Lucknow,Uttar Pradesh,India,2023-11-28,Basic,Verified,Conservative,App Store,1
1776,Reyansh Tiwari,reyansh.tiwari1776@mailbox.com,9366999667,Hyderabad,Telangana,India,2024-09-12,Premium,Verified,Aggressive,Social Media,1
1777,Kavya Nair,kavya.nair1777@mailbox.com,9133052429,Bhopal,Madhya Pradesh,India,2024-08-25,Premium,Verified,Conservative,Agent,1
1778,Ishaan Malhotra,ishaan.malhotra1778@mailbox.com,9166123824,Chandigarh,Chandigarh,India,2024-04-02,Basic,Verified,Moderate,Social Media,1
1779,Isha Kumar,isha.kumar1779@mailbox.com,9356837029,Vadodara,Gujarat,India,2024-09-15,Elite,Verified,Aggressive,Social Media,1
1780,Sneha Mehta,sneha.mehta1780@mailbox.com,9919497077,Delhi,Delhi,India,2024-08-25,Premium,Verified,Conservative,Social Media,1
1781,Vivaan Mishra,vivaan.mishra1781@mailbox.com,9649857736,Bengaluru,Karnataka,India,2023-03-27,Premium,Verified,Aggressive,Social Media,1
1782,Kavya Kumar,kavya.kumar1782@mailbox.com,9602901159,Vadodara,Gujarat,India,2024-12-13,Basic,Verified,Aggressive,Agent,1
1783,Aarav Bansal,aarav.bansal1783@mailbox.com,9824310628,Chandigarh,Chandigarh,India,2023-05-02,Basic,Verified,Conservative,Agent,1
1784,Yash Choudhary,yash.choudhary1784@mailbox.com,9794343671,Nagpur,Maharashtra,India,2024-04-08,Premium,Pending,Moderate,YouTube,0
1785,Divya Rao,divya.rao1785@mailbox.com,9698746854,Pune,Maharashtra,India,2024-01-24,Premium,Verified,Aggressive,App Store,1
1786,Karan Yadav,karan.yadav1786@mailbox.com,9503844565,Kanpur,Uttar Pradesh,India,2024-04-21,Basic,Verified,Moderate,Referral,1
1787,Kabir Desai,kabir.desai1787@mailbox.com,9217595533,Kanpur,Uttar Pradesh,India,2023-03-18,Premium,Verified,Aggressive,YouTube,0
1788,Vihaan Sharma,vihaan.sharma1788@mailbox.com,9432780113,Chandigarh,Chandigarh,India,2025-01-16,Premium,Pending,Aggressive,Website,1
1789,Riya Rao,riya.rao1789@mailbox.com,9734719706,Kanpur,Uttar Pradesh,India,2024-03-21,Basic,Verified,Moderate,Referral,1
1790,Rajesh Trivedi,rajesh.trivedi1790@mailbox.com,9328106450,Mumbai,Maharashtra,India,2023-03-06,Pro,Verified,Conservative,Website,1
1791,Vikram Jain,vikram.jain1791@mailbox.com,9703877159,Surat,Gujarat,India,2023-01-04,Premium,Verified,Moderate,Social Media,1
1792,Kiran Pandey,kiran.pandey1792@mailbox.com,9154373781,Patna,Bihar,India,2024-07-29,Premium,Verified,Moderate,YouTube,1
1793,Kavya Jain,kavya.jain1793@mailbox.com,9428425811,Kolkata,West Bengal,India,2024-12-10,Pro,Verified,Aggressive,Social Media,1
1794,Diya Gupta,diya.gupta1794@mailbox.com,9306890011,Bengaluru,Karnataka,India,2024-08-05,Premium,Verified,Conservative,Social Media,0
1795,Zara Saxena,zara.saxena1795@mailbox.com,9884780023,Bengaluru,Karnataka,India,2025-02-06,Elite,Verified,Aggressive,Website,1
1796,Rohan Singh,rohan.singh1796@mailbox.com,9440445990,Chandigarh,Chandigarh,India,2025-03-16,Pro,Verified,Conservative,Google Ads,1
1797,Aryan Gupta,aryan.gupta1797@mailbox.com,9463153698,Jaipur,Rajasthan,India,2025-07-17,Basic,Verified,Moderate,Agent,0
1798,Kabir Choudhary,kabir.choudhary1798@mailbox.com,9385563848,Kanpur,Uttar Pradesh,India,2025-11-12,Premium,Verified,Moderate,Google Ads,1
1799,Zara Kapoor,zara.kapoor1799@mailbox.com,9925952537,Vadodara,Gujarat,India,2025-07-31,Elite,Verified,Aggressive,App Store,0
1800,Rahul Desai,rahul.desai1800@mailbox.com,9765219019,Delhi,Delhi,India,2025-04-27,Pro,Verified,Conservative,App Store,0
1801,Aditya Jain,aditya.jain1801@mailbox.com,9242962304,Chennai,Tamil Nadu,India,2024-04-03,Basic,Verified,Aggressive,App Store,0
1802,Riya Gupta,riya.gupta1802@mailbox.com,9294026024,Chandigarh,Chandigarh,India,2024-06-20,Basic,Verified,Conservative,App Store,1
1803,Riya Nair,riya.nair1803@mailbox.com,9330658121,Kanpur,Uttar Pradesh,India,2024-10-18,Basic,Verified,Aggressive,App Store,1
1804,Ananya Jain,ananya.jain1804@mailbox.com,9690916677,Mumbai,Maharashtra,India,2023-06-30,Pro,Pending,Moderate,Referral,1
1805,Reyansh Malhotra,reyansh.malhotra1805@mailbox.com,9942317782,Bhopal,Madhya Pradesh,India,2024-12-22,Pro,Verified,Moderate,YouTube,1
1806,Vivaan Nair,vivaan.nair1806@mailbox.com,9533474754,Bengaluru,Karnataka,India,2024-09-18,Pro,Verified,Conservative,App Store,1
1807,Aarav Kapoor,aarav.kapoor1807@mailbox.com,9173430723,Patna,Bihar,India,2024-07-08,Basic,Verified,Moderate,Website,1
1808,Zara Pandey,zara.pandey1808@mailbox.com,9142646245,Patna,Bihar,India,2025-06-07,Pro,Verified,Moderate,YouTube,1
1809,Vihaan Verma,vihaan.verma1809@mailbox.com,9473168061,Chandigarh,Chandigarh,India,2025-01-01,Basic,Verified,Conservative,Agent,1
1810,Yash Mishra,yash.mishra1810@mailbox.com,9338219701,Lucknow,Uttar Pradesh,India,2025-09-20,Basic,Verified,Conservative,Referral,0
1811,Karan Shah,karan.shah1811@mailbox.com,9619076072,Kolkata,West Bengal,India,2025-11-05,Basic,Verified,Moderate,App Store,1
1812,Priya Shah,priya.shah1812@mailbox.com,9206458993,Kochi,Kerala,India,2025-05-28,Premium,Verified,Moderate,Referral,1
1813,Priya Chopra,priya.chopra1813@mailbox.com,9307234643,Nagpur,Maharashtra,India,2023-11-14,Premium,Verified,Aggressive,Website,1
1814,Zara Nair,zara.nair1814@mailbox.com,9352911235,Indore,Madhya Pradesh,India,2023-07-21,Basic,Verified,Moderate,Agent,1
1815,Kiran Bansal,kiran.bansal1815@mailbox.com,9428234739,Bengaluru,Karnataka,India,2023-11-15,Basic,Verified,Moderate,App Store,1
1816,Arjun Rao,arjun.rao1816@mailbox.com,9299660827,Indore,Madhya Pradesh,India,2025-01-28,Pro,Verified,Moderate,Referral,1
1817,Karan Mishra,karan.mishra1817@mailbox.com,9410667014,Nagpur,Maharashtra,India,2025-07-09,Basic,Verified,Moderate,Website,1
1818,Ananya Nair,ananya.nair1818@mailbox.com,9396749419,Kolkata,West Bengal,India,2025-07-26,Premium,Verified,Aggressive,Agent,1
1819,Reyansh Saxena,reyansh.saxena1819@mailbox.com,9908655178,Patna,Bihar,India,2024-12-29,Basic,Verified,Aggressive,Referral,1
1820,Diya Singh,diya.singh1820@mailbox.com,9903447450,Bengaluru,Karnataka,India,2024-12-26,Basic,Verified,Aggressive,Agent,1
1821,Isha Bhatt,isha.bhatt1821@mailbox.com,9488428611,Bhopal,Madhya Pradesh,India,2025-10-10,Basic,Verified,Moderate,Agent,1
1822,Rajesh Desai,rajesh.desai1822@mailbox.com,9359185051,Vadodara,Gujarat,India,2024-12-31,Premium,Verified,Conservative,Referral,1
1823,Isha Yadav,isha.yadav1823@mailbox.com,9476046114,Nagpur,Maharashtra,India,2023-05-31,Premium,Verified,Moderate,Social Media,1
1824,Kiran Kumar,kiran.kumar1824@mailbox.com,9647107204,Bengaluru,Karnataka,India,2024-06-16,Basic,Verified,Moderate,Social Media,1
1825,Rajesh Iyer,rajesh.iyer1825@mailbox.com,9447922791,Nagpur,Maharashtra,India,2024-01-17,Pro,Verified,Conservative,Website,1
1826,Nikhil Nair,nikhil.nair1826@mailbox.com,9780533126,Kanpur,Uttar Pradesh,India,2024-11-09,Basic,Verified,Aggressive,Referral,1
1827,Arjun Iyer,arjun.iyer1827@mailbox.com,9463011499,Nagpur,Maharashtra,India,2024-11-08,Pro,Verified,Moderate,Referral,1
1828,Aryan Verma,aryan.verma1828@mailbox.com,9205569492,Kolkata,West Bengal,India,2023-11-10,Basic,Verified,Moderate,Referral,1
1829,Neha Kapoor,neha.kapoor1829@mailbox.com,9208731348,Indore,Madhya Pradesh,India,2023-11-16,Pro,Verified,Moderate,Google Ads,1
1830,Aryan Mehta,aryan.mehta1830@mailbox.com,9884687877,Kolkata,West Bengal,India,2023-04-05,Basic,Verified,Aggressive,Website,1
1831,Myra Pillai,myra.pillai1831@mailbox.com,9474486453,Nagpur,Maharashtra,India,2023-11-09,Premium,Verified,Aggressive,YouTube,1
1832,Yash Reddy,yash.reddy1832@mailbox.com,9394444960,Nagpur,Maharashtra,India,2025-05-31,Premium,Verified,Aggressive,Referral,1
1833,Vikram Malhotra,vikram.malhotra1833@mailbox.com,9960860431,Indore,Madhya Pradesh,India,2024-11-28,Premium,Verified,Aggressive,YouTube,1
1834,Aditya Pillai,aditya.pillai1834@mailbox.com,9482188216,Patna,Bihar,India,2025-10-01,Pro,Verified,Aggressive,Social Media,1
1835,Aadhya Verma,aadhya.verma1835@mailbox.com,9383704521,Kochi,Kerala,India,2025-09-13,Basic,Verified,Aggressive,Google Ads,1
1836,Reyansh Bhatt,reyansh.bhatt1836@mailbox.com,9876448603,Patna,Bihar,India,2025-07-01,Basic,Verified,Conservative,Social Media,1
1837,Varun Saxena,varun.saxena1837@mailbox.com,9174586926,Patna,Bihar,India,2023-07-11,Pro,Verified,Moderate,Social Media,1
1838,Isha Verma,isha.verma1838@mailbox.com,9859843123,Kochi,Kerala,India,2023-12-22,Pro,Pending,Conservative,App Store,1
1839,Rohan Verma,rohan.verma1839@mailbox.com,9568037695,Chennai,Tamil Nadu,India,2023-03-03,Premium,Verified,Aggressive,Social Media,1
1840,Sanjay Jain,sanjay.jain1840@mailbox.com,9118143581,Kolkata,West Bengal,India,2023-04-10,Premium,Verified,Moderate,Google Ads,1
1841,Anika Mehta,anika.mehta1841@mailbox.com,9711301988,Kanpur,Uttar Pradesh,India,2023-09-04,Pro,Verified,Moderate,Agent,1
1842,Vihaan Jain,vihaan.jain1842@mailbox.com,9276060464,Lucknow,Uttar Pradesh,India,2023-10-26,Pro,Verified,Moderate,Social Media,1
1843,Manoj Kapoor,manoj.kapoor1843@mailbox.com,9691575055,Bhopal,Madhya Pradesh,India,2023-01-17,Pro,Pending,Aggressive,Referral,1
1844,Anil Agarwal,anil.agarwal1844@mailbox.com,9990340625,Mumbai,Maharashtra,India,2025-06-16,Pro,Verified,Aggressive,App Store,1
1845,Divya Mehta,divya.mehta1845@mailbox.com,9717822241,Bengaluru,Karnataka,India,2024-07-15,Basic,Verified,Conservative,Social Media,1
1846,Neha Desai,neha.desai1846@mailbox.com,9274140539,Bhopal,Madhya Pradesh,India,2024-11-29,Premium,Verified,Aggressive,Website,0
1847,Aadhya Singh,aadhya.singh1847@mailbox.com,9673746208,Chandigarh,Chandigarh,India,2024-11-27,Premium,Verified,Aggressive,Referral,1
1848,Amit Chopra,amit.chopra1848@mailbox.com,9737767237,Pune,Maharashtra,India,2025-10-26,Basic,Verified,Conservative,YouTube,1
1849,Rahul Agarwal,rahul.agarwal1849@mailbox.com,9199578597,Pune,Maharashtra,India,2023-06-06,Pro,Verified,Moderate,Google Ads,1
1850,Ishaan Kumar,ishaan.kumar1850@mailbox.com,9380197923,Nagpur,Maharashtra,India,2023-12-31,Premium,Verified,Moderate,Agent,1
1851,Vihaan Agarwal,vihaan.agarwal1851@mailbox.com,9894332572,Lucknow,Uttar Pradesh,India,2023-11-25,Basic,Verified,Moderate,Social Media,1
1852,Ananya Nair,ananya.nair1852@mailbox.com,9255883608,Hyderabad,Telangana,India,2024-08-10,Premium,Verified,Aggressive,Referral,1
1853,Riya Choudhary,riya.choudhary1853@mailbox.com,9758590895,Kanpur,Uttar Pradesh,India,2024-07-14,Basic,Verified,Conservative,Referral,1
1854,Ishaan Gupta,ishaan.gupta1854@mailbox.com,9631370355,Chandigarh,Chandigarh,India,2025-04-21,Basic,Verified,Aggressive,Social Media,1
1855,Arjun Mishra,arjun.mishra1855@mailbox.com,9880406000,Bhopal,Madhya Pradesh,India,2024-08-20,Premium,Verified,Moderate,App Store,1
1856,Deepak Mishra,deepak.mishra1856@mailbox.com,9500600970,Chandigarh,Chandigarh,India,2023-09-07,Premium,Verified,Aggressive,Website,1
1857,Myra Choudhary,myra.choudhary1857@mailbox.com,9702345995,Indore,Madhya Pradesh,India,2024-08-24,Premium,Verified,Aggressive,Referral,1
1858,Vikram Pandey,vikram.pandey1858@mailbox.com,9597474879,Kochi,Kerala,India,2025-10-23,Basic,Verified,Moderate,Website,1
1859,Rahul Chopra,rahul.chopra1859@mailbox.com,9891668255,Chennai,Tamil Nadu,India,2024-09-08,Premium,Verified,Conservative,Social Media,1
1860,Divya Shah,divya.shah1860@mailbox.com,9710300794,Mumbai,Maharashtra,India,2024-09-22,Basic,Verified,Aggressive,YouTube,1
1861,Divya Saxena,divya.saxena1861@mailbox.com,9964050085,Bengaluru,Karnataka,India,2023-07-07,Pro,Verified,Moderate,App Store,1
1862,Diya Iyer,diya.iyer1862@mailbox.com,9437179984,Vadodara,Gujarat,India,2023-01-09,Basic,Pending,Moderate,Social Media,1
1863,Anil Patel,anil.patel1863@mailbox.com,9530956245,Indore,Madhya Pradesh,India,2023-08-12,Pro,Verified,Conservative,Social Media,0
1864,Myra Iyer,myra.iyer1864@mailbox.com,9138774364,Chennai,Tamil Nadu,India,2023-01-27,Basic,Verified,Conservative,Google Ads,1
1865,Anil Pandey,anil.pandey1865@mailbox.com,9931582129,Kochi,Kerala,India,2024-04-26,Basic,Verified,Conservative,Website,1
1866,Aadhya Yadav,aadhya.yadav1866@mailbox.com,9834455615,Pune,Maharashtra,India,2025-07-28,Premium,Verified,Conservative,Referral,1
1867,Arjun Malhotra,arjun.malhotra1867@mailbox.com,9366674136,Nagpur,Maharashtra,India,2024-04-20,Pro,Verified,Aggressive,Agent,1
1868,Rajesh Rao,rajesh.rao1868@mailbox.com,9146685849,Chennai,Tamil Nadu,India,2024-11-18,Elite,Verified,Moderate,YouTube,1
1869,Vivaan Trivedi,vivaan.trivedi1869@mailbox.com,9727157419,Delhi,Delhi,India,2025-06-30,Premium,Verified,Moderate,Agent,1
1870,Rajesh Gupta,rajesh.gupta1870@mailbox.com,9705070109,Kolkata,West Bengal,India,2025-03-23,Basic,Pending,Aggressive,Website,1
1871,Vivaan Kumar,vivaan.kumar1871@mailbox.com,9574908153,Chennai,Tamil Nadu,India,2024-11-23,Basic,Pending,Aggressive,Agent,1
1872,Rohan Iyer,rohan.iyer1872@mailbox.com,9926551301,Nagpur,Maharashtra,India,2025-04-14,Premium,Verified,Moderate,YouTube,1
1873,Neha Yadav,neha.yadav1873@mailbox.com,9489312564,Mumbai,Maharashtra,India,2023-10-26,Basic,Verified,Conservative,YouTube,1
1874,Varun Joshi,varun.joshi1874@mailbox.com,9752107913,Chennai,Tamil Nadu,India,2024-03-23,Pro,Verified,Moderate,Agent,1
1875,Aadhya Malhotra,aadhya.malhotra1875@mailbox.com,9873182491,Nagpur,Maharashtra,India,2024-02-29,Premium,Verified,Aggressive,YouTube,1
1876,Arjun Joshi,arjun.joshi1876@mailbox.com,9593493372,Ahmedabad,Gujarat,India,2025-04-30,Pro,Verified,Moderate,YouTube,1
1877,Karan Malhotra,karan.malhotra1877@mailbox.com,9184977593,Indore,Madhya Pradesh,India,2024-03-11,Pro,Rejected,Conservative,Google Ads,1
1878,Kiran Sharma,kiran.sharma1878@mailbox.com,9898943900,Surat,Gujarat,India,2025-09-25,Basic,Verified,Aggressive,Social Media,1
1879,Divya Menon,divya.menon1879@mailbox.com,9700435609,Vadodara,Gujarat,India,2023-07-18,Basic,Verified,Moderate,Referral,1
1880,Arjun Menon,arjun.menon1880@mailbox.com,9651356867,Chandigarh,Chandigarh,India,2023-07-03,Pro,Verified,Conservative,YouTube,1
1881,Sara Joshi,sara.joshi1881@mailbox.com,9916707727,Chennai,Tamil Nadu,India,2025-02-01,Basic,Verified,Conservative,Agent,1
1882,Ananya Rao,ananya.rao1882@mailbox.com,9880776770,Surat,Gujarat,India,2025-03-24,Premium,Pending,Moderate,YouTube,0
1883,Kabir Trivedi,kabir.trivedi1883@mailbox.com,9294071453,Indore,Madhya Pradesh,India,2024-12-24,Pro,Verified,Conservative,Referral,1
1884,Anil Patel,anil.patel1884@mailbox.com,9255461383,Nagpur,Maharashtra,India,2023-11-24,Basic,Verified,Conservative,Agent,1
1885,Neha Verma,neha.verma1885@mailbox.com,9244207145,Patna,Bihar,India,2023-01-10,Pro,Verified,Conservative,App Store,1
1886,Kabir Verma,kabir.verma1886@mailbox.com,9819808753,Bengaluru,Karnataka,India,2023-12-09,Basic,Verified,Moderate,YouTube,1
1887,Priya Mishra,priya.mishra1887@mailbox.com,9316347879,Ahmedabad,Gujarat,India,2024-05-11,Premium,Pending,Aggressive,Google Ads,1
1888,Aadhya Agarwal,aadhya.agarwal1888@mailbox.com,9505109076,Chandigarh,Chandigarh,India,2024-03-15,Basic,Verified,Moderate,Social Media,1
1889,Aditya Singh,aditya.singh1889@mailbox.com,9809177826,Kochi,Kerala,India,2025-09-08,Premium,Verified,Aggressive,Agent,1
1890,Anika Mishra,anika.mishra1890@mailbox.com,9485779520,Mumbai,Maharashtra,India,2025-07-08,Basic,Verified,Moderate,Agent,1
1891,Kabir Kumar,kabir.kumar1891@mailbox.com,9155667903,Lucknow,Uttar Pradesh,India,2025-04-05,Basic,Verified,Moderate,Google Ads,1
1892,Karan Agarwal,karan.agarwal1892@mailbox.com,9425605915,Kolkata,West Bengal,India,2023-01-24,Basic,Rejected,Moderate,Social Media,1
1893,Kiran Sharma,kiran.sharma1893@mailbox.com,9185131229,Hyderabad,Telangana,India,2023-05-16,Basic,Rejected,Conservative,Social Media,1
1894,Meera Choudhary,meera.choudhary1894@mailbox.com,9447016731,Delhi,Delhi,India,2024-04-07,Premium,Verified,Aggressive,Agent,0
1895,Reyansh Choudhary,reyansh.choudhary1895@mailbox.com,9763047300,Kanpur,Uttar Pradesh,India,2024-10-24,Basic,Pending,Conservative,Referral,1
1896,Deepak Trivedi,deepak.trivedi1896@mailbox.com,9707389100,Surat,Gujarat,India,2024-12-25,Basic,Verified,Aggressive,Agent,1
1897,Sanjay Rao,sanjay.rao1897@mailbox.com,9196119840,Kanpur,Uttar Pradesh,India,2023-11-12,Basic,Verified,Moderate,Website,1
1898,Deepak Joshi,deepak.joshi1898@mailbox.com,9482559282,Ahmedabad,Gujarat,India,2023-04-28,Basic,Verified,Conservative,Agent,1
1899,Divya Tiwari,divya.tiwari1899@mailbox.com,9358294369,Patna,Bihar,India,2023-12-16,Basic,Verified,Moderate,YouTube,1
1900,Kavya Shah,kavya.shah1900@mailbox.com,9686783092,Surat,Gujarat,India,2025-04-23,Basic,Verified,Conservative,Referral,1
1901,Amit Verma,amit.verma1901@mailbox.com,9548373117,Coimbatore,Tamil Nadu,India,2025-11-16,Premium,Verified,Moderate,Social Media,1
1902,Amit Choudhary,amit.choudhary1902@mailbox.com,9249246521,Pune,Maharashtra,India,2025-09-30,Premium,Verified,Conservative,Agent,1
1903,Meera Shah,meera.shah1903@mailbox.com,9956983982,Chennai,Tamil Nadu,India,2024-09-23,Premium,Verified,Moderate,Agent,1
1904,Karan Iyer,karan.iyer1904@mailbox.com,9136691335,Lucknow,Uttar Pradesh,India,2023-04-07,Basic,Verified,Conservative,YouTube,1
1905,Kavya Desai,kavya.desai1905@mailbox.com,9498665506,Kanpur,Uttar Pradesh,India,2025-10-27,Pro,Verified,Conservative,Social Media,1
1906,Karan Sharma,karan.sharma1906@mailbox.com,9969994773,Lucknow,Uttar Pradesh,India,2023-06-12,Premium,Verified,Conservative,Website,1
1907,Diya Sharma,diya.sharma1907@mailbox.com,9701987332,Chandigarh,Chandigarh,India,2023-10-13,Premium,Verified,Conservative,App Store,1
1908,Ishaan Verma,ishaan.verma1908@mailbox.com,9673066833,Mumbai,Maharashtra,India,2025-11-03,Basic,Verified,Aggressive,Social Media,1
1909,Vivaan Kumar,vivaan.kumar1909@mailbox.com,9910689689,Kanpur,Uttar Pradesh,India,2024-06-20,Basic,Pending,Aggressive,Google Ads,1
1910,Varun Yadav,varun.yadav1910@mailbox.com,9175525404,Jaipur,Rajasthan,India,2023-07-30,Premium,Verified,Aggressive,Agent,1
1911,Aditya Desai,aditya.desai1911@mailbox.com,9595337960,Chennai,Tamil Nadu,India,2024-06-18,Basic,Verified,Aggressive,App Store,1
1912,Kiran Bhatt,kiran.bhatt1912@mailbox.com,9708731314,Indore,Madhya Pradesh,India,2023-03-26,Premium,Verified,Conservative,Agent,1
1913,Aarav Mehta,aarav.mehta1913@mailbox.com,9867458800,Chandigarh,Chandigarh,India,2023-12-03,Basic,Verified,Aggressive,Agent,1
1914,Suresh Tiwari,suresh.tiwari1914@mailbox.com,9169470662,Kanpur,Uttar Pradesh,India,2025-10-11,Basic,Rejected,Aggressive,Social Media,1
1915,Kavya Patel,kavya.patel1915@mailbox.com,9242366376,Delhi,Delhi,India,2023-11-14,Basic,Verified,Conservative,Website,0
1916,Rahul Pandey,rahul.pandey1916@mailbox.com,9959020325,Delhi,Delhi,India,2025-08-08,Basic,Verified,Aggressive,Website,1
1917,Diya Sharma,diya.sharma1917@mailbox.com,9542765674,Jaipur,Rajasthan,India,2024-08-01,Basic,Verified,Aggressive,Website,1
1918,Zara Sharma,zara.sharma1918@mailbox.com,9383687820,Surat,Gujarat,India,2024-11-29,Basic,Verified,Moderate,Website,1
1919,Riya Gupta,riya.gupta1919@mailbox.com,9237017106,Pune,Maharashtra,India,2025-01-18,Premium,Pending,Moderate,Google Ads,1
1920,Amit Bhatt,amit.bhatt1920@mailbox.com,9418862574,Pune,Maharashtra,India,2024-08-10,Basic,Verified,Aggressive,Website,0
1921,Sara Rao,sara.rao1921@mailbox.com,9104499144,Kochi,Kerala,India,2023-02-06,Premium,Verified,Conservative,YouTube,1
1922,Amit Malhotra,amit.malhotra1922@mailbox.com,9300558502,Mumbai,Maharashtra,India,2025-09-05,Elite,Verified,Aggressive,Referral,1
1923,Anil Kapoor,anil.kapoor1923@mailbox.com,9264706298,Delhi,Delhi,India,2024-05-20,Pro,Verified,Conservative,Referral,1
1924,Anika Bhatt,anika.bhatt1924@mailbox.com,9176203064,Hyderabad,Telangana,India,2024-11-29,Premium,Verified,Aggressive,Referral,1
1925,Myra Agarwal,myra.agarwal1925@mailbox.com,9972123562,Vadodara,Gujarat,India,2024-08-12,Basic,Verified,Conservative,YouTube,0
1926,Reyansh Sharma,reyansh.sharma1926@mailbox.com,9946342484,Lucknow,Uttar Pradesh,India,2024-12-02,Premium,Verified,Aggressive,YouTube,1
1927,Myra Bansal,myra.bansal1927@mailbox.com,9359581029,Hyderabad,Telangana,India,2024-01-13,Pro,Pending,Moderate,Referral,1
1928,Reyansh Mehta,reyansh.mehta1928@mailbox.com,9354418961,Pune,Maharashtra,India,2025-06-17,Premium,Verified,Moderate,YouTube,1
1929,Kabir Saxena,kabir.saxena1929@mailbox.com,9602660059,Vadodara,Gujarat,India,2023-08-27,Basic,Verified,Moderate,Agent,1
1930,Yash Trivedi,yash.trivedi1930@mailbox.com,9263616648,Surat,Gujarat,India,2024-11-26,Pro,Verified,Conservative,Referral,1
1931,Vihaan Gupta,vihaan.gupta1931@mailbox.com,9311935059,Chennai,Tamil Nadu,India,2024-09-07,Basic,Verified,Aggressive,Agent,1
1932,Zara Bhatt,zara.bhatt1932@mailbox.com,9977396751,Chennai,Tamil Nadu,India,2024-06-20,Pro,Verified,Aggressive,YouTube,1
1933,Anil Gupta,anil.gupta1933@mailbox.com,9416955965,Delhi,Delhi,India,2023-01-24,Basic,Verified,Moderate,YouTube,1
1934,Yash Pillai,yash.pillai1934@mailbox.com,9802931316,Patna,Bihar,India,2024-02-20,Basic,Verified,Conservative,Social Media,1
1935,Reyansh Bansal,reyansh.bansal1935@mailbox.com,9724448225,Bengaluru,Karnataka,India,2023-02-20,Pro,Verified,Aggressive,Google Ads,1
1936,Ishaan Joshi,ishaan.joshi1936@mailbox.com,9875551029,Kolkata,West Bengal,India,2024-06-19,Premium,Verified,Moderate,Google Ads,0
1937,Myra Kapoor,myra.kapoor1937@mailbox.com,9564729972,Pune,Maharashtra,India,2025-01-02,Premium,Verified,Aggressive,Agent,1
1938,Sanjay Joshi,sanjay.joshi1938@mailbox.com,9915667118,Indore,Madhya Pradesh,India,2024-07-10,Pro,Verified,Conservative,Agent,1
1939,Yash Bhatt,yash.bhatt1939@mailbox.com,9426387362,Indore,Madhya Pradesh,India,2025-03-17,Pro,Verified,Moderate,Website,1
1940,Rohan Yadav,rohan.yadav1940@mailbox.com,9155421484,Patna,Bihar,India,2024-01-20,Premium,Verified,Moderate,App Store,1
1941,Ishaan Shah,ishaan.shah1941@mailbox.com,9253487293,Kolkata,West Bengal,India,2023-11-23,Elite,Verified,Aggressive,YouTube,1
1942,Ananya Malhotra,ananya.malhotra1942@mailbox.com,9794078707,Ahmedabad,Gujarat,India,2024-04-22,Basic,Verified,Conservative,App Store,0
1943,Deepak Nair,deepak.nair1943@mailbox.com,9394192300,Ahmedabad,Gujarat,India,2023-09-02,Basic,Verified,Moderate,Website,1
1944,Vivaan Malhotra,vivaan.malhotra1944@mailbox.com,9191805082,Mumbai,Maharashtra,India,2025-05-03,Pro,Verified,Aggressive,YouTube,1
1945,Sara Bhatt,sara.bhatt1945@mailbox.com,9363206364,Bhopal,Madhya Pradesh,India,2025-05-12,Basic,Verified,Moderate,Google Ads,1
1946,Arjun Iyer,arjun.iyer1946@mailbox.com,9417520832,Kanpur,Uttar Pradesh,India,2024-03-19,Pro,Verified,Moderate,Social Media,1
1947,Ishaan Kapoor,ishaan.kapoor1947@mailbox.com,9181452752,Lucknow,Uttar Pradesh,India,2025-04-24,Basic,Verified,Conservative,Agent,1
1948,Nikhil Chopra,nikhil.chopra1948@mailbox.com,9123105417,Vadodara,Gujarat,India,2023-01-28,Basic,Verified,Moderate,Google Ads,1
1949,Aarav Bansal,aarav.bansal1949@mailbox.com,9751703812,Hyderabad,Telangana,India,2023-06-14,Basic,Verified,Aggressive,App Store,1
1950,Isha Iyer,isha.iyer1950@mailbox.com,9714596607,Vadodara,Gujarat,India,2023-10-29,Premium,Verified,Moderate,Social Media,1
1951,Nikhil Choudhary,nikhil.choudhary1951@mailbox.com,9562741973,Surat,Gujarat,India,2024-02-18,Pro,Verified,Conservative,Agent,1
1952,Neha Chopra,neha.chopra1952@mailbox.com,9211098118,Chennai,Tamil Nadu,India,2023-09-04,Basic,Verified,Moderate,Website,1
1953,Aditya Shah,aditya.shah1953@mailbox.com,9749963596,Surat,Gujarat,India,2024-06-29,Basic,Pending,Moderate,Social Media,1
1954,Riya Shah,riya.shah1954@mailbox.com,9143462665,Patna,Bihar,India,2025-04-25,Basic,Verified,Aggressive,Website,1
1955,Yash Chopra,yash.chopra1955@mailbox.com,9309089164,Ahmedabad,Gujarat,India,2024-04-30,Basic,Verified,Conservative,App Store,1
1956,Aadhya Pandey,aadhya.pandey1956@mailbox.com,9198293647,Pune,Maharashtra,India,2024-04-23,Premium,Rejected,Aggressive,Referral,1
1957,Amit Patel,amit.patel1957@mailbox.com,9721606736,Chandigarh,Chandigarh,India,2023-03-05,Premium,Verified,Aggressive,YouTube,0
1958,Amit Pandey,amit.pandey1958@mailbox.com,9225392733,Hyderabad,Telangana,India,2023-10-26,Basic,Verified,Aggressive,Referral,1
1959,Priya Mehta,priya.mehta1959@mailbox.com,9409024924,Mumbai,Maharashtra,India,2025-05-09,Basic,Pending,Moderate,YouTube,1
1960,Kabir Iyer,kabir.iyer1960@mailbox.com,9231673924,Surat,Gujarat,India,2025-05-13,Premium,Verified,Moderate,Social Media,1
1961,Anil Mehta,anil.mehta1961@mailbox.com,9408427263,Coimbatore,Tamil Nadu,India,2023-04-22,Basic,Verified,Moderate,YouTube,1
1962,Aryan Malhotra,aryan.malhotra1962@mailbox.com,9307270176,Kanpur,Uttar Pradesh,India,2023-01-21,Basic,Verified,Aggressive,Website,1
1963,Reyansh Agarwal,reyansh.agarwal1963@mailbox.com,9766355256,Bengaluru,Karnataka,India,2025-06-04,Premium,Verified,Conservative,Referral,1
1964,Manoj Saxena,manoj.saxena1964@mailbox.com,9775819632,Kanpur,Uttar Pradesh,India,2023-07-05,Basic,Verified,Moderate,YouTube,1
1965,Manoj Gupta,manoj.gupta1965@mailbox.com,9836551473,Kolkata,West Bengal,India,2024-09-03,Basic,Verified,Conservative,Google Ads,1
1966,Divya Jain,divya.jain1966@mailbox.com,9280317620,Chandigarh,Chandigarh,India,2025-05-30,Basic,Verified,Moderate,Referral,1
1967,Myra Pandey,myra.pandey1967@mailbox.com,9859135597,Indore,Madhya Pradesh,India,2025-04-18,Pro,Verified,Aggressive,Agent,1
1968,Riya Iyer,riya.iyer1968@mailbox.com,9915277018,Pune,Maharashtra,India,2024-08-09,Basic,Pending,Aggressive,YouTube,1
1969,Anil Iyer,anil.iyer1969@mailbox.com,9290589098,Indore,Madhya Pradesh,India,2024-02-06,Pro,Verified,Conservative,Google Ads,1
1970,Ishaan Choudhary,ishaan.choudhary1970@mailbox.com,9888686580,Surat,Gujarat,India,2025-04-03,Premium,Pending,Moderate,YouTube,1
1971,Anil Patel,anil.patel1971@mailbox.com,9576769708,Surat,Gujarat,India,2025-01-09,Premium,Verified,Conservative,Social Media,1
1972,Nikhil Trivedi,nikhil.trivedi1972@mailbox.com,9266337100,Ahmedabad,Gujarat,India,2025-06-11,Pro,Verified,Moderate,Referral,1
1973,Sneha Reddy,sneha.reddy1973@mailbox.com,9381639969,Nagpur,Maharashtra,India,2024-07-01,Basic,Verified,Conservative,App Store,1
1974,Kavya Choudhary,kavya.choudhary1974@mailbox.com,9338808330,Mumbai,Maharashtra,India,2025-09-30,Basic,Verified,Aggressive,App Store,0
1975,Sanjay Joshi,sanjay.joshi1975@mailbox.com,9787259336,Jaipur,Rajasthan,India,2025-03-30,Basic,Verified,Moderate,Social Media,1
1976,Aditya Trivedi,aditya.trivedi1976@mailbox.com,9269701813,Ahmedabad,Gujarat,India,2023-03-09,Premium,Verified,Conservative,Website,1
1977,Varun Bhatt,varun.bhatt1977@mailbox.com,9264761191,Kanpur,Uttar Pradesh,India,2023-11-09,Premium,Verified,Aggressive,App Store,1
1978,Kavya Reddy,kavya.reddy1978@mailbox.com,9747581084,Vadodara,Gujarat,India,2025-05-01,Pro,Verified,Aggressive,YouTube,1
1979,Aditya Pillai,aditya.pillai1979@mailbox.com,9371982878,Vadodara,Gujarat,India,2023-05-04,Premium,Verified,Moderate,Social Media,1
1980,Suresh Kapoor,suresh.kapoor1980@mailbox.com,9325007995,Lucknow,Uttar Pradesh,India,2025-01-24,Basic,Pending,Moderate,App Store,1
1981,Priya Mehta,priya.mehta1981@mailbox.com,9827021363,Indore,Madhya Pradesh,India,2023-12-29,Basic,Rejected,Conservative,Agent,1
1982,Neha Menon,neha.menon1982@mailbox.com,9938304780,Bengaluru,Karnataka,India,2023-08-09,Basic,Verified,Moderate,Google Ads,1
1983,Aditya Yadav,aditya.yadav1983@mailbox.com,9599830688,Lucknow,Uttar Pradesh,India,2024-07-29,Pro,Verified,Aggressive,Website,1
1984,Rajesh Sharma,rajesh.sharma1984@mailbox.com,9857143750,Surat,Gujarat,India,2025-09-19,Basic,Verified,Aggressive,Website,1
1985,Pooja Tiwari,pooja.tiwari1985@mailbox.com,9846727536,Surat,Gujarat,India,2025-08-14,Pro,Verified,Aggressive,Agent,1
1986,Suresh Jain,suresh.jain1986@mailbox.com,9131784491,Vadodara,Gujarat,India,2024-03-06,Basic,Rejected,Conservative,Agent,1
1987,Anil Nair,anil.nair1987@mailbox.com,9895302464,Lucknow,Uttar Pradesh,India,2023-01-04,Premium,Verified,Aggressive,YouTube,1
1988,Rohan Pillai,rohan.pillai1988@mailbox.com,9226389008,Coimbatore,Tamil Nadu,India,2025-08-03,Basic,Verified,Conservative,App Store,1
1989,Rohan Bansal,rohan.bansal1989@mailbox.com,9478113650,Vadodara,Gujarat,India,2025-08-13,Pro,Verified,Conservative,Referral,0
1990,Nikhil Singh,nikhil.singh1990@mailbox.com,9698690083,Nagpur,Maharashtra,India,2024-10-06,Basic,Verified,Moderate,Referral,1
1991,Amit Menon,amit.menon1991@mailbox.com,9164642683,Delhi,Delhi,India,2024-10-31,Premium,Rejected,Moderate,Referral,1
1992,Anika Shah,anika.shah1992@mailbox.com,9403148998,Ahmedabad,Gujarat,India,2024-07-14,Pro,Verified,Conservative,Google Ads,1
1993,Diya Reddy,diya.reddy1993@mailbox.com,9737704152,Patna,Bihar,India,2023-01-14,Premium,Verified,Conservative,Google Ads,0
1994,Pooja Saxena,pooja.saxena1994@mailbox.com,9929396874,Nagpur,Maharashtra,India,2023-06-19,Basic,Verified,Conservative,YouTube,1
1995,Rajesh Trivedi,rajesh.trivedi1995@mailbox.com,9824130525,Coimbatore,Tamil Nadu,India,2023-06-02,Pro,Verified,Moderate,YouTube,1
1996,Aarav Trivedi,aarav.trivedi1996@mailbox.com,9960971819,Chandigarh,Chandigarh,India,2025-08-31,Basic,Verified,Aggressive,Website,1
1997,Sanjay Agarwal,sanjay.agarwal1997@mailbox.com,9904797440,Delhi,Delhi,India,2023-02-23,Basic,Verified,Aggressive,Social Media,1
1998,Aryan Bansal,aryan.bansal1998@mailbox.com,9622423424,Kochi,Kerala,India,2024-08-15,Premium,Verified,Conservative,Social Media,1
1999,Diya Chopra,diya.chopra1999@mailbox.com,9557237666,Ahmedabad,Gujarat,India,2024-01-22,Pro,Verified,Conservative,Website,1
2000,Diya Jain,diya.jain2000@mailbox.com,9816122714,Chandigarh,Chandigarh,India,2023-01-07,Basic,Pending,Moderate,YouTube,0
2001,Kiran Pandey,kiran.pandey2001@mailbox.com,9482857110,Kanpur,Uttar Pradesh,India,2025-09-05,Pro,Verified,Aggressive,Referral,1
2002,Aditya Chopra,aditya.chopra2002@mailbox.com,9847744160,Lucknow,Uttar Pradesh,India,2023-01-20,Premium,Verified,Conservative,Social Media,1
2003,Sara Yadav,sara.yadav2003@mailbox.com,9731158911,Delhi,Delhi,India,2025-06-30,Premium,Verified,Moderate,YouTube,1
2004,Riya Menon,riya.menon2004@mailbox.com,9288385428,Bengaluru,Karnataka,India,2025-04-08,Basic,Rejected,Conservative,YouTube,1
2005,Suresh Bansal,suresh.bansal2005@mailbox.com,9928739173,Nagpur,Maharashtra,India,2025-04-25,Premium,Verified,Moderate,Google Ads,0
2006,Reyansh Sharma,reyansh.sharma2006@mailbox.com,9861634286,Nagpur,Maharashtra,India,2023-06-22,Basic,Pending,Moderate,Google Ads,1
2007,Anika Pillai,anika.pillai2007@mailbox.com,9274696779,Nagpur,Maharashtra,India,2025-07-27,Basic,Verified,Conservative,Google Ads,1
2008,Ishaan Desai,ishaan.desai2008@mailbox.com,9855499092,Hyderabad,Telangana,India,2024-09-29,Basic,Verified,Aggressive,App Store,1
2009,Suresh Yadav,suresh.yadav2009@mailbox.com,9535250382,Kanpur,Uttar Pradesh,India,2024-03-04,Pro,Verified,Aggressive,Website,1
2010,Pooja Saxena,pooja.saxena2010@mailbox.com,9657201805,Delhi,Delhi,India,2024-12-26,Basic,Verified,Moderate,Social Media,0
2011,Zara Sharma,zara.sharma2011@mailbox.com,9878138098,Bengaluru,Karnataka,India,2023-12-30,Basic,Verified,Aggressive,App Store,1
2012,Sara Menon,sara.menon2012@mailbox.com,9570084182,Lucknow,Uttar Pradesh,India,2023-10-25,Basic,Verified,Conservative,Google Ads,1
2013,Ishaan Trivedi,ishaan.trivedi2013@mailbox.com,9159377749,Indore,Madhya Pradesh,India,2023-11-03,Basic,Rejected,Aggressive,Social Media,1
2014,Nikhil Kapoor,nikhil.kapoor2014@mailbox.com,9388146639,Surat,Gujarat,India,2024-08-29,Elite,Pending,Moderate,Agent,1
2015,Pooja Chopra,pooja.chopra2015@mailbox.com,9457814087,Vadodara,Gujarat,India,2024-10-02,Premium,Verified,Moderate,Website,1
2016,Isha Shah,isha.shah2016@mailbox.com,9300526296,Kochi,Kerala,India,2023-09-13,Premium,Verified,Moderate,Social Media,1
2017,Aadhya Pillai,aadhya.pillai2017@mailbox.com,9946042232,Ahmedabad,Gujarat,India,2023-09-19,Pro,Verified,Moderate,Google Ads,1
2018,Divya Choudhary,divya.choudhary2018@mailbox.com,9551509295,Patna,Bihar,India,2025-10-04,Basic,Verified,Moderate,Referral,1
2019,Meera Malhotra,meera.malhotra2019@mailbox.com,9581734287,Delhi,Delhi,India,2024-07-02,Pro,Verified,Aggressive,Agent,1
2020,Riya Mehta,riya.mehta2020@mailbox.com,9298592406,Kochi,Kerala,India,2025-07-05,Elite,Verified,Conservative,Agent,1
2021,Isha Nair,isha.nair2021@mailbox.com,9611122209,Ahmedabad,Gujarat,India,2023-12-18,Premium,Pending,Aggressive,YouTube,1
2022,Priya Tiwari,priya.tiwari2022@mailbox.com,9109288408,Patna,Bihar,India,2023-11-03,Premium,Verified,Conservative,Social Media,1
2023,Priya Pillai,priya.pillai2023@mailbox.com,9467325609,Vadodara,Gujarat,India,2023-10-28,Basic,Pending,Conservative,Google Ads,1
2024,Vikram Saxena,vikram.saxena2024@mailbox.com,9625458591,Bhopal,Madhya Pradesh,India,2024-07-17,Pro,Verified,Moderate,Social Media,1
2025,Aditya Singh,aditya.singh2025@mailbox.com,9205560562,Coimbatore,Tamil Nadu,India,2025-04-09,Basic,Verified,Moderate,YouTube,1
2026,Riya Yadav,riya.yadav2026@mailbox.com,9801445182,Mumbai,Maharashtra,India,2024-06-17,Premium,Verified,Moderate,Google Ads,1
2027,Neha Rao,neha.rao2027@mailbox.com,9694713018,Hyderabad,Telangana,India,2023-11-11,Basic,Verified,Conservative,Agent,1
2028,Yash Yadav,yash.yadav2028@mailbox.com,9378971073,Indore,Madhya Pradesh,India,2025-10-19,Premium,Verified,Aggressive,YouTube,1
2029,Amit Malhotra,amit.malhotra2029@mailbox.com,9632947895,Kanpur,Uttar Pradesh,India,2024-09-01,Pro,Verified,Moderate,Agent,1
2030,Kavya Pandey,kavya.pandey2030@mailbox.com,9682950589,Bengaluru,Karnataka,India,2024-02-24,Premium,Verified,Moderate,Website,1
2031,Sanjay Mishra,sanjay.mishra2031@mailbox.com,9238550564,Bhopal,Madhya Pradesh,India,2023-01-11,Basic,Verified,Aggressive,Referral,1
2032,Kabir Trivedi,kabir.trivedi2032@mailbox.com,9649712411,Delhi,Delhi,India,2024-08-21,Premium,Verified,Aggressive,Agent,1
2033,Vihaan Pandey,vihaan.pandey2033@mailbox.com,9149588137,Vadodara,Gujarat,India,2024-10-23,Pro,Verified,Moderate,Google Ads,1
2034,Sneha Pillai,sneha.pillai2034@mailbox.com,9115004861,Hyderabad,Telangana,India,2025-09-16,Premium,Verified,Moderate,Agent,1
2035,Aryan Jain,aryan.jain2035@mailbox.com,9328879726,Jaipur,Rajasthan,India,2023-09-03,Pro,Verified,Conservative,Referral,1
2036,Anil Patel,anil.patel2036@mailbox.com,9257016564,Chandigarh,Chandigarh,India,2023-06-23,Pro,Verified,Moderate,Social Media,1
2037,Vikram Gupta,vikram.gupta2037@mailbox.com,9541647412,Kanpur,Uttar Pradesh,India,2025-11-30,Pro,Verified,Conservative,Social Media,1
2038,Vivaan Iyer,vivaan.iyer2038@mailbox.com,9249014801,Bhopal,Madhya Pradesh,India,2024-08-09,Basic,Verified,Moderate,App Store,1
2039,Aryan Shah,aryan.shah2039@mailbox.com,9320011461,Bhopal,Madhya Pradesh,India,2023-01-29,Premium,Verified,Moderate,YouTube,0
2040,Anika Trivedi,anika.trivedi2040@mailbox.com,9188156337,Coimbatore,Tamil Nadu,India,2023-04-23,Pro,Verified,Conservative,Website,1
2041,Diya Nair,diya.nair2041@mailbox.com,9898219705,Lucknow,Uttar Pradesh,India,2024-05-21,Pro,Verified,Moderate,Website,1
2042,Kiran Nair,kiran.nair2042@mailbox.com,9761928194,Vadodara,Gujarat,India,2024-10-19,Basic,Verified,Aggressive,App Store,0
2043,Divya Pillai,divya.pillai2043@mailbox.com,9295893679,Kanpur,Uttar Pradesh,India,2023-09-17,Basic,Verified,Moderate,Agent,1
2044,Divya Mishra,divya.mishra2044@mailbox.com,9208123492,Kochi,Kerala,India,2024-01-25,Basic,Verified,Moderate,YouTube,1
2045,Diya Jain,diya.jain2045@mailbox.com,9865225598,Bhopal,Madhya Pradesh,India,2025-02-23,Pro,Verified,Moderate,Agent,0
2046,Aryan Singh,aryan.singh2046@mailbox.com,9701374665,Bengaluru,Karnataka,India,2025-10-27,Pro,Verified,Moderate,Google Ads,1
2047,Riya Menon,riya.menon2047@mailbox.com,9897264426,Indore,Madhya Pradesh,India,2024-06-06,Premium,Verified,Conservative,Google Ads,1
2048,Amit Bansal,amit.bansal2048@mailbox.com,9260551278,Kochi,Kerala,India,2024-03-18,Basic,Verified,Moderate,Referral,1
2049,Rajesh Bhatt,rajesh.bhatt2049@mailbox.com,9422896845,Bengaluru,Karnataka,India,2024-01-20,Basic,Verified,Conservative,App Store,0
2050,Priya Nair,priya.nair2050@mailbox.com,9206479160,Chandigarh,Chandigarh,India,2023-05-26,Pro,Verified,Aggressive,Social Media,1
2051,Ishaan Yadav,ishaan.yadav2051@mailbox.com,9481015782,Bengaluru,Karnataka,India,2023-02-26,Basic,Verified,Moderate,Social Media,1
2052,Isha Chopra,isha.chopra2052@mailbox.com,9246277043,Kochi,Kerala,India,2025-06-07,Basic,Rejected,Conservative,Social Media,1
2053,Myra Choudhary,myra.choudhary2053@mailbox.com,9103738144,Patna,Bihar,India,2023-02-09,Basic,Verified,Moderate,YouTube,0
2054,Varun Singh,varun.singh2054@mailbox.com,9557563110,Hyderabad,Telangana,India,2025-05-24,Pro,Verified,Aggressive,Website,1
2055,Meera Pandey,meera.pandey2055@mailbox.com,9981152599,Bhopal,Madhya Pradesh,India,2023-09-21,Premium,Verified,Aggressive,Referral,1
2056,Myra Kumar,myra.kumar2056@mailbox.com,9781233935,Bengaluru,Karnataka,India,2025-01-10,Basic,Verified,Conservative,Agent,1
2057,Divya Bansal,divya.bansal2057@mailbox.com,9974998856,Nagpur,Maharashtra,India,2025-10-10,Basic,Verified,Conservative,Referral,1
2058,Divya Jain,divya.jain2058@mailbox.com,9215705984,Coimbatore,Tamil Nadu,India,2025-03-08,Elite,Verified,Conservative,Agent,1
2059,Sara Yadav,sara.yadav2059@mailbox.com,9325678714,Chennai,Tamil Nadu,India,2025-02-15,Basic,Verified,Moderate,YouTube,1
2060,Aadhya Kapoor,aadhya.kapoor2060@mailbox.com,9654568071,Hyderabad,Telangana,India,2023-10-09,Basic,Verified,Aggressive,YouTube,1
2061,Kiran Kapoor,kiran.kapoor2061@mailbox.com,9796455638,Jaipur,Rajasthan,India,2024-09-29,Basic,Verified,Aggressive,Social Media,1
2062,Sanjay Verma,sanjay.verma2062@mailbox.com,9754871032,Ahmedabad,Gujarat,India,2024-11-14,Basic,Verified,Conservative,Social Media,1
2063,Reyansh Yadav,reyansh.yadav2063@mailbox.com,9381164653,Mumbai,Maharashtra,India,2024-03-28,Pro,Verified,Conservative,Referral,1
2064,Meera Sharma,meera.sharma2064@mailbox.com,9428353700,Lucknow,Uttar Pradesh,India,2023-02-10,Pro,Verified,Moderate,Social Media,1
2065,Vikram Sharma,vikram.sharma2065@mailbox.com,9171744021,Kolkata,West Bengal,India,2025-08-29,Basic,Verified,Moderate,YouTube,1
2066,Rahul Kapoor,rahul.kapoor2066@mailbox.com,9382511169,Bengaluru,Karnataka,India,2023-07-29,Pro,Verified,Moderate,YouTube,1
2067,Divya Sharma,divya.sharma2067@mailbox.com,9240351366,Kolkata,West Bengal,India,2025-11-02,Basic,Verified,Moderate,Website,1
2068,Nikhil Kumar,nikhil.kumar2068@mailbox.com,9944336909,Mumbai,Maharashtra,India,2025-09-19,Pro,Verified,Aggressive,Google Ads,1
2069,Kavya Pillai,kavya.pillai2069@mailbox.com,9182402782,Coimbatore,Tamil Nadu,India,2023-01-21,Basic,Verified,Moderate,Referral,1
2070,Aadhya Saxena,aadhya.saxena2070@mailbox.com,9427068782,Vadodara,Gujarat,India,2025-02-26,Basic,Verified,Aggressive,Google Ads,1
2071,Kabir Mehta,kabir.mehta2071@mailbox.com,9898490736,Ahmedabad,Gujarat,India,2024-11-06,Pro,Verified,Aggressive,Google Ads,1
2072,Pooja Bhatt,pooja.bhatt2072@mailbox.com,9960261087,Kochi,Kerala,India,2023-09-03,Pro,Verified,Moderate,App Store,1
2073,Aadhya Pillai,aadhya.pillai2073@mailbox.com,9439031500,Lucknow,Uttar Pradesh,India,2025-05-15,Pro,Verified,Aggressive,Agent,1
2074,Kavya Reddy,kavya.reddy2074@mailbox.com,9518876828,Coimbatore,Tamil Nadu,India,2023-04-29,Premium,Verified,Aggressive,Agent,0
2075,Sneha Saxena,sneha.saxena2075@mailbox.com,9839993358,Hyderabad,Telangana,India,2023-09-22,Pro,Verified,Conservative,Google Ads,1
2076,Aadhya Menon,aadhya.menon2076@mailbox.com,9791819335,Kolkata,West Bengal,India,2025-10-07,Premium,Verified,Conservative,Website,0
2077,Riya Shah,riya.shah2077@mailbox.com,9571700998,Bhopal,Madhya Pradesh,India,2025-03-02,Basic,Verified,Conservative,Google Ads,1
2078,Anika Kumar,anika.kumar2078@mailbox.com,9434348579,Chennai,Tamil Nadu,India,2023-04-30,Premium,Verified,Moderate,Google Ads,1
2079,Ananya Reddy,ananya.reddy2079@mailbox.com,9435141864,Chandigarh,Chandigarh,India,2023-06-03,Premium,Verified,Aggressive,Google Ads,1
2080,Reyansh Joshi,reyansh.joshi2080@mailbox.com,9684192388,Jaipur,Rajasthan,India,2023-10-01,Premium,Verified,Aggressive,App Store,1
2081,Anil Agarwal,anil.agarwal2081@mailbox.com,9851743783,Jaipur,Rajasthan,India,2023-03-17,Pro,Verified,Moderate,Agent,0
2082,Vihaan Mishra,vihaan.mishra2082@mailbox.com,9169011867,Lucknow,Uttar Pradesh,India,2023-07-14,Premium,Verified,Aggressive,App Store,1
2083,Isha Saxena,isha.saxena2083@mailbox.com,9532815082,Patna,Bihar,India,2024-08-31,Basic,Verified,Conservative,Referral,1
2084,Priya Iyer,priya.iyer2084@mailbox.com,9230681877,Mumbai,Maharashtra,India,2023-01-08,Basic,Verified,Moderate,Social Media,1
2085,Reyansh Iyer,reyansh.iyer2085@mailbox.com,9186867069,Patna,Bihar,India,2023-11-03,Pro,Verified,Moderate,Website,1
2086,Priya Mishra,priya.mishra2086@mailbox.com,9403338856,Patna,Bihar,India,2023-12-01,Basic,Verified,Aggressive,Google Ads,0
2087,Divya Malhotra,divya.malhotra2087@mailbox.com,9323455726,Chandigarh,Chandigarh,India,2025-10-30,Pro,Verified,Aggressive,Social Media,1
2088,Priya Reddy,priya.reddy2088@mailbox.com,9364006744,Vadodara,Gujarat,India,2025-11-03,Basic,Verified,Moderate,Agent,1
2089,Isha Kumar,isha.kumar2089@mailbox.com,9850342252,Patna,Bihar,India,2025-06-19,Basic,Verified,Moderate,Referral,1
2090,Aarav Joshi,aarav.joshi2090@mailbox.com,9745825422,Kanpur,Uttar Pradesh,India,2023-12-31,Pro,Verified,Aggressive,YouTube,1
2091,Kiran Desai,kiran.desai2091@mailbox.com,9288133443,Lucknow,Uttar Pradesh,India,2024-07-15,Basic,Verified,Moderate,Social Media,1
2092,Kavya Kapoor,kavya.kapoor2092@mailbox.com,9706693766,Ahmedabad,Gujarat,India,2024-06-21,Pro,Verified,Conservative,Agent,1
2093,Manoj Chopra,manoj.chopra2093@mailbox.com,9772372079,Chandigarh,Chandigarh,India,2025-07-05,Basic,Pending,Moderate,App Store,1
2094,Kabir Kapoor,kabir.kapoor2094@mailbox.com,9322560767,Ahmedabad,Gujarat,India,2025-03-05,Premium,Verified,Moderate,Agent,1
2095,Ishaan Yadav,ishaan.yadav2095@mailbox.com,9155579542,Nagpur,Maharashtra,India,2025-08-23,Premium,Verified,Moderate,Social Media,1
2096,Suresh Yadav,suresh.yadav2096@mailbox.com,9381557589,Delhi,Delhi,India,2024-08-09,Pro,Verified,Aggressive,YouTube,0
2097,Varun Kumar,varun.kumar2097@mailbox.com,9994522789,Pune,Maharashtra,India,2025-09-05,Basic,Verified,Moderate,Website,1
2098,Deepak Singh,deepak.singh2098@mailbox.com,9600254986,Kolkata,West Bengal,India,2025-03-02,Basic,Verified,Conservative,Agent,0
2099,Rajesh Rao,rajesh.rao2099@mailbox.com,9148978025,Jaipur,Rajasthan,India,2025-02-25,Premium,Verified,Moderate,Google Ads,1
2100,Karan Jain,karan.jain2100@mailbox.com,9977855943,Kanpur,Uttar Pradesh,India,2024-12-05,Elite,Verified,Moderate,Social Media,1
2101,Nikhil Malhotra,nikhil.malhotra2101@mailbox.com,9843173011,Bhopal,Madhya Pradesh,India,2023-12-24,Pro,Verified,Conservative,Agent,1
2102,Priya Jain,priya.jain2102@mailbox.com,9589329908,Jaipur,Rajasthan,India,2024-10-10,Pro,Verified,Aggressive,Agent,1
2103,Ishaan Desai,ishaan.desai2103@mailbox.com,9766242039,Hyderabad,Telangana,India,2024-01-15,Premium,Verified,Conservative,Referral,1
2104,Reyansh Iyer,reyansh.iyer2104@mailbox.com,9266293119,Kanpur,Uttar Pradesh,India,2024-11-22,Premium,Verified,Moderate,Social Media,1
2105,Deepak Mehta,deepak.mehta2105@mailbox.com,9632585610,Delhi,Delhi,India,2023-09-29,Pro,Verified,Aggressive,Google Ads,1
2106,Diya Agarwal,diya.agarwal2106@mailbox.com,9921691987,Chandigarh,Chandigarh,India,2025-05-01,Pro,Verified,Conservative,Social Media,1
2107,Rajesh Kumar,rajesh.kumar2107@mailbox.com,9135058197,Patna,Bihar,India,2024-08-31,Pro,Verified,Moderate,Social Media,0
2108,Reyansh Nair,reyansh.nair2108@mailbox.com,9781419117,Chennai,Tamil Nadu,India,2025-01-26,Pro,Rejected,Conservative,App Store,1
2109,Diya Mehta,diya.mehta2109@mailbox.com,9757086696,Kolkata,West Bengal,India,2023-08-25,Pro,Verified,Moderate,YouTube,1
2110,Diya Mehta,diya.mehta2110@mailbox.com,9683583879,Mumbai,Maharashtra,India,2025-04-23,Basic,Rejected,Conservative,Website,1
2111,Diya Verma,diya.verma2111@mailbox.com,9223460501,Ahmedabad,Gujarat,India,2025-05-04,Basic,Verified,Aggressive,Google Ads,1
2112,Priya Bhatt,priya.bhatt2112@mailbox.com,9203088056,Mumbai,Maharashtra,India,2023-06-05,Elite,Verified,Conservative,YouTube,0
2113,Nikhil Tiwari,nikhil.tiwari2113@mailbox.com,9813369224,Coimbatore,Tamil Nadu,India,2024-01-08,Premium,Verified,Moderate,Website,1
2114,Nikhil Kapoor,nikhil.kapoor2114@mailbox.com,9869618838,Bengaluru,Karnataka,India,2024-12-22,Basic,Verified,Conservative,Website,1
2115,Divya Iyer,divya.iyer2115@mailbox.com,9170701297,Surat,Gujarat,India,2025-07-19,Premium,Verified,Moderate,YouTube,1
2116,Rohan Pandey,rohan.pandey2116@mailbox.com,9622922501,Nagpur,Maharashtra,India,2025-02-23,Premium,Verified,Aggressive,Referral,1
2117,Yash Nair,yash.nair2117@mailbox.com,9550491527,Chennai,Tamil Nadu,India,2024-05-17,Pro,Verified,Aggressive,Referral,1
2118,Amit Pillai,amit.pillai2118@mailbox.com,9415039034,Chandigarh,Chandigarh,India,2023-11-16,Pro,Verified,Conservative,Website,1
2119,Amit Chopra,amit.chopra2119@mailbox.com,9680573643,Bengaluru,Karnataka,India,2025-08-27,Basic,Verified,Aggressive,YouTube,1
2120,Meera Nair,meera.nair2120@mailbox.com,9922790444,Kochi,Kerala,India,2025-07-20,Premium,Verified,Aggressive,Agent,1
2121,Rajesh Nair,rajesh.nair2121@mailbox.com,9839519970,Bhopal,Madhya Pradesh,India,2025-08-13,Basic,Verified,Moderate,Agent,1
2122,Yash Saxena,yash.saxena2122@mailbox.com,9237784295,Indore,Madhya Pradesh,India,2023-11-21,Pro,Rejected,Aggressive,Agent,1
2123,Vikram Pillai,vikram.pillai2123@mailbox.com,9516799195,Kochi,Kerala,India,2024-04-09,Basic,Verified,Conservative,App Store,1
2124,Neha Nair,neha.nair2124@mailbox.com,9942157236,Jaipur,Rajasthan,India,2023-09-17,Premium,Verified,Conservative,Social Media,1
2125,Divya Gupta,divya.gupta2125@mailbox.com,9313172269,Kolkata,West Bengal,India,2025-10-13,Premium,Verified,Aggressive,Referral,1
2126,Ananya Pandey,ananya.pandey2126@mailbox.com,9868655267,Hyderabad,Telangana,India,2025-07-12,Premium,Rejected,Aggressive,Referral,0
2127,Isha Mishra,isha.mishra2127@mailbox.com,9541593653,Coimbatore,Tamil Nadu,India,2023-07-04,Premium,Verified,Aggressive,Agent,1
2128,Pooja Patel,pooja.patel2128@mailbox.com,9927353779,Jaipur,Rajasthan,India,2023-09-21,Premium,Verified,Conservative,Referral,1
2129,Aditya Mehta,aditya.mehta2129@mailbox.com,9575852842,Chandigarh,Chandigarh,India,2024-08-10,Premium,Verified,Conservative,Agent,1
2130,Isha Yadav,isha.yadav2130@mailbox.com,9617386929,Pune,Maharashtra,India,2024-03-18,Basic,Verified,Moderate,YouTube,1
2131,Meera Joshi,meera.joshi2131@mailbox.com,9516257364,Vadodara,Gujarat,India,2024-05-04,Basic,Verified,Conservative,Social Media,1
2132,Aryan Shah,aryan.shah2132@mailbox.com,9180376734,Kochi,Kerala,India,2024-01-27,Premium,Verified,Aggressive,Google Ads,1
2133,Rahul Bhatt,rahul.bhatt2133@mailbox.com,9802454034,Pune,Maharashtra,India,2024-12-18,Basic,Verified,Aggressive,Website,1
2134,Sara Jain,sara.jain2134@mailbox.com,9395732785,Lucknow,Uttar Pradesh,India,2025-08-14,Pro,Verified,Aggressive,YouTube,1
2135,Anika Sharma,anika.sharma2135@mailbox.com,9316081101,Patna,Bihar,India,2025-09-03,Basic,Rejected,Aggressive,Referral,1
2136,Sneha Kapoor,sneha.kapoor2136@mailbox.com,9803840071,Chennai,Tamil Nadu,India,2024-04-29,Pro,Verified,Conservative,Google Ads,1
2137,Amit Iyer,amit.iyer2137@mailbox.com,9279986665,Mumbai,Maharashtra,India,2025-05-31,Basic,Pending,Aggressive,Social Media,1
2138,Aarav Jain,aarav.jain2138@mailbox.com,9714473273,Kolkata,West Bengal,India,2025-01-09,Pro,Verified,Conservative,YouTube,1
2139,Amit Reddy,amit.reddy2139@mailbox.com,9526766804,Nagpur,Maharashtra,India,2023-07-29,Basic,Verified,Conservative,Social Media,1
2140,Aadhya Joshi,aadhya.joshi2140@mailbox.com,9819950087,Bengaluru,Karnataka,India,2025-04-25,Premium,Verified,Conservative,Social Media,1
2141,Meera Patel,meera.patel2141@mailbox.com,9145453928,Pune,Maharashtra,India,2024-01-09,Basic,Verified,Aggressive,Social Media,1
2142,Kiran Trivedi,kiran.trivedi2142@mailbox.com,9797126832,Coimbatore,Tamil Nadu,India,2024-10-30,Premium,Verified,Aggressive,Agent,1
2143,Yash Yadav,yash.yadav2143@mailbox.com,9306406565,Delhi,Delhi,India,2025-02-06,Basic,Verified,Moderate,Referral,1
2144,Neha Kumar,neha.kumar2144@mailbox.com,9418334422,Delhi,Delhi,India,2025-10-02,Pro,Verified,Conservative,Agent,1
2145,Myra Reddy,myra.reddy2145@mailbox.com,9538866740,Jaipur,Rajasthan,India,2025-10-06,Premium,Verified,Moderate,YouTube,1
2146,Anika Joshi,anika.joshi2146@mailbox.com,9149261422,Mumbai,Maharashtra,India,2025-05-04,Elite,Verified,Moderate,Agent,1
2147,Kabir Mishra,kabir.mishra2147@mailbox.com,9342493039,Mumbai,Maharashtra,India,2024-06-22,Premium,Verified,Moderate,YouTube,1
2148,Varun Malhotra,varun.malhotra2148@mailbox.com,9604572844,Hyderabad,Telangana,India,2024-03-02,Premium,Verified,Moderate,Agent,1
2149,Anil Mehta,anil.mehta2149@mailbox.com,9737884501,Bengaluru,Karnataka,India,2024-04-14,Pro,Verified,Conservative,Agent,1
2150,Deepak Joshi,deepak.joshi2150@mailbox.com,9890573198,Chandigarh,Chandigarh,India,2025-10-09,Basic,Verified,Moderate,App Store,1
2151,Kavya Menon,kavya.menon2151@mailbox.com,9521204642,Bengaluru,Karnataka,India,2023-08-07,Premium,Verified,Aggressive,Referral,1
2152,Isha Bansal,isha.bansal2152@mailbox.com,9589354714,Kanpur,Uttar Pradesh,India,2024-07-12,Basic,Rejected,Moderate,Google Ads,1
2153,Deepak Kumar,deepak.kumar2153@mailbox.com,9152430328,Bhopal,Madhya Pradesh,India,2024-12-24,Premium,Verified,Conservative,YouTube,1
2154,Amit Shah,amit.shah2154@mailbox.com,9358155569,Indore,Madhya Pradesh,India,2023-01-25,Basic,Pending,Moderate,Google Ads,1
2155,Meera Chopra,meera.chopra2155@mailbox.com,9751810928,Surat,Gujarat,India,2024-11-07,Basic,Verified,Moderate,YouTube,1
2156,Zara Rao,zara.rao2156@mailbox.com,9155782874,Ahmedabad,Gujarat,India,2023-10-04,Premium,Verified,Moderate,Website,1
2157,Anika Saxena,anika.saxena2157@mailbox.com,9423297963,Kochi,Kerala,India,2023-10-26,Premium,Verified,Moderate,App Store,1
2158,Pooja Trivedi,pooja.trivedi2158@mailbox.com,9605095630,Delhi,Delhi,India,2024-10-24,Basic,Verified,Moderate,Website,0
2159,Manoj Kumar,manoj.kumar2159@mailbox.com,9680022934,Bengaluru,Karnataka,India,2023-01-10,Premium,Verified,Conservative,Referral,1
2160,Kavya Gupta,kavya.gupta2160@mailbox.com,9715337953,Kochi,Kerala,India,2023-06-17,Pro,Verified,Moderate,Referral,0
2161,Manoj Verma,manoj.verma2161@mailbox.com,9301876744,Delhi,Delhi,India,2024-04-29,Basic,Pending,Conservative,YouTube,1
2162,Karan Trivedi,karan.trivedi2162@mailbox.com,9457995810,Hyderabad,Telangana,India,2024-09-14,Basic,Verified,Moderate,Agent,0
2163,Aadhya Pillai,aadhya.pillai2163@mailbox.com,9266994846,Hyderabad,Telangana,India,2023-04-27,Elite,Verified,Moderate,Agent,1
2164,Nikhil Bhatt,nikhil.bhatt2164@mailbox.com,9389794983,Mumbai,Maharashtra,India,2024-01-21,Pro,Verified,Moderate,Referral,1
2165,Yash Pillai,yash.pillai2165@mailbox.com,9387173143,Bengaluru,Karnataka,India,2023-11-24,Basic,Verified,Moderate,Website,1
2166,Nikhil Chopra,nikhil.chopra2166@mailbox.com,9803804676,Nagpur,Maharashtra,India,2024-07-23,Premium,Verified,Aggressive,Referral,1
2167,Isha Menon,isha.menon2167@mailbox.com,9387795797,Surat,Gujarat,India,2023-11-17,Basic,Verified,Conservative,Website,1
2168,Anil Saxena,anil.saxena2168@mailbox.com,9962566311,Delhi,Delhi,India,2023-01-02,Pro,Verified,Moderate,Referral,1
2169,Varun Bansal,varun.bansal2169@mailbox.com,9144163075,Coimbatore,Tamil Nadu,India,2024-07-18,Basic,Verified,Moderate,Website,1
2170,Aryan Pandey,aryan.pandey2170@mailbox.com,9283393537,Delhi,Delhi,India,2025-06-22,Basic,Verified,Moderate,Agent,0
2171,Aarav Mishra,aarav.mishra2171@mailbox.com,9412537392,Surat,Gujarat,India,2024-09-14,Basic,Verified,Moderate,Referral,0
2172,Divya Shah,divya.shah2172@mailbox.com,9156268314,Chandigarh,Chandigarh,India,2024-01-21,Premium,Verified,Conservative,App Store,0
2173,Aryan Yadav,aryan.yadav2173@mailbox.com,9909489643,Kanpur,Uttar Pradesh,India,2024-05-28,Basic,Pending,Conservative,App Store,0
2174,Rajesh Bansal,rajesh.bansal2174@mailbox.com,9417713345,Lucknow,Uttar Pradesh,India,2023-05-30,Pro,Verified,Conservative,YouTube,1
2175,Karan Singh,karan.singh2175@mailbox.com,9804027820,Bengaluru,Karnataka,India,2023-09-10,Premium,Verified,Conservative,YouTube,0
2176,Rajesh Kapoor,rajesh.kapoor2176@mailbox.com,9220997773,Chennai,Tamil Nadu,India,2024-04-11,Premium,Pending,Aggressive,Website,1
2177,Arjun Trivedi,arjun.trivedi2177@mailbox.com,9569463871,Kochi,Kerala,India,2024-09-22,Pro,Verified,Conservative,App Store,1
2178,Zara Bhatt,zara.bhatt2178@mailbox.com,9213923768,Pune,Maharashtra,India,2024-06-01,Basic,Verified,Aggressive,Website,1
2179,Pooja Bansal,pooja.bansal2179@mailbox.com,9308480975,Mumbai,Maharashtra,India,2025-10-22,Basic,Verified,Aggressive,Social Media,1
2180,Riya Mehta,riya.mehta2180@mailbox.com,9466705594,Bhopal,Madhya Pradesh,India,2024-11-09,Basic,Verified,Conservative,Google Ads,1
2181,Sneha Malhotra,sneha.malhotra2181@mailbox.com,9876440334,Surat,Gujarat,India,2023-01-25,Pro,Verified,Moderate,Referral,1
2182,Karan Shah,karan.shah2182@mailbox.com,9375752024,Delhi,Delhi,India,2024-07-12,Basic,Verified,Moderate,Agent,1
2183,Neha Verma,neha.verma2183@mailbox.com,9779303578,Delhi,Delhi,India,2024-09-12,Pro,Verified,Moderate,YouTube,1
2184,Pooja Joshi,pooja.joshi2184@mailbox.com,9182554098,Bengaluru,Karnataka,India,2023-02-16,Premium,Verified,Moderate,YouTube,1
2185,Pooja Reddy,pooja.reddy2185@mailbox.com,9326385005,Delhi,Delhi,India,2024-02-15,Premium,Verified,Moderate,Google Ads,1
2186,Diya Shah,diya.shah2186@mailbox.com,9643873085,Indore,Madhya Pradesh,India,2025-07-17,Premium,Verified,Aggressive,Social Media,1
2187,Isha Kapoor,isha.kapoor2187@mailbox.com,9521430005,Bengaluru,Karnataka,India,2024-01-16,Basic,Verified,Moderate,Social Media,1
2188,Ananya Gupta,ananya.gupta2188@mailbox.com,9551529788,Indore,Madhya Pradesh,India,2024-05-01,Basic,Verified,Conservative,Referral,1
2189,Riya Rao,riya.rao2189@mailbox.com,9169389701,Hyderabad,Telangana,India,2023-08-24,Pro,Verified,Moderate,Social Media,1
2190,Vikram Verma,vikram.verma2190@mailbox.com,9876470025,Vadodara,Gujarat,India,2023-03-23,Basic,Verified,Aggressive,Referral,1
2191,Myra Kapoor,myra.kapoor2191@mailbox.com,9356241751,Bhopal,Madhya Pradesh,India,2023-12-05,Premium,Verified,Aggressive,App Store,1
2192,Aadhya Yadav,aadhya.yadav2192@mailbox.com,9965242705,Ahmedabad,Gujarat,India,2025-04-03,Elite,Verified,Conservative,Referral,0
2193,Diya Menon,diya.menon2193@mailbox.com,9810981778,Jaipur,Rajasthan,India,2025-11-13,Basic,Verified,Moderate,Referral,1
2194,Rohan Mishra,rohan.mishra2194@mailbox.com,9938384768,Delhi,Delhi,India,2024-12-04,Basic,Verified,Aggressive,Referral,0
2195,Priya Trivedi,priya.trivedi2195@mailbox.com,9490686962,Delhi,Delhi,India,2025-06-03,Basic,Verified,Conservative,Website,1
2196,Manoj Mishra,manoj.mishra2196@mailbox.com,9216485901,Kanpur,Uttar Pradesh,India,2024-11-22,Basic,Verified,Conservative,Website,0
2197,Diya Joshi,diya.joshi2197@mailbox.com,9364775915,Mumbai,Maharashtra,India,2024-12-02,Elite,Verified,Conservative,App Store,1
2198,Deepak Tiwari,deepak.tiwari2198@mailbox.com,9851367440,Indore,Madhya Pradesh,India,2024-03-30,Elite,Verified,Conservative,Referral,1
2199,Sanjay Rao,sanjay.rao2199@mailbox.com,9348620563,Ahmedabad,Gujarat,India,2023-03-07,Basic,Verified,Aggressive,App Store,1
2200,Ishaan Malhotra,ishaan.malhotra2200@mailbox.com,9866177010,Bengaluru,Karnataka,India,2024-03-13,Elite,Pending,Conservative,Agent,1
2201,Myra Choudhary,myra.choudhary2201@mailbox.com,9247195624,Kanpur,Uttar Pradesh,India,2025-07-10,Basic,Verified,Conservative,YouTube,1
2202,Aarav Mehta,aarav.mehta2202@mailbox.com,9596446943,Nagpur,Maharashtra,India,2024-07-25,Elite,Verified,Conservative,Social Media,1
2203,Vivaan Rao,vivaan.rao2203@mailbox.com,9986005571,Bhopal,Madhya Pradesh,India,2025-03-22,Pro,Verified,Moderate,YouTube,1
2204,Kavya Singh,kavya.singh2204@mailbox.com,9540462197,Hyderabad,Telangana,India,2023-02-23,Basic,Verified,Aggressive,Website,1
2205,Riya Sharma,riya.sharma2205@mailbox.com,9569111015,Kanpur,Uttar Pradesh,India,2023-08-03,Premium,Verified,Conservative,YouTube,1
2206,Suresh Nair,suresh.nair2206@mailbox.com,9865016089,Chandigarh,Chandigarh,India,2023-11-15,Pro,Verified,Moderate,YouTube,1
2207,Reyansh Yadav,reyansh.yadav2207@mailbox.com,9992516560,Kolkata,West Bengal,India,2024-01-18,Basic,Verified,Moderate,Website,1
2208,Anil Reddy,anil.reddy2208@mailbox.com,9756353240,Chandigarh,Chandigarh,India,2025-11-18,Basic,Verified,Conservative,Social Media,1
2209,Karan Malhotra,karan.malhotra2209@mailbox.com,9728271878,Bhopal,Madhya Pradesh,India,2024-05-06,Premium,Verified,Conservative,Agent,1
2210,Reyansh Tiwari,reyansh.tiwari2210@mailbox.com,9981754080,Jaipur,Rajasthan,India,2024-12-06,Basic,Verified,Aggressive,Google Ads,1
2211,Sneha Bhatt,sneha.bhatt2211@mailbox.com,9761232620,Kochi,Kerala,India,2024-11-17,Basic,Verified,Conservative,Referral,1
2212,Rajesh Sharma,rajesh.sharma2212@mailbox.com,9363137961,Vadodara,Gujarat,India,2024-03-22,Basic,Verified,Conservative,Social Media,0
2213,Neha Nair,neha.nair2213@mailbox.com,9677957463,Chennai,Tamil Nadu,India,2025-10-26,Premium,Verified,Moderate,Google Ads,1
2214,Arjun Kumar,arjun.kumar2214@mailbox.com,9312563916,Vadodara,Gujarat,India,2023-08-25,Basic,Verified,Conservative,Social Media,1
2215,Arjun Rao,arjun.rao2215@mailbox.com,9550159436,Mumbai,Maharashtra,India,2023-02-06,Premium,Verified,Conservative,Agent,1
2216,Sara Rao,sara.rao2216@mailbox.com,9500016245,Bengaluru,Karnataka,India,2025-03-04,Basic,Verified,Conservative,Agent,1
2217,Riya Pillai,riya.pillai2217@mailbox.com,9988797959,Mumbai,Maharashtra,India,2024-11-27,Basic,Verified,Moderate,YouTube,1
2218,Aryan Patel,aryan.patel2218@mailbox.com,9963248340,Ahmedabad,Gujarat,India,2023-10-05,Premium,Verified,Moderate,YouTube,1
2219,Diya Rao,diya.rao2219@mailbox.com,9863967682,Coimbatore,Tamil Nadu,India,2025-07-13,Basic,Verified,Conservative,Referral,1
2220,Kabir Reddy,kabir.reddy2220@mailbox.com,9252346912,Indore,Madhya Pradesh,India,2023-06-22,Premium,Verified,Aggressive,Website,1
2221,Varun Agarwal,varun.agarwal2221@mailbox.com,9797787291,Indore,Madhya Pradesh,India,2023-09-25,Basic,Verified,Conservative,Referral,1
2222,Ishaan Desai,ishaan.desai2222@mailbox.com,9326334406,Delhi,Delhi,India,2023-06-14,Premium,Pending,Conservative,YouTube,0
2223,Vivaan Bansal,vivaan.bansal2223@mailbox.com,9619803594,Kanpur,Uttar Pradesh,India,2023-07-18,Basic,Verified,Conservative,Google Ads,1
2224,Aadhya Joshi,aadhya.joshi2224@mailbox.com,9537540263,Ahmedabad,Gujarat,India,2025-02-15,Pro,Verified,Aggressive,Google Ads,1
2225,Aadhya Nair,aadhya.nair2225@mailbox.com,9986380458,Lucknow,Uttar Pradesh,India,2025-01-19,Basic,Verified,Moderate,YouTube,1
2226,Neha Pillai,neha.pillai2226@mailbox.com,9887895123,Kolkata,West Bengal,India,2024-11-15,Pro,Pending,Conservative,Google Ads,1
2227,Kiran Sharma,kiran.sharma2227@mailbox.com,9616823852,Chennai,Tamil Nadu,India,2025-07-05,Basic,Verified,Conservative,Website,1
2228,Varun Mishra,varun.mishra2228@mailbox.com,9109734521,Vadodara,Gujarat,India,2023-03-16,Basic,Verified,Conservative,Referral,1
2229,Diya Pandey,diya.pandey2229@mailbox.com,9304695969,Nagpur,Maharashtra,India,2024-10-22,Premium,Verified,Moderate,Google Ads,1
2230,Aryan Pillai,aryan.pillai2230@mailbox.com,9974722769,Jaipur,Rajasthan,India,2023-05-03,Basic,Verified,Aggressive,Website,1
2231,Pooja Menon,pooja.menon2231@mailbox.com,9463359199,Delhi,Delhi,India,2025-10-14,Premium,Verified,Moderate,Agent,1
2232,Aditya Choudhary,aditya.choudhary2232@mailbox.com,9142060993,Patna,Bihar,India,2024-11-06,Pro,Verified,Aggressive,Google Ads,1
2233,Varun Malhotra,varun.malhotra2233@mailbox.com,9955392249,Lucknow,Uttar Pradesh,India,2025-03-20,Pro,Verified,Conservative,YouTube,1
2234,Reyansh Agarwal,reyansh.agarwal2234@mailbox.com,9604791387,Ahmedabad,Gujarat,India,2024-08-31,Premium,Pending,Moderate,App Store,0
2235,Vikram Agarwal,vikram.agarwal2235@mailbox.com,9499610734,Surat,Gujarat,India,2024-02-13,Elite,Verified,Aggressive,App Store,1
2236,Suresh Kumar,suresh.kumar2236@mailbox.com,9258234243,Bengaluru,Karnataka,India,2024-12-31,Premium,Verified,Conservative,YouTube,1
2237,Karan Jain,karan.jain2237@mailbox.com,9194318379,Kanpur,Uttar Pradesh,India,2025-06-09,Basic,Verified,Moderate,App Store,1
2238,Ananya Joshi,ananya.joshi2238@mailbox.com,9940175610,Kochi,Kerala,India,2023-07-09,Pro,Verified,Conservative,Referral,1
2239,Zara Mehta,zara.mehta2239@mailbox.com,9300096034,Lucknow,Uttar Pradesh,India,2025-07-17,Basic,Verified,Aggressive,App Store,1
2240,Kiran Tiwari,kiran.tiwari2240@mailbox.com,9224348863,Mumbai,Maharashtra,India,2025-02-12,Basic,Verified,Aggressive,Google Ads,0
2241,Rohan Nair,rohan.nair2241@mailbox.com,9413837909,Chennai,Tamil Nadu,India,2023-04-02,Basic,Verified,Moderate,App Store,1
2242,Priya Pillai,priya.pillai2242@mailbox.com,9723210237,Delhi,Delhi,India,2025-09-23,Basic,Verified,Moderate,Referral,1
2243,Riya Rao,riya.rao2243@mailbox.com,9322954691,Kanpur,Uttar Pradesh,India,2023-07-11,Basic,Verified,Aggressive,Referral,0
2244,Arjun Mehta,arjun.mehta2244@mailbox.com,9680071474,Ahmedabad,Gujarat,India,2024-10-02,Basic,Verified,Moderate,Google Ads,1
2245,Meera Saxena,meera.saxena2245@mailbox.com,9416263992,Bengaluru,Karnataka,India,2023-05-19,Premium,Verified,Aggressive,Agent,1
2246,Anil Malhotra,anil.malhotra2246@mailbox.com,9489663682,Surat,Gujarat,India,2023-07-28,Pro,Verified,Conservative,App Store,0
2247,Vikram Kumar,vikram.kumar2247@mailbox.com,9902299305,Hyderabad,Telangana,India,2024-11-15,Elite,Verified,Aggressive,Social Media,1
2248,Kabir Jain,kabir.jain2248@mailbox.com,9555618529,Pune,Maharashtra,India,2024-12-24,Basic,Verified,Aggressive,Referral,1
2249,Ishaan Chopra,ishaan.chopra2249@mailbox.com,9873819748,Vadodara,Gujarat,India,2025-01-01,Basic,Verified,Aggressive,Website,1
2250,Aadhya Choudhary,aadhya.choudhary2250@mailbox.com,9691534295,Delhi,Delhi,India,2024-01-01,Premium,Verified,Conservative,Referral,1
2251,Rahul Agarwal,rahul.agarwal2251@mailbox.com,9234450957,Chennai,Tamil Nadu,India,2025-05-23,Basic,Verified,Moderate,Social Media,1
2252,Sanjay Iyer,sanjay.iyer2252@mailbox.com,9269914577,Pune,Maharashtra,India,2023-02-22,Basic,Verified,Moderate,Agent,1
2253,Karan Bhatt,karan.bhatt2253@mailbox.com,9406654401,Kanpur,Uttar Pradesh,India,2025-06-28,Premium,Pending,Moderate,Google Ads,0
2254,Rahul Mishra,rahul.mishra2254@mailbox.com,9188094156,Chennai,Tamil Nadu,India,2023-11-18,Pro,Verified,Aggressive,Social Media,1
2255,Diya Reddy,diya.reddy2255@mailbox.com,9722825926,Vadodara,Gujarat,India,2024-10-22,Basic,Verified,Moderate,Social Media,1
2256,Sneha Choudhary,sneha.choudhary2256@mailbox.com,9545802742,Mumbai,Maharashtra,India,2025-08-22,Premium,Verified,Conservative,Agent,1
2257,Suresh Pandey,suresh.pandey2257@mailbox.com,9139808271,Coimbatore,Tamil Nadu,India,2023-09-30,Premium,Pending,Aggressive,Social Media,1
2258,Priya Desai,priya.desai2258@mailbox.com,9460420091,Kanpur,Uttar Pradesh,India,2024-03-13,Pro,Verified,Moderate,Agent,1
2259,Aarav Kumar,aarav.kumar2259@mailbox.com,9846980770,Mumbai,Maharashtra,India,2025-06-01,Basic,Verified,Aggressive,Agent,1
2260,Aryan Patel,aryan.patel2260@mailbox.com,9916346887,Bengaluru,Karnataka,India,2025-07-09,Pro,Verified,Moderate,Agent,1
2261,Aarav Reddy,aarav.reddy2261@mailbox.com,9965642625,Bengaluru,Karnataka,India,2023-09-08,Pro,Pending,Moderate,Website,1
2262,Aryan Singh,aryan.singh2262@mailbox.com,9930319981,Kolkata,West Bengal,India,2024-06-25,Basic,Verified,Moderate,YouTube,1
2263,Vivaan Trivedi,vivaan.trivedi2263@mailbox.com,9646873481,Pune,Maharashtra,India,2023-12-21,Premium,Verified,Aggressive,App Store,1
2264,Rahul Tiwari,rahul.tiwari2264@mailbox.com,9934463764,Indore,Madhya Pradesh,India,2024-07-04,Premium,Pending,Aggressive,Social Media,1
2265,Arjun Nair,arjun.nair2265@mailbox.com,9960857532,Pune,Maharashtra,India,2024-02-08,Basic,Verified,Moderate,Agent,1
2266,Vihaan Menon,vihaan.menon2266@mailbox.com,9671758306,Bhopal,Madhya Pradesh,India,2023-01-06,Premium,Verified,Moderate,App Store,1
2267,Sneha Bhatt,sneha.bhatt2267@mailbox.com,9471755645,Kolkata,West Bengal,India,2025-09-11,Basic,Rejected,Conservative,Agent,1
2268,Divya Chopra,divya.chopra2268@mailbox.com,9969484463,Kolkata,West Bengal,India,2024-11-09,Pro,Verified,Conservative,App Store,1
2269,Arjun Kapoor,arjun.kapoor2269@mailbox.com,9473528556,Kolkata,West Bengal,India,2024-05-06,Basic,Verified,Aggressive,Agent,1
2270,Aryan Menon,aryan.menon2270@mailbox.com,9249742399,Pune,Maharashtra,India,2023-04-25,Premium,Pending,Moderate,Google Ads,1
2271,Isha Joshi,isha.joshi2271@mailbox.com,9195624018,Chandigarh,Chandigarh,India,2023-03-17,Basic,Verified,Moderate,Website,1
2272,Isha Verma,isha.verma2272@mailbox.com,9610703981,Chennai,Tamil Nadu,India,2024-05-24,Premium,Verified,Moderate,Agent,1
2273,Diya Menon,diya.menon2273@mailbox.com,9131902241,Kolkata,West Bengal,India,2024-11-22,Premium,Verified,Conservative,Agent,0
2274,Riya Shah,riya.shah2274@mailbox.com,9206742583,Vadodara,Gujarat,India,2023-10-05,Premium,Verified,Conservative,Website,1
2275,Kabir Gupta,kabir.gupta2275@mailbox.com,9530315790,Surat,Gujarat,India,2025-03-03,Premium,Verified,Conservative,YouTube,1
2276,Aadhya Reddy,aadhya.reddy2276@mailbox.com,9994754457,Hyderabad,Telangana,India,2024-02-22,Basic,Verified,Aggressive,App Store,1
2277,Rohan Rao,rohan.rao2277@mailbox.com,9526642588,Kochi,Kerala,India,2023-01-12,Basic,Verified,Moderate,Google Ads,1
2278,Aditya Shah,aditya.shah2278@mailbox.com,9651525106,Hyderabad,Telangana,India,2024-07-25,Premium,Verified,Conservative,App Store,1
2279,Myra Nair,myra.nair2279@mailbox.com,9346551024,Hyderabad,Telangana,India,2023-07-12,Basic,Verified,Moderate,Agent,1
2280,Priya Iyer,priya.iyer2280@mailbox.com,9141988711,Jaipur,Rajasthan,India,2023-01-16,Pro,Verified,Conservative,YouTube,1
2281,Rajesh Desai,rajesh.desai2281@mailbox.com,9393590025,Surat,Gujarat,India,2023-05-19,Premium,Verified,Aggressive,YouTube,0
2282,Myra Mehta,myra.mehta2282@mailbox.com,9328759120,Hyderabad,Telangana,India,2023-10-31,Pro,Verified,Conservative,Social Media,1
2283,Isha Saxena,isha.saxena2283@mailbox.com,9276138563,Patna,Bihar,India,2024-07-02,Basic,Verified,Conservative,App Store,1
2284,Suresh Sharma,suresh.sharma2284@mailbox.com,9344139910,Hyderabad,Telangana,India,2025-11-19,Premium,Verified,Aggressive,Google Ads,1
2285,Sneha Singh,sneha.singh2285@mailbox.com,9726997239,Patna,Bihar,India,2023-08-21,Basic,Verified,Aggressive,Website,0
2286,Anil Shah,anil.shah2286@mailbox.com,9844768696,Delhi,Delhi,India,2023-03-03,Pro,Verified,Aggressive,YouTube,1
2287,Nikhil Desai,nikhil.desai2287@mailbox.com,9564915256,Lucknow,Uttar Pradesh,India,2023-07-23,Premium,Verified,Moderate,YouTube,0
2288,Manoj Patel,manoj.patel2288@mailbox.com,9159885709,Indore,Madhya Pradesh,India,2023-12-07,Premium,Rejected,Moderate,Agent,0
2289,Varun Malhotra,varun.malhotra2289@mailbox.com,9762490988,Kolkata,West Bengal,India,2023-08-07,Premium,Verified,Conservative,YouTube,1
2290,Aadhya Verma,aadhya.verma2290@mailbox.com,9236797456,Indore,Madhya Pradesh,India,2023-12-09,Basic,Verified,Conservative,Social Media,1
2291,Sara Choudhary,sara.choudhary2291@mailbox.com,9151523352,Surat,Gujarat,India,2025-10-29,Premium,Verified,Aggressive,Google Ads,1
2292,Isha Trivedi,isha.trivedi2292@mailbox.com,9611614720,Surat,Gujarat,India,2024-02-09,Pro,Verified,Aggressive,Social Media,1
2293,Karan Mehta,karan.mehta2293@mailbox.com,9482825871,Ahmedabad,Gujarat,India,2024-11-06,Basic,Verified,Aggressive,App Store,1
2294,Divya Agarwal,divya.agarwal2294@mailbox.com,9380651146,Patna,Bihar,India,2024-12-30,Elite,Verified,Aggressive,Website,1
2295,Meera Rao,meera.rao2295@mailbox.com,9182100660,Bhopal,Madhya Pradesh,India,2023-05-19,Pro,Verified,Aggressive,Referral,0
2296,Manoj Bansal,manoj.bansal2296@mailbox.com,9148257563,Pune,Maharashtra,India,2023-09-21,Elite,Verified,Moderate,Referral,1
2297,Ishaan Mehta,ishaan.mehta2297@mailbox.com,9628740820,Bhopal,Madhya Pradesh,India,2024-03-18,Pro,Verified,Aggressive,App Store,1
2298,Zara Rao,zara.rao2298@mailbox.com,9476540820,Coimbatore,Tamil Nadu,India,2024-05-05,Basic,Verified,Aggressive,YouTube,1
2299,Rohan Chopra,rohan.chopra2299@mailbox.com,9821387156,Chandigarh,Chandigarh,India,2023-01-15,Premium,Verified,Conservative,Referral,1
2300,Kiran Jain,kiran.jain2300@mailbox.com,9136358396,Bhopal,Madhya Pradesh,India,2024-11-17,Basic,Verified,Aggressive,Agent,1
2301,Ananya Trivedi,ananya.trivedi2301@mailbox.com,9231987988,Patna,Bihar,India,2023-11-17,Pro,Verified,Moderate,Social Media,0
2302,Reyansh Mehta,reyansh.mehta2302@mailbox.com,9137065973,Chandigarh,Chandigarh,India,2023-12-10,Basic,Pending,Conservative,Website,1
2303,Sanjay Tiwari,sanjay.tiwari2303@mailbox.com,9516273805,Kolkata,West Bengal,India,2024-10-04,Pro,Verified,Moderate,Social Media,1
2304,Kiran Reddy,kiran.reddy2304@mailbox.com,9761363421,Bhopal,Madhya Pradesh,India,2025-10-07,Basic,Verified,Conservative,Website,1
2305,Nikhil Pandey,nikhil.pandey2305@mailbox.com,9241762057,Hyderabad,Telangana,India,2025-07-10,Basic,Verified,Conservative,Google Ads,1
2306,Vihaan Joshi,vihaan.joshi2306@mailbox.com,9858059348,Ahmedabad,Gujarat,India,2025-11-09,Basic,Verified,Moderate,YouTube,0
2307,Kavya Iyer,kavya.iyer2307@mailbox.com,9566879881,Coimbatore,Tamil Nadu,India,2024-03-16,Premium,Verified,Aggressive,Referral,0
2308,Ishaan Reddy,ishaan.reddy2308@mailbox.com,9532446124,Kolkata,West Bengal,India,2023-05-08,Basic,Verified,Moderate,App Store,1
2309,Isha Trivedi,isha.trivedi2309@mailbox.com,9930458513,Chandigarh,Chandigarh,India,2023-08-19,Basic,Verified,Conservative,YouTube,1
2310,Amit Joshi,amit.joshi2310@mailbox.com,9396248306,Jaipur,Rajasthan,India,2024-01-02,Basic,Pending,Aggressive,App Store,1
2311,Diya Mishra,diya.mishra2311@mailbox.com,9807648533,Chennai,Tamil Nadu,India,2023-11-16,Basic,Verified,Conservative,Social Media,1
2312,Aditya Gupta,aditya.gupta2312@mailbox.com,9196467858,Delhi,Delhi,India,2023-08-10,Elite,Verified,Moderate,Agent,1
2313,Rahul Nair,rahul.nair2313@mailbox.com,9884886181,Kanpur,Uttar Pradesh,India,2023-06-10,Premium,Verified,Conservative,Referral,0
2314,Aditya Kumar,aditya.kumar2314@mailbox.com,9842748904,Lucknow,Uttar Pradesh,India,2023-07-18,Basic,Verified,Conservative,Google Ads,1
2315,Karan Mishra,karan.mishra2315@mailbox.com,9979290040,Kanpur,Uttar Pradesh,India,2024-12-02,Basic,Verified,Conservative,Google Ads,1
2316,Aarav Chopra,aarav.chopra2316@mailbox.com,9894349987,Mumbai,Maharashtra,India,2024-06-06,Basic,Pending,Moderate,Website,1
2317,Vihaan Choudhary,vihaan.choudhary2317@mailbox.com,9218448786,Kolkata,West Bengal,India,2023-02-10,Basic,Verified,Aggressive,Website,1
2318,Anika Mishra,anika.mishra2318@mailbox.com,9375510964,Mumbai,Maharashtra,India,2024-08-23,Basic,Verified,Aggressive,Social Media,1
2319,Deepak Iyer,deepak.iyer2319@mailbox.com,9524667079,Pune,Maharashtra,India,2025-06-16,Basic,Verified,Aggressive,Social Media,1
2320,Rajesh Verma,rajesh.verma2320@mailbox.com,9664778803,Coimbatore,Tamil Nadu,India,2024-03-29,Basic,Verified,Conservative,Referral,1
2321,Vihaan Reddy,vihaan.reddy2321@mailbox.com,9711251749,Hyderabad,Telangana,India,2023-12-06,Basic,Verified,Conservative,YouTube,1
2322,Vivaan Reddy,vivaan.reddy2322@mailbox.com,9930982197,Surat,Gujarat,India,2023-10-18,Pro,Verified,Moderate,Google Ads,1
2323,Kavya Pandey,kavya.pandey2323@mailbox.com,9540398056,Mumbai,Maharashtra,India,2024-02-09,Basic,Verified,Aggressive,Agent,1
2324,Priya Pandey,priya.pandey2324@mailbox.com,9254526219,Nagpur,Maharashtra,India,2023-10-24,Premium,Verified,Conservative,Agent,1
2325,Divya Kapoor,divya.kapoor2325@mailbox.com,9820655702,Coimbatore,Tamil Nadu,India,2025-09-11,Premium,Verified,Aggressive,App Store,1
2326,Manoj Mishra,manoj.mishra2326@mailbox.com,9514931396,Pune,Maharashtra,India,2025-11-22,Pro,Verified,Aggressive,Google Ads,1
2327,Kavya Rao,kavya.rao2327@mailbox.com,9606572321,Hyderabad,Telangana,India,2024-01-01,Basic,Verified,Conservative,Social Media,1
2328,Ishaan Choudhary,ishaan.choudhary2328@mailbox.com,9831652069,Nagpur,Maharashtra,India,2025-09-10,Pro,Verified,Conservative,Google Ads,1
2329,Vivaan Bansal,vivaan.bansal2329@mailbox.com,9253624010,Kolkata,West Bengal,India,2025-06-28,Pro,Verified,Conservative,Agent,1
2330,Reyansh Rao,reyansh.rao2330@mailbox.com,9490677822,Kochi,Kerala,India,2023-03-22,Elite,Verified,Conservative,Social Media,1
2331,Aditya Rao,aditya.rao2331@mailbox.com,9834212510,Chandigarh,Chandigarh,India,2024-06-06,Pro,Verified,Aggressive,Agent,1
2332,Deepak Chopra,deepak.chopra2332@mailbox.com,9215953505,Surat,Gujarat,India,2024-11-30,Basic,Verified,Aggressive,App Store,1
2333,Ananya Agarwal,ananya.agarwal2333@mailbox.com,9344693707,Indore,Madhya Pradesh,India,2024-03-25,Elite,Verified,Aggressive,App Store,1
2334,Manoj Reddy,manoj.reddy2334@mailbox.com,9964073896,Indore,Madhya Pradesh,India,2024-05-01,Pro,Verified,Conservative,Website,1
2335,Sanjay Agarwal,sanjay.agarwal2335@mailbox.com,9859303094,Bhopal,Madhya Pradesh,India,2024-06-10,Basic,Verified,Aggressive,Agent,1
2336,Amit Singh,amit.singh2336@mailbox.com,9156422550,Lucknow,Uttar Pradesh,India,2025-01-03,Basic,Verified,Aggressive,YouTube,1
2337,Riya Yadav,riya.yadav2337@mailbox.com,9835165024,Vadodara,Gujarat,India,2023-11-09,Elite,Verified,Aggressive,Agent,1
2338,Manoj Bansal,manoj.bansal2338@mailbox.com,9158935057,Pune,Maharashtra,India,2024-09-27,Basic,Verified,Moderate,Agent,1
2339,Vivaan Singh,vivaan.singh2339@mailbox.com,9208272324,Mumbai,Maharashtra,India,2023-09-17,Pro,Verified,Conservative,App Store,1
2340,Vihaan Menon,vihaan.menon2340@mailbox.com,9213419479,Surat,Gujarat,India,2025-08-05,Basic,Verified,Aggressive,Website,1
2341,Aadhya Mishra,aadhya.mishra2341@mailbox.com,9370685932,Surat,Gujarat,India,2023-04-01,Premium,Verified,Conservative,Website,1
2342,Sara Agarwal,sara.agarwal2342@mailbox.com,9221820335,Vadodara,Gujarat,India,2023-03-13,Basic,Verified,Conservative,Referral,1
2343,Amit Jain,amit.jain2343@mailbox.com,9637318028,Ahmedabad,Gujarat,India,2023-02-10,Premium,Verified,Conservative,YouTube,1
2344,Divya Pillai,divya.pillai2344@mailbox.com,9151466740,Jaipur,Rajasthan,India,2024-01-08,Premium,Verified,Conservative,YouTube,1
2345,Vikram Trivedi,vikram.trivedi2345@mailbox.com,9358727975,Nagpur,Maharashtra,India,2024-10-07,Pro,Verified,Moderate,Agent,0
2346,Ananya Mehta,ananya.mehta2346@mailbox.com,9393698579,Ahmedabad,Gujarat,India,2025-11-15,Basic,Verified,Conservative,YouTube,1
2347,Kavya Verma,kavya.verma2347@mailbox.com,9683882537,Patna,Bihar,India,2024-04-29,Basic,Verified,Aggressive,Social Media,1
2348,Rajesh Agarwal,rajesh.agarwal2348@mailbox.com,9546863186,Jaipur,Rajasthan,India,2023-07-14,Basic,Pending,Aggressive,Agent,1
2349,Rohan Pandey,rohan.pandey2349@mailbox.com,9517874112,Patna,Bihar,India,2024-01-28,Basic,Rejected,Conservative,App Store,1
2350,Rahul Bhatt,rahul.bhatt2350@mailbox.com,9512982511,Jaipur,Rajasthan,India,2023-05-16,Elite,Verified,Aggressive,Google Ads,1
2351,Amit Bhatt,amit.bhatt2351@mailbox.com,9580142956,Chennai,Tamil Nadu,India,2024-05-17,Basic,Pending,Conservative,Website,0
2352,Rajesh Mishra,rajesh.mishra2352@mailbox.com,9393525571,Vadodara,Gujarat,India,2025-02-15,Basic,Verified,Conservative,App Store,1
2353,Meera Bansal,meera.bansal2353@mailbox.com,9400278600,Kanpur,Uttar Pradesh,India,2023-02-07,Pro,Verified,Moderate,Agent,1
2354,Riya Joshi,riya.joshi2354@mailbox.com,9805022501,Bhopal,Madhya Pradesh,India,2025-04-07,Basic,Pending,Conservative,Google Ads,1
2355,Isha Pandey,isha.pandey2355@mailbox.com,9326530549,Nagpur,Maharashtra,India,2023-09-01,Basic,Verified,Conservative,Referral,1
2356,Myra Menon,myra.menon2356@mailbox.com,9396115069,Ahmedabad,Gujarat,India,2024-12-16,Premium,Verified,Conservative,Google Ads,1
2357,Aadhya Mehta,aadhya.mehta2357@mailbox.com,9226186000,Vadodara,Gujarat,India,2025-05-18,Basic,Verified,Moderate,Social Media,0
2358,Rohan Mehta,rohan.mehta2358@mailbox.com,9728327275,Ahmedabad,Gujarat,India,2025-04-06,Pro,Verified,Conservative,App Store,1
2359,Pooja Mishra,pooja.mishra2359@mailbox.com,9735529901,Vadodara,Gujarat,India,2024-12-14,Premium,Pending,Conservative,Agent,1
2360,Rohan Verma,rohan.verma2360@mailbox.com,9710293588,Jaipur,Rajasthan,India,2025-01-08,Basic,Verified,Conservative,YouTube,1
2361,Pooja Verma,pooja.verma2361@mailbox.com,9506425497,Mumbai,Maharashtra,India,2023-07-19,Premium,Verified,Aggressive,Agent,1
2362,Rajesh Trivedi,rajesh.trivedi2362@mailbox.com,9362913751,Mumbai,Maharashtra,India,2023-05-25,Pro,Verified,Aggressive,Google Ads,1
2363,Yash Sharma,yash.sharma2363@mailbox.com,9787333936,Vadodara,Gujarat,India,2024-02-11,Basic,Verified,Aggressive,Referral,1
2364,Arjun Patel,arjun.patel2364@mailbox.com,9403217887,Kanpur,Uttar Pradesh,India,2024-10-09,Premium,Verified,Conservative,Google Ads,1
2365,Rajesh Yadav,rajesh.yadav2365@mailbox.com,9508930116,Ahmedabad,Gujarat,India,2024-10-20,Basic,Pending,Conservative,Website,1
2366,Vihaan Chopra,vihaan.chopra2366@mailbox.com,9784708946,Chandigarh,Chandigarh,India,2025-04-07,Premium,Verified,Aggressive,YouTube,0
2367,Kavya Saxena,kavya.saxena2367@mailbox.com,9732311828,Indore,Madhya Pradesh,India,2023-11-25,Premium,Verified,Moderate,YouTube,1
2368,Kabir Kapoor,kabir.kapoor2368@mailbox.com,9837983266,Surat,Gujarat,India,2025-07-10,Basic,Verified,Conservative,YouTube,1
2369,Ishaan Gupta,ishaan.gupta2369@mailbox.com,9485150620,Surat,Gujarat,India,2024-04-23,Premium,Verified,Conservative,Website,0
2370,Kabir Patel,kabir.patel2370@mailbox.com,9837645640,Hyderabad,Telangana,India,2023-09-20,Basic,Verified,Aggressive,Google Ads,1
2371,Vivaan Trivedi,vivaan.trivedi2371@mailbox.com,9883984258,Delhi,Delhi,India,2025-02-22,Premium,Verified,Aggressive,Referral,1
2372,Manoj Gupta,manoj.gupta2372@mailbox.com,9571515023,Bhopal,Madhya Pradesh,India,2023-05-16,Premium,Verified,Moderate,Referral,1
2373,Aditya Menon,aditya.menon2373@mailbox.com,9711807081,Mumbai,Maharashtra,India,2024-03-07,Basic,Verified,Conservative,App Store,1
2374,Sara Agarwal,sara.agarwal2374@mailbox.com,9854638043,Bhopal,Madhya Pradesh,India,2025-04-11,Basic,Verified,Conservative,Agent,1
2375,Sneha Bansal,sneha.bansal2375@mailbox.com,9744718564,Bengaluru,Karnataka,India,2025-04-01,Pro,Pending,Conservative,Website,1
2376,Aryan Tiwari,aryan.tiwari2376@mailbox.com,9233768619,Kolkata,West Bengal,India,2023-10-01,Basic,Verified,Aggressive,YouTube,1
2377,Deepak Pillai,deepak.pillai2377@mailbox.com,9434608627,Bhopal,Madhya Pradesh,India,2023-06-27,Basic,Verified,Aggressive,Agent,1
2378,Reyansh Pillai,reyansh.pillai2378@mailbox.com,9980134570,Indore,Madhya Pradesh,India,2023-02-04,Basic,Verified,Conservative,Website,1
2379,Aryan Agarwal,aryan.agarwal2379@mailbox.com,9962105128,Patna,Bihar,India,2023-04-06,Premium,Verified,Aggressive,App Store,1
2380,Priya Bansal,priya.bansal2380@mailbox.com,9807927638,Indore,Madhya Pradesh,India,2025-05-28,Basic,Verified,Aggressive,Social Media,1
2381,Kabir Choudhary,kabir.choudhary2381@mailbox.com,9991326006,Mumbai,Maharashtra,India,2025-04-14,Pro,Verified,Aggressive,Social Media,1
2382,Anika Verma,anika.verma2382@mailbox.com,9615449590,Chandigarh,Chandigarh,India,2024-06-22,Premium,Verified,Aggressive,Website,1
2383,Nikhil Rao,nikhil.rao2383@mailbox.com,9248707846,Chennai,Tamil Nadu,India,2024-08-30,Basic,Verified,Moderate,Social Media,1
2384,Sara Pillai,sara.pillai2384@mailbox.com,9368888034,Bengaluru,Karnataka,India,2023-12-14,Premium,Verified,Aggressive,Agent,1
2385,Kabir Pillai,kabir.pillai2385@mailbox.com,9255412583,Kochi,Kerala,India,2023-07-24,Basic,Verified,Aggressive,App Store,1
2386,Kiran Gupta,kiran.gupta2386@mailbox.com,9943809365,Hyderabad,Telangana,India,2023-01-13,Basic,Verified,Aggressive,App Store,0
2387,Yash Bhatt,yash.bhatt2387@mailbox.com,9652898056,Kanpur,Uttar Pradesh,India,2024-12-16,Premium,Verified,Moderate,YouTube,1
2388,Aryan Iyer,aryan.iyer2388@mailbox.com,9939340959,Lucknow,Uttar Pradesh,India,2023-02-07,Basic,Verified,Conservative,Social Media,1
2389,Yash Rao,yash.rao2389@mailbox.com,9463101881,Patna,Bihar,India,2023-04-22,Pro,Verified,Moderate,Agent,1
2390,Deepak Trivedi,deepak.trivedi2390@mailbox.com,9708273549,Mumbai,Maharashtra,India,2025-04-24,Premium,Verified,Moderate,YouTube,1
2391,Riya Yadav,riya.yadav2391@mailbox.com,9611117426,Bengaluru,Karnataka,India,2024-09-12,Basic,Verified,Moderate,App Store,0
2392,Kabir Chopra,kabir.chopra2392@mailbox.com,9435184951,Jaipur,Rajasthan,India,2024-06-05,Elite,Verified,Aggressive,Website,1
2393,Neha Mehta,neha.mehta2393@mailbox.com,9385829399,Lucknow,Uttar Pradesh,India,2023-08-21,Premium,Verified,Moderate,Google Ads,1
2394,Rohan Mehta,rohan.mehta2394@mailbox.com,9561560653,Patna,Bihar,India,2023-06-09,Basic,Verified,Conservative,Google Ads,1
2395,Riya Menon,riya.menon2395@mailbox.com,9167989489,Indore,Madhya Pradesh,India,2024-05-11,Premium,Verified,Conservative,Google Ads,1
2396,Priya Verma,priya.verma2396@mailbox.com,9269162233,Bengaluru,Karnataka,India,2024-01-17,Elite,Verified,Moderate,Agent,1
2397,Varun Kapoor,varun.kapoor2397@mailbox.com,9139386077,Vadodara,Gujarat,India,2024-07-22,Basic,Verified,Conservative,App Store,1
2398,Diya Sharma,diya.sharma2398@mailbox.com,9239681029,Lucknow,Uttar Pradesh,India,2023-06-26,Basic,Rejected,Conservative,Website,0
2399,Ananya Verma,ananya.verma2399@mailbox.com,9278798814,Vadodara,Gujarat,India,2023-09-04,Premium,Verified,Conservative,Referral,1
2400,Divya Chopra,divya.chopra2400@mailbox.com,9168080287,Vadodara,Gujarat,India,2023-05-01,Basic,Verified,Moderate,Google Ads,1
2401,Aarav Trivedi,aarav.trivedi2401@mailbox.com,9149909617,Delhi,Delhi,India,2024-03-28,Basic,Verified,Moderate,Google Ads,1
2402,Sanjay Mishra,sanjay.mishra2402@mailbox.com,9837675373,Kanpur,Uttar Pradesh,India,2023-10-22,Premium,Verified,Moderate,Referral,1
2403,Divya Gupta,divya.gupta2403@mailbox.com,9599847625,Jaipur,Rajasthan,India,2023-08-26,Pro,Verified,Conservative,Referral,1
2404,Sanjay Rao,sanjay.rao2404@mailbox.com,9188691107,Lucknow,Uttar Pradesh,India,2024-08-08,Premium,Verified,Conservative,Referral,1
2405,Sara Chopra,sara.chopra2405@mailbox.com,9952426934,Pune,Maharashtra,India,2024-06-13,Basic,Verified,Aggressive,Social Media,1
2406,Anil Menon,anil.menon2406@mailbox.com,9315071617,Nagpur,Maharashtra,India,2023-08-12,Basic,Verified,Aggressive,YouTube,1
2407,Myra Yadav,myra.yadav2407@mailbox.com,9774537652,Lucknow,Uttar Pradesh,India,2025-01-14,Basic,Verified,Conservative,Social Media,1
2408,Meera Choudhary,meera.choudhary2408@mailbox.com,9677065575,Hyderabad,Telangana,India,2024-01-02,Basic,Rejected,Aggressive,Google Ads,1
2409,Riya Iyer,riya.iyer2409@mailbox.com,9791886843,Kolkata,West Bengal,India,2023-12-30,Premium,Verified,Moderate,Website,1
2410,Vivaan Verma,vivaan.verma2410@mailbox.com,9666234849,Bengaluru,Karnataka,India,2024-05-23,Basic,Verified,Conservative,Agent,1
2411,Amit Gupta,amit.gupta2411@mailbox.com,9794916787,Chandigarh,Chandigarh,India,2023-05-29,Pro,Verified,Moderate,Website,1
2412,Vivaan Kumar,vivaan.kumar2412@mailbox.com,9833908541,Surat,Gujarat,India,2024-03-23,Premium,Verified,Conservative,Social Media,1
2413,Varun Desai,varun.desai2413@mailbox.com,9947857099,Ahmedabad,Gujarat,India,2024-09-12,Premium,Pending,Moderate,Website,1
2414,Neha Joshi,neha.joshi2414@mailbox.com,9988743355,Ahmedabad,Gujarat,India,2023-05-17,Pro,Verified,Aggressive,YouTube,1
2415,Myra Rao,myra.rao2415@mailbox.com,9749566226,Delhi,Delhi,India,2024-08-24,Premium,Verified,Aggressive,App Store,1
2416,Zara Choudhary,zara.choudhary2416@mailbox.com,9936053360,Kolkata,West Bengal,India,2023-02-11,Pro,Verified,Conservative,YouTube,1
2417,Neha Shah,neha.shah2417@mailbox.com,9195030046,Coimbatore,Tamil Nadu,India,2024-10-04,Pro,Verified,Aggressive,YouTube,1
2418,Ananya Malhotra,ananya.malhotra2418@mailbox.com,9586299356,Mumbai,Maharashtra,India,2023-02-07,Premium,Verified,Moderate,YouTube,1
2419,Diya Mishra,diya.mishra2419@mailbox.com,9685917872,Bengaluru,Karnataka,India,2023-07-06,Basic,Pending,Conservative,Social Media,0
2420,Aadhya Trivedi,aadhya.trivedi2420@mailbox.com,9934945110,Chandigarh,Chandigarh,India,2024-01-08,Basic,Verified,Aggressive,Agent,1
2421,Ananya Saxena,ananya.saxena2421@mailbox.com,9208389890,Kanpur,Uttar Pradesh,India,2024-10-16,Pro,Verified,Aggressive,App Store,1
2422,Rajesh Mishra,rajesh.mishra2422@mailbox.com,9825468308,Mumbai,Maharashtra,India,2025-02-04,Basic,Verified,Conservative,Referral,1
2423,Arjun Patel,arjun.patel2423@mailbox.com,9169500179,Lucknow,Uttar Pradesh,India,2024-05-14,Elite,Verified,Conservative,YouTube,1
2424,Anil Trivedi,anil.trivedi2424@mailbox.com,9422294492,Bhopal,Madhya Pradesh,India,2023-05-20,Basic,Verified,Conservative,Google Ads,0
2425,Kavya Tiwari,kavya.tiwari2425@mailbox.com,9723610363,Pune,Maharashtra,India,2024-02-17,Premium,Verified,Aggressive,Agent,1
2426,Sanjay Yadav,sanjay.yadav2426@mailbox.com,9361881974,Ahmedabad,Gujarat,India,2025-04-18,Basic,Verified,Conservative,Referral,1
2427,Ishaan Menon,ishaan.menon2427@mailbox.com,9851306887,Indore,Madhya Pradesh,India,2023-04-07,Elite,Verified,Conservative,Website,1
2428,Sara Trivedi,sara.trivedi2428@mailbox.com,9937465216,Nagpur,Maharashtra,India,2025-02-01,Basic,Verified,Conservative,Website,0
2429,Rajesh Mishra,rajesh.mishra2429@mailbox.com,9242957341,Coimbatore,Tamil Nadu,India,2024-02-15,Basic,Verified,Conservative,YouTube,1
2430,Ananya Jain,ananya.jain2430@mailbox.com,9739087524,Chennai,Tamil Nadu,India,2023-01-05,Pro,Verified,Moderate,Referral,1
2431,Reyansh Mishra,reyansh.mishra2431@mailbox.com,9897870603,Kolkata,West Bengal,India,2025-01-09,Basic,Verified,Aggressive,Agent,1
2432,Rahul Shah,rahul.shah2432@mailbox.com,9641462585,Hyderabad,Telangana,India,2023-01-29,Basic,Verified,Conservative,Social Media,1
2433,Ishaan Bansal,ishaan.bansal2433@mailbox.com,9256367595,Surat,Gujarat,India,2024-01-29,Pro,Verified,Aggressive,Referral,0
2434,Isha Saxena,isha.saxena2434@mailbox.com,9131577484,Kanpur,Uttar Pradesh,India,2023-07-27,Pro,Verified,Aggressive,App Store,1
2435,Riya Chopra,riya.chopra2435@mailbox.com,9540994666,Pune,Maharashtra,India,2024-09-13,Basic,Verified,Aggressive,App Store,0
2436,Sanjay Shah,sanjay.shah2436@mailbox.com,9235015271,Surat,Gujarat,India,2023-03-01,Premium,Pending,Aggressive,Agent,0
2437,Pooja Shah,pooja.shah2437@mailbox.com,9862943997,Ahmedabad,Gujarat,India,2023-04-07,Basic,Pending,Moderate,App Store,0
2438,Sneha Tiwari,sneha.tiwari2438@mailbox.com,9327423694,Hyderabad,Telangana,India,2024-07-19,Basic,Verified,Conservative,App Store,1
2439,Anil Menon,anil.menon2439@mailbox.com,9563026006,Kanpur,Uttar Pradesh,India,2025-11-24,Premium,Verified,Aggressive,Google Ads,1
2440,Aditya Kapoor,aditya.kapoor2440@mailbox.com,9700872374,Jaipur,Rajasthan,India,2023-02-12,Basic,Verified,Moderate,Referral,1
2441,Myra Kumar,myra.kumar2441@mailbox.com,9530094671,Jaipur,Rajasthan,India,2024-05-05,Premium,Verified,Moderate,Google Ads,1
2442,Aarav Desai,aarav.desai2442@mailbox.com,9487012136,Jaipur,Rajasthan,India,2025-05-04,Basic,Verified,Moderate,Website,1
2443,Aarav Iyer,aarav.iyer2443@mailbox.com,9314616878,Coimbatore,Tamil Nadu,India,2023-11-06,Pro,Verified,Conservative,Agent,1
2444,Rohan Nair,rohan.nair2444@mailbox.com,9365067715,Chennai,Tamil Nadu,India,2024-06-09,Premium,Verified,Moderate,Social Media,0
2445,Vikram Choudhary,vikram.choudhary2445@mailbox.com,9779708862,Kolkata,West Bengal,India,2025-06-12,Basic,Pending,Aggressive,Website,1
2446,Kiran Jain,kiran.jain2446@mailbox.com,9894335239,Nagpur,Maharashtra,India,2025-02-14,Pro,Rejected,Moderate,YouTube,1
2447,Rajesh Kumar,rajesh.kumar2447@mailbox.com,9864355966,Mumbai,Maharashtra,India,2023-11-09,Pro,Verified,Moderate,YouTube,1
2448,Pooja Chopra,pooja.chopra2448@mailbox.com,9397854316,Bengaluru,Karnataka,India,2025-03-10,Basic,Rejected,Conservative,Website,1
2449,Suresh Saxena,suresh.saxena2449@mailbox.com,9389120281,Nagpur,Maharashtra,India,2024-12-20,Elite,Verified,Moderate,App Store,1
2450,Ishaan Shah,ishaan.shah2450@mailbox.com,9152470728,Kanpur,Uttar Pradesh,India,2024-06-23,Basic,Verified,Conservative,Agent,1
2451,Anil Bhatt,anil.bhatt2451@mailbox.com,9627035071,Surat,Gujarat,India,2024-04-14,Basic,Verified,Moderate,Agent,1
2452,Kiran Bhatt,kiran.bhatt2452@mailbox.com,9341012547,Bengaluru,Karnataka,India,2025-09-12,Basic,Verified,Conservative,Referral,1
2453,Vihaan Jain,vihaan.jain2453@mailbox.com,9760121882,Kochi,Kerala,India,2025-07-20,Basic,Verified,Aggressive,Google Ads,1
2454,Riya Tiwari,riya.tiwari2454@mailbox.com,9470642145,Lucknow,Uttar Pradesh,India,2025-11-20,Premium,Verified,Conservative,App Store,1
2455,Anil Pillai,anil.pillai2455@mailbox.com,9352967521,Hyderabad,Telangana,India,2024-12-20,Premium,Verified,Conservative,Google Ads,1
2456,Zara Rao,zara.rao2456@mailbox.com,9809566859,Pune,Maharashtra,India,2024-01-18,Pro,Pending,Moderate,Agent,1
2457,Anil Iyer,anil.iyer2457@mailbox.com,9871261140,Chennai,Tamil Nadu,India,2023-04-27,Basic,Verified,Moderate,YouTube,1
2458,Varun Saxena,varun.saxena2458@mailbox.com,9330334145,Lucknow,Uttar Pradesh,India,2023-05-15,Basic,Verified,Aggressive,Google Ads,1
2459,Riya Singh,riya.singh2459@mailbox.com,9485915064,Lucknow,Uttar Pradesh,India,2025-10-10,Basic,Verified,Moderate,Referral,1
2460,Aditya Trivedi,aditya.trivedi2460@mailbox.com,9721139669,Jaipur,Rajasthan,India,2024-01-22,Basic,Verified,Moderate,Agent,1
2461,Kavya Iyer,kavya.iyer2461@mailbox.com,9517355560,Lucknow,Uttar Pradesh,India,2023-04-28,Elite,Verified,Aggressive,App Store,1
2462,Rohan Tiwari,rohan.tiwari2462@mailbox.com,9588869546,Coimbatore,Tamil Nadu,India,2023-08-26,Premium,Verified,Aggressive,YouTube,1
2463,Riya Reddy,riya.reddy2463@mailbox.com,9407362551,Vadodara,Gujarat,India,2023-01-23,Pro,Verified,Aggressive,App Store,1
2464,Vikram Pandey,vikram.pandey2464@mailbox.com,9668352046,Lucknow,Uttar Pradesh,India,2024-07-19,Premium,Pending,Moderate,Google Ads,1
2465,Riya Malhotra,riya.malhotra2465@mailbox.com,9964340853,Vadodara,Gujarat,India,2024-09-21,Basic,Verified,Aggressive,App Store,1
2466,Kabir Menon,kabir.menon2466@mailbox.com,9801833997,Chandigarh,Chandigarh,India,2024-02-07,Basic,Verified,Conservative,Agent,1
2467,Isha Desai,isha.desai2467@mailbox.com,9430562452,Chandigarh,Chandigarh,India,2025-03-03,Basic,Verified,Aggressive,Referral,1
2468,Sneha Menon,sneha.menon2468@mailbox.com,9395036507,Chennai,Tamil Nadu,India,2024-05-26,Pro,Pending,Aggressive,Social Media,1
2469,Vivaan Pandey,vivaan.pandey2469@mailbox.com,9179506737,Jaipur,Rajasthan,India,2025-10-19,Basic,Verified,Moderate,Social Media,1
2470,Rohan Patel,rohan.patel2470@mailbox.com,9660213967,Ahmedabad,Gujarat,India,2025-03-23,Basic,Pending,Conservative,Referral,1
2471,Kiran Saxena,kiran.saxena2471@mailbox.com,9418795209,Delhi,Delhi,India,2023-03-22,Premium,Verified,Aggressive,Agent,1
2472,Vihaan Yadav,vihaan.yadav2472@mailbox.com,9119172093,Delhi,Delhi,India,2023-10-19,Basic,Verified,Conservative,Social Media,1
2473,Aadhya Reddy,aadhya.reddy2473@mailbox.com,9842983295,Indore,Madhya Pradesh,India,2025-03-14,Premium,Verified,Conservative,Agent,1
2474,Rohan Rao,rohan.rao2474@mailbox.com,9300667000,Jaipur,Rajasthan,India,2024-07-26,Basic,Verified,Aggressive,Website,1
2475,Arjun Kapoor,arjun.kapoor2475@mailbox.com,9624041800,Chandigarh,Chandigarh,India,2025-03-13,Premium,Verified,Moderate,Website,1
2476,Aadhya Saxena,aadhya.saxena2476@mailbox.com,9147925601,Surat,Gujarat,India,2023-12-23,Basic,Verified,Moderate,YouTube,1
2477,Rahul Tiwari,rahul.tiwari2477@mailbox.com,9156485710,Delhi,Delhi,India,2023-02-10,Pro,Verified,Aggressive,Social Media,1
2478,Kabir Bhatt,kabir.bhatt2478@mailbox.com,9908333533,Chandigarh,Chandigarh,India,2025-04-15,Premium,Verified,Aggressive,Referral,1
2479,Vihaan Bhatt,vihaan.bhatt2479@mailbox.com,9705244072,Lucknow,Uttar Pradesh,India,2025-04-16,Basic,Verified,Aggressive,Agent,1
2480,Reyansh Malhotra,reyansh.malhotra2480@mailbox.com,9104767373,Nagpur,Maharashtra,India,2024-11-12,Pro,Verified,Conservative,Website,1
2481,Priya Desai,priya.desai2481@mailbox.com,9190590700,Vadodara,Gujarat,India,2024-03-06,Pro,Verified,Conservative,Social Media,1
2482,Deepak Reddy,deepak.reddy2482@mailbox.com,9543467947,Indore,Madhya Pradesh,India,2023-01-10,Premium,Verified,Aggressive,Referral,1
2483,Kabir Malhotra,kabir.malhotra2483@mailbox.com,9481599213,Mumbai,Maharashtra,India,2025-02-14,Pro,Verified,Conservative,YouTube,1
2484,Isha Patel,isha.patel2484@mailbox.com,9687470197,Hyderabad,Telangana,India,2024-12-03,Pro,Verified,Conservative,Google Ads,1
2485,Kavya Sharma,kavya.sharma2485@mailbox.com,9652830173,Jaipur,Rajasthan,India,2024-12-12,Basic,Verified,Moderate,App Store,1
2486,Myra Jain,myra.jain2486@mailbox.com,9360769679,Mumbai,Maharashtra,India,2023-07-01,Basic,Verified,Moderate,Website,1
2487,Karan Shah,karan.shah2487@mailbox.com,9886325859,Hyderabad,Telangana,India,2025-02-17,Basic,Verified,Conservative,App Store,0
2488,Aditya Nair,aditya.nair2488@mailbox.com,9144056695,Patna,Bihar,India,2025-02-10,Premium,Verified,Aggressive,Agent,1
2489,Amit Sharma,amit.sharma2489@mailbox.com,9760911166,Bengaluru,Karnataka,India,2025-07-02,Elite,Verified,Moderate,Agent,1
2490,Myra Gupta,myra.gupta2490@mailbox.com,9891759409,Hyderabad,Telangana,India,2024-08-27,Premium,Verified,Moderate,Agent,0
2491,Kavya Singh,kavya.singh2491@mailbox.com,9489064982,Kanpur,Uttar Pradesh,India,2025-02-18,Basic,Verified,Moderate,Google Ads,1
2492,Ananya Saxena,ananya.saxena2492@mailbox.com,9789311262,Delhi,Delhi,India,2024-03-03,Elite,Verified,Aggressive,YouTube,1
2493,Varun Reddy,varun.reddy2493@mailbox.com,9273591591,Kolkata,West Bengal,India,2025-01-11,Premium,Verified,Moderate,App Store,1
2494,Neha Rao,neha.rao2494@mailbox.com,9834299421,Coimbatore,Tamil Nadu,India,2025-01-09,Basic,Verified,Aggressive,App Store,1
2495,Aadhya Jain,aadhya.jain2495@mailbox.com,9380018878,Indore,Madhya Pradesh,India,2025-04-10,Pro,Verified,Conservative,Referral,0
2496,Rohan Mishra,rohan.mishra2496@mailbox.com,9781354267,Vadodara,Gujarat,India,2025-07-01,Basic,Verified,Aggressive,Social Media,0
2497,Manoj Trivedi,manoj.trivedi2497@mailbox.com,9383847801,Ahmedabad,Gujarat,India,2023-01-04,Premium,Verified,Aggressive,Website,1
2498,Kiran Joshi,kiran.joshi2498@mailbox.com,9459100051,Indore,Madhya Pradesh,India,2025-04-09,Premium,Verified,Conservative,Referral,0
2499,Vivaan Menon,vivaan.menon2499@mailbox.com,9716591771,Chennai,Tamil Nadu,India,2025-04-23,Pro,Verified,Aggressive,YouTube,1
2500,Varun Reddy,varun.reddy2500@mailbox.com,9407234675,Ahmedabad,Gujarat,India,2024-08-03,Basic,Verified,Conservative,Agent,1
2501,Sneha Jain,sneha.jain2501@mailbox.com,9827024494,Hyderabad,Telangana,India,2024-07-07,Basic,Verified,Moderate,Google Ads,1
2502,Vihaan Gupta,vihaan.gupta2502@mailbox.com,9134999190,Chandigarh,Chandigarh,India,2025-02-08,Premium,Verified,Aggressive,App Store,1
2503,Rajesh Trivedi,rajesh.trivedi2503@mailbox.com,9110503867,Hyderabad,Telangana,India,2024-04-29,Pro,Verified,Conservative,Website,1
2504,Arjun Nair,arjun.nair2504@mailbox.com,9173536520,Chennai,Tamil Nadu,India,2024-03-16,Basic,Verified,Moderate,Google Ads,1
2505,Aditya Trivedi,aditya.trivedi2505@mailbox.com,9330640944,Lucknow,Uttar Pradesh,India,2025-05-05,Basic,Verified,Aggressive,Google Ads,0
2506,Arjun Malhotra,arjun.malhotra2506@mailbox.com,9148526609,Jaipur,Rajasthan,India,2025-04-20,Elite,Verified,Moderate,Agent,1
2507,Riya Kumar,riya.kumar2507@mailbox.com,9121973937,Pune,Maharashtra,India,2023-08-09,Pro,Pending,Conservative,Google Ads,1
2508,Neha Trivedi,neha.trivedi2508@mailbox.com,9780641916,Ahmedabad,Gujarat,India,2025-06-01,Basic,Verified,Conservative,Referral,1
2509,Aadhya Pillai,aadhya.pillai2509@mailbox.com,9237585143,Kolkata,West Bengal,India,2023-12-14,Basic,Verified,Moderate,YouTube,1
2510,Arjun Malhotra,arjun.malhotra2510@mailbox.com,9871427634,Coimbatore,Tamil Nadu,India,2023-05-27,Premium,Verified,Conservative,Website,1
2511,Kabir Bansal,kabir.bansal2511@mailbox.com,9724907766,Nagpur,Maharashtra,India,2025-07-24,Premium,Verified,Conservative,Website,1
2512,Deepak Agarwal,deepak.agarwal2512@mailbox.com,9818343378,Coimbatore,Tamil Nadu,India,2023-09-11,Premium,Verified,Aggressive,YouTube,1
2513,Yash Kapoor,yash.kapoor2513@mailbox.com,9599843892,Vadodara,Gujarat,India,2023-08-05,Pro,Verified,Moderate,Agent,1
2514,Rajesh Rao,rajesh.rao2514@mailbox.com,9661420324,Surat,Gujarat,India,2023-10-15,Basic,Verified,Moderate,Social Media,1
2515,Arjun Mehta,arjun.mehta2515@mailbox.com,9522113213,Chandigarh,Chandigarh,India,2024-06-07,Pro,Verified,Conservative,Website,1
2516,Manoj Mehta,manoj.mehta2516@mailbox.com,9661656790,Bengaluru,Karnataka,India,2023-06-26,Basic,Verified,Aggressive,Social Media,1
2517,Sneha Sharma,sneha.sharma2517@mailbox.com,9443230519,Coimbatore,Tamil Nadu,India,2023-06-19,Pro,Verified,Moderate,Referral,1
2518,Amit Pandey,amit.pandey2518@mailbox.com,9211538571,Lucknow,Uttar Pradesh,India,2024-02-23,Basic,Verified,Conservative,YouTube,1
2519,Reyansh Rao,reyansh.rao2519@mailbox.com,9729068817,Bhopal,Madhya Pradesh,India,2023-08-21,Basic,Pending,Aggressive,Website,1
2520,Aryan Kumar,aryan.kumar2520@mailbox.com,9734446606,Chennai,Tamil Nadu,India,2023-07-25,Basic,Verified,Conservative,Agent,1
2521,Anika Kumar,anika.kumar2521@mailbox.com,9352023769,Delhi,Delhi,India,2025-08-29,Basic,Verified,Moderate,Referral,1
2522,Vivaan Yadav,vivaan.yadav2522@mailbox.com,9959250342,Kochi,Kerala,India,2024-09-26,Basic,Pending,Moderate,Google Ads,0
2523,Rohan Kapoor,rohan.kapoor2523@mailbox.com,9992610694,Jaipur,Rajasthan,India,2023-01-15,Premium,Verified,Conservative,App Store,1
2524,Aadhya Joshi,aadhya.joshi2524@mailbox.com,9883553853,Bengaluru,Karnataka,India,2023-04-19,Pro,Pending,Aggressive,Agent,1
2525,Aditya Chopra,aditya.chopra2525@mailbox.com,9527468469,Surat,Gujarat,India,2025-05-16,Premium,Verified,Aggressive,Social Media,1
2526,Isha Gupta,isha.gupta2526@mailbox.com,9309874156,Delhi,Delhi,India,2023-10-15,Premium,Verified,Conservative,Social Media,1
2527,Riya Joshi,riya.joshi2527@mailbox.com,9109922396,Lucknow,Uttar Pradesh,India,2023-06-12,Basic,Pending,Conservative,App Store,1
2528,Varun Rao,varun.rao2528@mailbox.com,9762985553,Bhopal,Madhya Pradesh,India,2024-12-09,Pro,Verified,Conservative,Agent,1
2529,Vihaan Shah,vihaan.shah2529@mailbox.com,9901832544,Bhopal,Madhya Pradesh,India,2025-06-11,Basic,Verified,Moderate,Google Ads,1
2530,Vikram Verma,vikram.verma2530@mailbox.com,9193681674,Lucknow,Uttar Pradesh,India,2024-02-29,Basic,Verified,Moderate,Website,1
2531,Nikhil Chopra,nikhil.chopra2531@mailbox.com,9124068236,Ahmedabad,Gujarat,India,2025-03-02,Basic,Verified,Moderate,Referral,1
2532,Manoj Bhatt,manoj.bhatt2532@mailbox.com,9798946394,Chandigarh,Chandigarh,India,2024-03-24,Basic,Verified,Conservative,Google Ads,1
2533,Nikhil Jain,nikhil.jain2533@mailbox.com,9253221835,Hyderabad,Telangana,India,2023-04-26,Premium,Verified,Aggressive,Google Ads,1
2534,Ishaan Nair,ishaan.nair2534@mailbox.com,9460268946,Delhi,Delhi,India,2025-04-29,Basic,Verified,Moderate,Agent,1
2535,Manoj Reddy,manoj.reddy2535@mailbox.com,9861625864,Hyderabad,Telangana,India,2025-09-05,Basic,Verified,Moderate,App Store,1
2536,Aryan Agarwal,aryan.agarwal2536@mailbox.com,9426975303,Chandigarh,Chandigarh,India,2025-11-14,Pro,Pending,Moderate,App Store,1
2537,Kavya Reddy,kavya.reddy2537@mailbox.com,9982375639,Lucknow,Uttar Pradesh,India,2023-04-17,Basic,Rejected,Aggressive,Referral,1
2538,Zara Desai,zara.desai2538@mailbox.com,9114348194,Mumbai,Maharashtra,India,2024-08-24,Premium,Verified,Conservative,YouTube,0
2539,Amit Mehta,amit.mehta2539@mailbox.com,9524259799,Hyderabad,Telangana,India,2024-10-25,Basic,Verified,Aggressive,Website,1
2540,Zara Pillai,zara.pillai2540@mailbox.com,9346700211,Mumbai,Maharashtra,India,2023-03-26,Pro,Verified,Moderate,Agent,1
2541,Diya Desai,diya.desai2541@mailbox.com,9580040562,Chandigarh,Chandigarh,India,2025-10-10,Premium,Verified,Moderate,Google Ads,1
2542,Yash Tiwari,yash.tiwari2542@mailbox.com,9500098781,Lucknow,Uttar Pradesh,India,2023-04-20,Basic,Verified,Conservative,YouTube,1
2543,Yash Bansal,yash.bansal2543@mailbox.com,9566964904,Delhi,Delhi,India,2023-10-14,Pro,Verified,Aggressive,App Store,0
2544,Sara Tiwari,sara.tiwari2544@mailbox.com,9742452250,Chennai,Tamil Nadu,India,2025-10-28,Basic,Pending,Aggressive,App Store,0
2545,Manoj Chopra,manoj.chopra2545@mailbox.com,9567973818,Indore,Madhya Pradesh,India,2024-08-15,Basic,Verified,Moderate,Social Media,1
2546,Sara Choudhary,sara.choudhary2546@mailbox.com,9997651744,Nagpur,Maharashtra,India,2024-12-24,Premium,Verified,Aggressive,Social Media,1
2547,Suresh Desai,suresh.desai2547@mailbox.com,9523212918,Chandigarh,Chandigarh,India,2024-06-09,Premium,Verified,Aggressive,Referral,1
2548,Vikram Shah,vikram.shah2548@mailbox.com,9816470048,Mumbai,Maharashtra,India,2025-03-12,Basic,Verified,Aggressive,Google Ads,1
2549,Riya Kapoor,riya.kapoor2549@mailbox.com,9651654013,Delhi,Delhi,India,2023-03-28,Basic,Verified,Conservative,Referral,1
2550,Reyansh Bhatt,reyansh.bhatt2550@mailbox.com,9821260411,Mumbai,Maharashtra,India,2024-12-20,Basic,Verified,Aggressive,Referral,1
2551,Priya Agarwal,priya.agarwal2551@mailbox.com,9897063956,Ahmedabad,Gujarat,India,2023-03-12,Premium,Rejected,Conservative,Website,1
2552,Isha Kapoor,isha.kapoor2552@mailbox.com,9303850947,Bhopal,Madhya Pradesh,India,2023-07-11,Elite,Verified,Moderate,Referral,1
2553,Rohan Kapoor,rohan.kapoor2553@mailbox.com,9371542322,Surat,Gujarat,India,2024-06-23,Basic,Verified,Conservative,Google Ads,1
2554,Kabir Saxena,kabir.saxena2554@mailbox.com,9371409806,Chennai,Tamil Nadu,India,2024-04-22,Elite,Rejected,Conservative,Website,1
2555,Aryan Pillai,aryan.pillai2555@mailbox.com,9542683083,Surat,Gujarat,India,2023-06-12,Basic,Verified,Aggressive,Website,1
2556,Arjun Gupta,arjun.gupta2556@mailbox.com,9103279596,Surat,Gujarat,India,2025-04-29,Pro,Verified,Moderate,Social Media,1
2557,Suresh Shah,suresh.shah2557@mailbox.com,9905881768,Hyderabad,Telangana,India,2023-11-18,Pro,Verified,Aggressive,App Store,1
2558,Deepak Trivedi,deepak.trivedi2558@mailbox.com,9640946319,Bhopal,Madhya Pradesh,India,2025-07-11,Premium,Verified,Conservative,YouTube,1
2559,Vivaan Singh,vivaan.singh2559@mailbox.com,9375313499,Jaipur,Rajasthan,India,2023-01-16,Basic,Verified,Aggressive,Social Media,1
2560,Vikram Tiwari,vikram.tiwari2560@mailbox.com,9843923433,Delhi,Delhi,India,2023-09-10,Basic,Verified,Aggressive,Google Ads,1
2561,Vikram Desai,vikram.desai2561@mailbox.com,9375230790,Ahmedabad,Gujarat,India,2023-11-13,Basic,Verified,Moderate,Agent,1
2562,Myra Gupta,myra.gupta2562@mailbox.com,9997783451,Patna,Bihar,India,2024-09-26,Premium,Verified,Conservative,Referral,1
2563,Priya Kapoor,priya.kapoor2563@mailbox.com,9252308344,Surat,Gujarat,India,2024-03-03,Elite,Verified,Conservative,Google Ads,0
2564,Aadhya Jain,aadhya.jain2564@mailbox.com,9210738921,Kolkata,West Bengal,India,2023-06-17,Basic,Verified,Moderate,Website,0
2565,Anika Mehta,anika.mehta2565@mailbox.com,9967845142,Patna,Bihar,India,2024-08-31,Basic,Verified,Moderate,App Store,1
2566,Anika Pandey,anika.pandey2566@mailbox.com,9338972472,Ahmedabad,Gujarat,India,2025-10-17,Basic,Verified,Moderate,Google Ads,1
2567,Manoj Chopra,manoj.chopra2567@mailbox.com,9713318589,Lucknow,Uttar Pradesh,India,2023-05-23,Premium,Verified,Conservative,Website,1
2568,Pooja Reddy,pooja.reddy2568@mailbox.com,9417903928,Delhi,Delhi,India,2023-09-26,Premium,Pending,Moderate,Agent,1
2569,Sara Agarwal,sara.agarwal2569@mailbox.com,9546987826,Vadodara,Gujarat,India,2024-05-24,Basic,Pending,Moderate,YouTube,1
2570,Varun Nair,varun.nair2570@mailbox.com,9987454041,Chandigarh,Chandigarh,India,2025-02-12,Pro,Verified,Moderate,Website,1
2571,Manoj Choudhary,manoj.choudhary2571@mailbox.com,9487559509,Hyderabad,Telangana,India,2023-05-26,Basic,Pending,Conservative,Google Ads,1
2572,Varun Pandey,varun.pandey2572@mailbox.com,9474095633,Nagpur,Maharashtra,India,2023-09-04,Premium,Verified,Moderate,Website,1
2573,Divya Patel,divya.patel2573@mailbox.com,9612757869,Patna,Bihar,India,2023-09-08,Basic,Verified,Aggressive,Agent,1
2574,Sara Tiwari,sara.tiwari2574@mailbox.com,9185502622,Kanpur,Uttar Pradesh,India,2024-10-18,Basic,Verified,Moderate,Website,0
2575,Rajesh Nair,rajesh.nair2575@mailbox.com,9464283691,Chennai,Tamil Nadu,India,2023-03-29,Premium,Verified,Conservative,Agent,1
2576,Kavya Singh,kavya.singh2576@mailbox.com,9673208445,Vadodara,Gujarat,India,2024-12-03,Premium,Verified,Aggressive,Agent,1
2577,Ananya Pandey,ananya.pandey2577@mailbox.com,9114118774,Kolkata,West Bengal,India,2024-03-29,Basic,Verified,Conservative,Social Media,1
2578,Riya Agarwal,riya.agarwal2578@mailbox.com,9566199217,Pune,Maharashtra,India,2023-12-16,Pro,Verified,Aggressive,YouTube,1
2579,Yash Pillai,yash.pillai2579@mailbox.com,9908635271,Ahmedabad,Gujarat,India,2025-07-07,Premium,Verified,Conservative,Website,1
2580,Sanjay Choudhary,sanjay.choudhary2580@mailbox.com,9120428293,Kochi,Kerala,India,2025-05-22,Basic,Rejected,Conservative,App Store,1
2581,Sara Sharma,sara.sharma2581@mailbox.com,9812672832,Kanpur,Uttar Pradesh,India,2025-05-05,Elite,Verified,Moderate,Google Ads,0
2582,Riya Reddy,riya.reddy2582@mailbox.com,9855452275,Bhopal,Madhya Pradesh,India,2025-07-31,Elite,Verified,Aggressive,Social Media,0
2583,Diya Choudhary,diya.choudhary2583@mailbox.com,9168240888,Coimbatore,Tamil Nadu,India,2023-09-07,Basic,Verified,Moderate,Social Media,0
2584,Priya Joshi,priya.joshi2584@mailbox.com,9307340228,Coimbatore,Tamil Nadu,India,2025-06-29,Elite,Verified,Conservative,Agent,1
2585,Myra Sharma,myra.sharma2585@mailbox.com,9751249969,Kochi,Kerala,India,2023-07-07,Pro,Verified,Aggressive,Website,1
2586,Sanjay Sharma,sanjay.sharma2586@mailbox.com,9920441838,Coimbatore,Tamil Nadu,India,2023-12-19,Basic,Verified,Conservative,App Store,1
2587,Myra Shah,myra.shah2587@mailbox.com,9793847512,Coimbatore,Tamil Nadu,India,2024-08-14,Premium,Verified,Moderate,Social Media,1
2588,Isha Kumar,isha.kumar2588@mailbox.com,9573103605,Vadodara,Gujarat,India,2025-03-03,Basic,Verified,Conservative,Social Media,1
2589,Yash Singh,yash.singh2589@mailbox.com,9642076365,Indore,Madhya Pradesh,India,2024-09-07,Premium,Verified,Aggressive,YouTube,1
2590,Kavya Iyer,kavya.iyer2590@mailbox.com,9572231059,Bengaluru,Karnataka,India,2024-08-18,Elite,Verified,Moderate,Website,0
2591,Aditya Singh,aditya.singh2591@mailbox.com,9619903719,Bengaluru,Karnataka,India,2024-02-05,Basic,Verified,Conservative,Google Ads,1
2592,Sara Desai,sara.desai2592@mailbox.com,9793488050,Patna,Bihar,India,2024-09-23,Premium,Verified,Moderate,Google Ads,1
2593,Amit Iyer,amit.iyer2593@mailbox.com,9144718323,Pune,Maharashtra,India,2024-05-20,Basic,Verified,Conservative,Referral,1
2594,Vihaan Desai,vihaan.desai2594@mailbox.com,9288556322,Chandigarh,Chandigarh,India,2024-05-23,Premium,Verified,Moderate,Referral,1
2595,Isha Kapoor,isha.kapoor2595@mailbox.com,9153546734,Coimbatore,Tamil Nadu,India,2024-09-15,Pro,Verified,Moderate,App Store,1
2596,Ishaan Bhatt,ishaan.bhatt2596@mailbox.com,9754559783,Indore,Madhya Pradesh,India,2024-10-01,Basic,Verified,Aggressive,Agent,1
2597,Rahul Desai,rahul.desai2597@mailbox.com,9147795982,Patna,Bihar,India,2023-12-18,Premium,Verified,Aggressive,App Store,1
2598,Meera Chopra,meera.chopra2598@mailbox.com,9195008660,Kolkata,West Bengal,India,2023-05-25,Basic,Verified,Moderate,App Store,1
2599,Yash Sharma,yash.sharma2599@mailbox.com,9338366621,Jaipur,Rajasthan,India,2023-11-16,Premium,Verified,Conservative,App Store,1
2600,Sara Mehta,sara.mehta2600@mailbox.com,9317659690,Vadodara,Gujarat,India,2024-03-11,Premium,Rejected,Conservative,App Store,1
2601,Deepak Singh,deepak.singh2601@mailbox.com,9567425673,Chandigarh,Chandigarh,India,2023-06-21,Premium,Verified,Moderate,Social Media,1
2602,Rohan Sharma,rohan.sharma2602@mailbox.com,9548952933,Chennai,Tamil Nadu,India,2023-07-09,Basic,Verified,Moderate,Agent,1
2603,Suresh Mehta,suresh.mehta2603@mailbox.com,9421917297,Coimbatore,Tamil Nadu,India,2025-10-09,Premium,Verified,Moderate,YouTube,0
2604,Sanjay Reddy,sanjay.reddy2604@mailbox.com,9684434610,Lucknow,Uttar Pradesh,India,2023-10-26,Premium,Verified,Aggressive,Agent,1
2605,Rajesh Gupta,rajesh.gupta2605@mailbox.com,9810855603,Chandigarh,Chandigarh,India,2025-02-26,Premium,Verified,Aggressive,Website,1
2606,Rajesh Joshi,rajesh.joshi2606@mailbox.com,9676266743,Kanpur,Uttar Pradesh,India,2023-05-17,Premium,Verified,Moderate,Website,1
2607,Amit Nair,amit.nair2607@mailbox.com,9826640220,Indore,Madhya Pradesh,India,2025-11-01,Pro,Verified,Conservative,Referral,1
2608,Ananya Patel,ananya.patel2608@mailbox.com,9922555138,Hyderabad,Telangana,India,2023-08-15,Basic,Verified,Moderate,Referral,1
2609,Amit Mehta,amit.mehta2609@mailbox.com,9686382787,Pune,Maharashtra,India,2024-02-24,Basic,Verified,Conservative,YouTube,1
2610,Anil Sharma,anil.sharma2610@mailbox.com,9144611308,Bhopal,Madhya Pradesh,India,2025-04-12,Elite,Verified,Moderate,App Store,1
2611,Yash Verma,yash.verma2611@mailbox.com,9401096683,Chandigarh,Chandigarh,India,2023-08-03,Basic,Rejected,Moderate,Agent,1
2612,Varun Kumar,varun.kumar2612@mailbox.com,9485085844,Delhi,Delhi,India,2024-08-08,Pro,Verified,Moderate,Agent,1
2613,Kabir Malhotra,kabir.malhotra2613@mailbox.com,9741253661,Delhi,Delhi,India,2025-04-16,Premium,Verified,Moderate,App Store,1
2614,Vikram Desai,vikram.desai2614@mailbox.com,9862225904,Surat,Gujarat,India,2023-01-26,Pro,Rejected,Conservative,Google Ads,1
2615,Arjun Bhatt,arjun.bhatt2615@mailbox.com,9676298177,Jaipur,Rajasthan,India,2023-01-28,Premium,Verified,Conservative,Referral,1
2616,Priya Pillai,priya.pillai2616@mailbox.com,9426897450,Chandigarh,Chandigarh,India,2025-04-19,Pro,Verified,Aggressive,YouTube,1
2617,Aryan Pillai,aryan.pillai2617@mailbox.com,9808956144,Delhi,Delhi,India,2023-10-07,Premium,Verified,Moderate,Social Media,0
2618,Aditya Tiwari,aditya.tiwari2618@mailbox.com,9726238339,Pune,Maharashtra,India,2025-08-26,Premium,Verified,Conservative,Agent,0
2619,Priya Rao,priya.rao2619@mailbox.com,9818236351,Mumbai,Maharashtra,India,2025-09-14,Basic,Verified,Aggressive,Website,1
2620,Varun Bhatt,varun.bhatt2620@mailbox.com,9682058377,Bhopal,Madhya Pradesh,India,2025-07-26,Basic,Pending,Conservative,App Store,1
2621,Anil Tiwari,anil.tiwari2621@mailbox.com,9412487754,Kochi,Kerala,India,2025-11-27,Basic,Verified,Moderate,Website,0
2622,Sara Menon,sara.menon2622@mailbox.com,9459855745,Hyderabad,Telangana,India,2025-05-26,Elite,Verified,Aggressive,Website,1
2623,Arjun Jain,arjun.jain2623@mailbox.com,9348764345,Pune,Maharashtra,India,2024-02-13,Basic,Verified,Moderate,YouTube,1
2624,Nikhil Kumar,nikhil.kumar2624@mailbox.com,9331181398,Chandigarh,Chandigarh,India,2025-11-22,Pro,Verified,Aggressive,YouTube,1
2625,Nikhil Mishra,nikhil.mishra2625@mailbox.com,9687468782,Mumbai,Maharashtra,India,2024-01-04,Premium,Verified,Moderate,Website,1
2626,Vikram Iyer,vikram.iyer2626@mailbox.com,9445299524,Vadodara,Gujarat,India,2024-09-16,Basic,Verified,Moderate,YouTube,1
2627,Aryan Reddy,aryan.reddy2627@mailbox.com,9131553359,Kochi,Kerala,India,2023-01-07,Elite,Verified,Moderate,App Store,1
2628,Aarav Verma,aarav.verma2628@mailbox.com,9874110266,Hyderabad,Telangana,India,2025-10-22,Basic,Verified,Moderate,Website,1
2629,Neha Saxena,neha.saxena2629@mailbox.com,9618799096,Bengaluru,Karnataka,India,2024-09-22,Premium,Verified,Moderate,Website,1
2630,Vivaan Chopra,vivaan.chopra2630@mailbox.com,9200353154,Surat,Gujarat,India,2025-10-07,Premium,Verified,Aggressive,Google Ads,1
2631,Varun Joshi,varun.joshi2631@mailbox.com,9943649714,Mumbai,Maharashtra,India,2024-01-11,Basic,Verified,Aggressive,Social Media,1
2632,Sneha Bansal,sneha.bansal2632@mailbox.com,9733174879,Kanpur,Uttar Pradesh,India,2023-11-30,Basic,Verified,Moderate,Website,1
2633,Nikhil Yadav,nikhil.yadav2633@mailbox.com,9676142589,Delhi,Delhi,India,2024-07-10,Premium,Verified,Moderate,Referral,1
2634,Sanjay Chopra,sanjay.chopra2634@mailbox.com,9488001294,Kanpur,Uttar Pradesh,India,2025-07-08,Basic,Verified,Moderate,Website,1
2635,Vihaan Gupta,vihaan.gupta2635@mailbox.com,9735608693,Ahmedabad,Gujarat,India,2024-08-07,Pro,Verified,Aggressive,Agent,0
2636,Vivaan Mehta,vivaan.mehta2636@mailbox.com,9283673273,Bhopal,Madhya Pradesh,India,2025-04-23,Premium,Verified,Moderate,Website,1
2637,Kavya Kumar,kavya.kumar2637@mailbox.com,9371930067,Kochi,Kerala,India,2023-08-17,Basic,Verified,Moderate,Referral,1
2638,Divya Choudhary,divya.choudhary2638@mailbox.com,9964962362,Lucknow,Uttar Pradesh,India,2025-04-06,Basic,Verified,Moderate,Google Ads,1
2639,Ishaan Shah,ishaan.shah2639@mailbox.com,9348217463,Indore,Madhya Pradesh,India,2025-02-19,Basic,Verified,Moderate,Website,1
2640,Deepak Jain,deepak.jain2640@mailbox.com,9747683005,Indore,Madhya Pradesh,India,2025-08-12,Pro,Verified,Moderate,YouTube,1
2641,Karan Pillai,karan.pillai2641@mailbox.com,9937257646,Vadodara,Gujarat,India,2023-03-03,Premium,Verified,Aggressive,Social Media,0
2642,Zara Bhatt,zara.bhatt2642@mailbox.com,9633694260,Chennai,Tamil Nadu,India,2024-02-14,Basic,Verified,Aggressive,Social Media,1
2643,Rohan Chopra,rohan.chopra2643@mailbox.com,9843613782,Chennai,Tamil Nadu,India,2023-04-05,Premium,Verified,Conservative,YouTube,1
2644,Riya Pillai,riya.pillai2644@mailbox.com,9589482810,Ahmedabad,Gujarat,India,2024-03-02,Premium,Rejected,Conservative,Referral,1
2645,Riya Singh,riya.singh2645@mailbox.com,9203425061,Bhopal,Madhya Pradesh,India,2025-03-19,Premium,Verified,Aggressive,Agent,1
2646,Aarav Iyer,aarav.iyer2646@mailbox.com,9497323550,Kochi,Kerala,India,2024-11-12,Basic,Verified,Conservative,Google Ads,1
2647,Sanjay Iyer,sanjay.iyer2647@mailbox.com,9488473666,Kolkata,West Bengal,India,2025-03-12,Basic,Pending,Moderate,Google Ads,1
2648,Suresh Sharma,suresh.sharma2648@mailbox.com,9270502173,Bengaluru,Karnataka,India,2025-02-24,Basic,Verified,Moderate,Google Ads,1
2649,Varun Iyer,varun.iyer2649@mailbox.com,9461903232,Indore,Madhya Pradesh,India,2025-11-22,Premium,Verified,Conservative,App Store,1
2650,Kavya Saxena,kavya.saxena2650@mailbox.com,9238051382,Nagpur,Maharashtra,India,2025-07-25,Premium,Verified,Moderate,Social Media,0
2651,Kiran Bansal,kiran.bansal2651@mailbox.com,9723308982,Ahmedabad,Gujarat,India,2024-09-16,Basic,Verified,Moderate,Referral,1
2652,Kiran Iyer,kiran.iyer2652@mailbox.com,9510377120,Hyderabad,Telangana,India,2025-07-21,Basic,Pending,Aggressive,Google Ads,1
2653,Aryan Mehta,aryan.mehta2653@mailbox.com,9742422337,Chandigarh,Chandigarh,India,2023-02-21,Premium,Verified,Aggressive,Agent,1
2654,Myra Mehta,myra.mehta2654@mailbox.com,9759981253,Chandigarh,Chandigarh,India,2025-02-07,Basic,Pending,Aggressive,Social Media,1
2655,Deepak Singh,deepak.singh2655@mailbox.com,9244194294,Bhopal,Madhya Pradesh,India,2024-07-09,Premium,Verified,Moderate,Google Ads,0
2656,Sanjay Joshi,sanjay.joshi2656@mailbox.com,9497876508,Nagpur,Maharashtra,India,2025-10-16,Basic,Verified,Aggressive,Google Ads,1
2657,Aditya Shah,aditya.shah2657@mailbox.com,9774977181,Kolkata,West Bengal,India,2024-06-20,Basic,Verified,Aggressive,Agent,1
2658,Ananya Tiwari,ananya.tiwari2658@mailbox.com,9633843279,Jaipur,Rajasthan,India,2023-07-10,Premium,Verified,Aggressive,Google Ads,1
2659,Priya Desai,priya.desai2659@mailbox.com,9849266670,Delhi,Delhi,India,2025-02-10,Basic,Verified,Moderate,Referral,1
2660,Ishaan Pillai,ishaan.pillai2660@mailbox.com,9279905518,Chennai,Tamil Nadu,India,2025-10-09,Premium,Pending,Conservative,App Store,1
2661,Anika Pillai,anika.pillai2661@mailbox.com,9994001224,Lucknow,Uttar Pradesh,India,2023-01-18,Basic,Verified,Moderate,Agent,1
2662,Rajesh Kapoor,rajesh.kapoor2662@mailbox.com,9736166751,Jaipur,Rajasthan,India,2023-03-10,Basic,Verified,Conservative,Referral,1
2663,Reyansh Chopra,reyansh.chopra2663@mailbox.com,9390272783,Delhi,Delhi,India,2024-12-05,Premium,Verified,Conservative,Website,0
2664,Zara Pillai,zara.pillai2664@mailbox.com,9275106019,Vadodara,Gujarat,India,2024-08-14,Basic,Verified,Conservative,Referral,1
2665,Rohan Bhatt,rohan.bhatt2665@mailbox.com,9911759016,Kolkata,West Bengal,India,2024-08-07,Premium,Verified,Moderate,Agent,1
2666,Amit Chopra,amit.chopra2666@mailbox.com,9571144986,Kanpur,Uttar Pradesh,India,2023-04-07,Pro,Verified,Aggressive,Referral,1
2667,Karan Iyer,karan.iyer2667@mailbox.com,9825445783,Lucknow,Uttar Pradesh,India,2024-09-01,Elite,Verified,Conservative,YouTube,0
2668,Yash Kapoor,yash.kapoor2668@mailbox.com,9848512546,Lucknow,Uttar Pradesh,India,2024-08-27,Basic,Pending,Conservative,Agent,1
2669,Vihaan Mehta,vihaan.mehta2669@mailbox.com,9400743037,Chandigarh,Chandigarh,India,2025-06-23,Basic,Verified,Conservative,Social Media,0
2670,Yash Mehta,yash.mehta2670@mailbox.com,9916946595,Bhopal,Madhya Pradesh,India,2024-02-20,Basic,Verified,Conservative,Social Media,1
2671,Suresh Gupta,suresh.gupta2671@mailbox.com,9297138663,Kochi,Kerala,India,2024-01-06,Pro,Verified,Moderate,Website,1
2672,Deepak Malhotra,deepak.malhotra2672@mailbox.com,9130178415,Ahmedabad,Gujarat,India,2023-03-28,Basic,Verified,Moderate,Website,1
2673,Deepak Saxena,deepak.saxena2673@mailbox.com,9697945844,Kolkata,West Bengal,India,2024-08-26,Basic,Verified,Moderate,Website,1
2674,Kabir Choudhary,kabir.choudhary2674@mailbox.com,9599769221,Jaipur,Rajasthan,India,2024-11-21,Premium,Verified,Conservative,App Store,1
2675,Varun Yadav,varun.yadav2675@mailbox.com,9336978480,Nagpur,Maharashtra,India,2023-10-26,Basic,Verified,Moderate,Google Ads,0
2676,Vikram Verma,vikram.verma2676@mailbox.com,9545365946,Pune,Maharashtra,India,2025-02-17,Premium,Verified,Moderate,Social Media,1
2677,Yash Trivedi,yash.trivedi2677@mailbox.com,9967792491,Lucknow,Uttar Pradesh,India,2025-09-26,Premium,Verified,Conservative,Social Media,1
2678,Kiran Bhatt,kiran.bhatt2678@mailbox.com,9787207386,Hyderabad,Telangana,India,2023-07-05,Premium,Rejected,Aggressive,App Store,1
2679,Vikram Malhotra,vikram.malhotra2679@mailbox.com,9986393138,Nagpur,Maharashtra,India,2024-09-01,Premium,Verified,Conservative,Google Ads,1
2680,Myra Mehta,myra.mehta2680@mailbox.com,9399977825,Bhopal,Madhya Pradesh,India,2025-01-09,Basic,Pending,Conservative,Social Media,1
2681,Arjun Agarwal,arjun.agarwal2681@mailbox.com,9444477065,Kanpur,Uttar Pradesh,India,2023-01-20,Premium,Verified,Conservative,Social Media,1
2682,Arjun Choudhary,arjun.choudhary2682@mailbox.com,9942095931,Kochi,Kerala,India,2023-07-10,Premium,Verified,Moderate,Website,0
2683,Sara Jain,sara.jain2683@mailbox.com,9879070552,Vadodara,Gujarat,India,2024-02-26,Basic,Verified,Moderate,App Store,1
2684,Manoj Desai,manoj.desai2684@mailbox.com,9248177335,Coimbatore,Tamil Nadu,India,2023-05-27,Pro,Pending,Conservative,Agent,1
2685,Rahul Nair,rahul.nair2685@mailbox.com,9974987657,Delhi,Delhi,India,2024-01-14,Pro,Verified,Moderate,Referral,1
2686,Zara Desai,zara.desai2686@mailbox.com,9646630521,Kochi,Kerala,India,2023-06-06,Pro,Verified,Conservative,Social Media,1
2687,Karan Gupta,karan.gupta2687@mailbox.com,9798721605,Pune,Maharashtra,India,2025-08-12,Premium,Verified,Aggressive,YouTube,1
2688,Sanjay Pillai,sanjay.pillai2688@mailbox.com,9621125261,Lucknow,Uttar Pradesh,India,2024-09-30,Basic,Verified,Conservative,Referral,1
2689,Pooja Verma,pooja.verma2689@mailbox.com,9295363876,Jaipur,Rajasthan,India,2023-12-17,Basic,Verified,Aggressive,Referral,1
2690,Aryan Tiwari,aryan.tiwari2690@mailbox.com,9986271795,Kolkata,West Bengal,India,2025-04-09,Basic,Verified,Moderate,Google Ads,0
2691,Divya Mishra,divya.mishra2691@mailbox.com,9201386468,Kochi,Kerala,India,2023-01-20,Basic,Verified,Aggressive,Website,0
2692,Neha Nair,neha.nair2692@mailbox.com,9828070490,Indore,Madhya Pradesh,India,2024-09-27,Basic,Rejected,Moderate,YouTube,1
2693,Nikhil Bansal,nikhil.bansal2693@mailbox.com,9288284632,Vadodara,Gujarat,India,2024-12-28,Basic,Verified,Conservative,Social Media,0
2694,Aadhya Saxena,aadhya.saxena2694@mailbox.com,9807092632,Vadodara,Gujarat,India,2025-05-11,Basic,Verified,Moderate,Google Ads,1
2695,Varun Desai,varun.desai2695@mailbox.com,9480485227,Jaipur,Rajasthan,India,2023-08-25,Pro,Verified,Moderate,YouTube,1
2696,Myra Saxena,myra.saxena2696@mailbox.com,9312859931,Bhopal,Madhya Pradesh,India,2024-09-21,Basic,Verified,Aggressive,App Store,0
2697,Reyansh Nair,reyansh.nair2697@mailbox.com,9313027324,Kanpur,Uttar Pradesh,India,2025-03-28,Premium,Verified,Moderate,Referral,0
2698,Aadhya Rao,aadhya.rao2698@mailbox.com,9910937032,Lucknow,Uttar Pradesh,India,2025-04-29,Pro,Verified,Conservative,App Store,1
2699,Reyansh Gupta,reyansh.gupta2699@mailbox.com,9792438794,Bhopal,Madhya Pradesh,India,2023-07-07,Premium,Verified,Conservative,App Store,1
2700,Arjun Mehta,arjun.mehta2700@mailbox.com,9703650610,Surat,Gujarat,India,2025-11-05,Basic,Verified,Aggressive,YouTube,1
2701,Kiran Nair,kiran.nair2701@mailbox.com,9666841916,Coimbatore,Tamil Nadu,India,2023-10-19,Premium,Verified,Conservative,App Store,1
2702,Suresh Chopra,suresh.chopra2702@mailbox.com,9475056319,Patna,Bihar,India,2024-02-21,Pro,Verified,Aggressive,YouTube,1
2703,Rohan Nair,rohan.nair2703@mailbox.com,9911343009,Indore,Madhya Pradesh,India,2023-07-24,Pro,Pending,Conservative,Social Media,1
2704,Anil Mehta,anil.mehta2704@mailbox.com,9948637018,Coimbatore,Tamil Nadu,India,2023-06-09,Basic,Verified,Conservative,Referral,1
2705,Aditya Tiwari,aditya.tiwari2705@mailbox.com,9407291948,Bengaluru,Karnataka,India,2023-09-30,Basic,Verified,Aggressive,YouTube,1
2706,Diya Bansal,diya.bansal2706@mailbox.com,9528445535,Patna,Bihar,India,2023-05-25,Premium,Verified,Moderate,App Store,1
2707,Meera Jain,meera.jain2707@mailbox.com,9773694311,Ahmedabad,Gujarat,India,2025-02-19,Basic,Verified,Moderate,Website,1
2708,Isha Bansal,isha.bansal2708@mailbox.com,9790043534,Jaipur,Rajasthan,India,2024-09-28,Pro,Verified,Conservative,Agent,1
2709,Divya Malhotra,divya.malhotra2709@mailbox.com,9244953348,Patna,Bihar,India,2024-02-20,Premium,Verified,Conservative,Referral,1
2710,Deepak Pillai,deepak.pillai2710@mailbox.com,9863949644,Kolkata,West Bengal,India,2024-08-05,Pro,Verified,Conservative,Referral,1
2711,Aditya Rao,aditya.rao2711@mailbox.com,9982778645,Kochi,Kerala,India,2024-10-05,Elite,Verified,Conservative,App Store,1
2712,Aarav Reddy,aarav.reddy2712@mailbox.com,9214804027,Lucknow,Uttar Pradesh,India,2023-07-16,Premium,Verified,Conservative,App Store,1
2713,Varun Bansal,varun.bansal2713@mailbox.com,9913726413,Pune,Maharashtra,India,2023-11-13,Pro,Verified,Moderate,App Store,0
2714,Rahul Shah,rahul.shah2714@mailbox.com,9336205073,Pune,Maharashtra,India,2025-07-28,Premium,Verified,Conservative,Social Media,1
2715,Rahul Kumar,rahul.kumar2715@mailbox.com,9981366779,Jaipur,Rajasthan,India,2023-01-13,Basic,Pending,Moderate,Social Media,1
2716,Riya Malhotra,riya.malhotra2716@mailbox.com,9994230904,Coimbatore,Tamil Nadu,India,2025-10-15,Pro,Verified,Aggressive,Referral,1
2717,Anika Choudhary,anika.choudhary2717@mailbox.com,9673201996,Bengaluru,Karnataka,India,2025-10-23,Premium,Rejected,Conservative,Website,1
2718,Sneha Saxena,sneha.saxena2718@mailbox.com,9271187770,Kanpur,Uttar Pradesh,India,2023-09-27,Elite,Pending,Aggressive,Referral,1
2719,Vikram Malhotra,vikram.malhotra2719@mailbox.com,9809420812,Chandigarh,Chandigarh,India,2023-12-08,Basic,Verified,Moderate,Agent,1
2720,Ishaan Gupta,ishaan.gupta2720@mailbox.com,9191027968,Lucknow,Uttar Pradesh,India,2023-08-09,Basic,Verified,Moderate,Website,1
2721,Pooja Sharma,pooja.sharma2721@mailbox.com,9400820346,Nagpur,Maharashtra,India,2024-08-20,Pro,Verified,Aggressive,YouTube,0
2722,Priya Kapoor,priya.kapoor2722@mailbox.com,9453816171,Pune,Maharashtra,India,2023-08-16,Basic,Verified,Aggressive,Agent,1
2723,Arjun Shah,arjun.shah2723@mailbox.com,9817482397,Bengaluru,Karnataka,India,2025-04-22,Premium,Rejected,Aggressive,App Store,1
2724,Sara Sharma,sara.sharma2724@mailbox.com,9182651890,Indore,Madhya Pradesh,India,2024-02-17,Premium,Verified,Aggressive,Social Media,1
2725,Suresh Mishra,suresh.mishra2725@mailbox.com,9430094913,Coimbatore,Tamil Nadu,India,2025-10-27,Basic,Verified,Conservative,Website,1
2726,Neha Choudhary,neha.choudhary2726@mailbox.com,9103368185,Kanpur,Uttar Pradesh,India,2025-06-27,Basic,Verified,Moderate,App Store,1
2727,Reyansh Sharma,reyansh.sharma2727@mailbox.com,9171245418,Jaipur,Rajasthan,India,2024-03-03,Pro,Pending,Moderate,App Store,1
2728,Vivaan Agarwal,vivaan.agarwal2728@mailbox.com,9352873947,Bengaluru,Karnataka,India,2024-09-26,Basic,Verified,Moderate,App Store,0
2729,Vikram Reddy,vikram.reddy2729@mailbox.com,9570462020,Coimbatore,Tamil Nadu,India,2023-01-26,Premium,Verified,Aggressive,Google Ads,1
2730,Riya Tiwari,riya.tiwari2730@mailbox.com,9293067551,Kochi,Kerala,India,2023-03-13,Premium,Verified,Moderate,YouTube,1
2731,Yash Iyer,yash.iyer2731@mailbox.com,9307803650,Coimbatore,Tamil Nadu,India,2024-06-22,Premium,Verified,Moderate,Google Ads,1
2732,Rahul Joshi,rahul.joshi2732@mailbox.com,9799796919,Ahmedabad,Gujarat,India,2024-05-18,Basic,Verified,Aggressive,Google Ads,1
2733,Varun Mehta,varun.mehta2733@mailbox.com,9172720438,Indore,Madhya Pradesh,India,2024-02-29,Basic,Verified,Aggressive,Social Media,0
2734,Rohan Iyer,rohan.iyer2734@mailbox.com,9871757768,Jaipur,Rajasthan,India,2023-04-07,Pro,Verified,Aggressive,Referral,1
2735,Anika Sharma,anika.sharma2735@mailbox.com,9521360433,Chennai,Tamil Nadu,India,2025-06-13,Basic,Verified,Moderate,YouTube,1
2736,Reyansh Rao,reyansh.rao2736@mailbox.com,9230349715,Chennai,Tamil Nadu,India,2024-03-08,Basic,Verified,Conservative,App Store,1
2737,Sanjay Kumar,sanjay.kumar2737@mailbox.com,9916027443,Ahmedabad,Gujarat,India,2024-05-15,Elite,Pending,Aggressive,Agent,1
2738,Kabir Pillai,kabir.pillai2738@mailbox.com,9231916712,Nagpur,Maharashtra,India,2024-03-05,Basic,Verified,Aggressive,Google Ads,1
2739,Zara Choudhary,zara.choudhary2739@mailbox.com,9897657159,Bengaluru,Karnataka,India,2024-06-13,Basic,Verified,Conservative,Referral,1
2740,Kavya Kapoor,kavya.kapoor2740@mailbox.com,9358023432,Bhopal,Madhya Pradesh,India,2024-11-21,Elite,Verified,Conservative,Social Media,0
2741,Kabir Kumar,kabir.kumar2741@mailbox.com,9633153884,Lucknow,Uttar Pradesh,India,2025-03-24,Basic,Pending,Moderate,YouTube,1
2742,Vihaan Bansal,vihaan.bansal2742@mailbox.com,9315283976,Kochi,Kerala,India,2024-08-08,Basic,Verified,Conservative,Google Ads,1
2743,Rahul Jain,rahul.jain2743@mailbox.com,9905946729,Kolkata,West Bengal,India,2023-06-26,Basic,Verified,Moderate,Referral,1
2744,Varun Reddy,varun.reddy2744@mailbox.com,9808178409,Delhi,Delhi,India,2025-07-20,Pro,Verified,Moderate,Website,1
2745,Kabir Kumar,kabir.kumar2745@mailbox.com,9552722357,Pune,Maharashtra,India,2023-10-31,Pro,Verified,Conservative,Website,1
2746,Aadhya Singh,aadhya.singh2746@mailbox.com,9410931709,Vadodara,Gujarat,India,2023-01-18,Pro,Verified,Aggressive,Referral,1
2747,Rohan Shah,rohan.shah2747@mailbox.com,9546008318,Pune,Maharashtra,India,2023-02-11,Elite,Verified,Conservative,App Store,0
2748,Manoj Singh,manoj.singh2748@mailbox.com,9946833497,Bhopal,Madhya Pradesh,India,2025-04-04,Basic,Verified,Conservative,Agent,1
2749,Aadhya Menon,aadhya.menon2749@mailbox.com,9124469273,Chandigarh,Chandigarh,India,2024-02-17,Premium,Pending,Aggressive,YouTube,1
2750,Yash Yadav,yash.yadav2750@mailbox.com,9840030983,Kolkata,West Bengal,India,2023-01-25,Basic,Verified,Conservative,Website,1
2751,Karan Desai,karan.desai2751@mailbox.com,9273556804,Indore,Madhya Pradesh,India,2025-05-14,Pro,Pending,Conservative,YouTube,1
2752,Vihaan Chopra,vihaan.chopra2752@mailbox.com,9371088180,Chennai,Tamil Nadu,India,2023-11-21,Elite,Rejected,Aggressive,Google Ads,1
2753,Vikram Reddy,vikram.reddy2753@mailbox.com,9492441169,Ahmedabad,Gujarat,India,2025-11-07,Basic,Verified,Aggressive,YouTube,1
2754,Priya Sharma,priya.sharma2754@mailbox.com,9288298600,Kolkata,West Bengal,India,2025-07-25,Pro,Verified,Conservative,Agent,1
2755,Aryan Kumar,aryan.kumar2755@mailbox.com,9948084549,Surat,Gujarat,India,2023-02-21,Premium,Verified,Conservative,YouTube,1
2756,Deepak Tiwari,deepak.tiwari2756@mailbox.com,9980608035,Kochi,Kerala,India,2025-01-05,Basic,Verified,Aggressive,YouTube,0
2757,Kiran Kumar,kiran.kumar2757@mailbox.com,9240129394,Kolkata,West Bengal,India,2024-10-04,Premium,Verified,Moderate,Referral,1
2758,Pooja Sharma,pooja.sharma2758@mailbox.com,9388132789,Kolkata,West Bengal,India,2023-07-03,Elite,Verified,Moderate,App Store,1
2759,Myra Shah,myra.shah2759@mailbox.com,9433670257,Chandigarh,Chandigarh,India,2024-01-01,Basic,Pending,Moderate,Agent,0
2760,Anika Chopra,anika.chopra2760@mailbox.com,9703961288,Lucknow,Uttar Pradesh,India,2024-06-06,Basic,Verified,Moderate,Website,1
2761,Reyansh Agarwal,reyansh.agarwal2761@mailbox.com,9637997907,Kanpur,Uttar Pradesh,India,2023-06-05,Elite,Verified,Aggressive,Website,1
2762,Anika Saxena,anika.saxena2762@mailbox.com,9710056935,Bhopal,Madhya Pradesh,India,2025-02-07,Basic,Verified,Conservative,Website,1
2763,Myra Nair,myra.nair2763@mailbox.com,9562626500,Bengaluru,Karnataka,India,2023-10-23,Basic,Verified,Conservative,App Store,1
2764,Vivaan Pandey,vivaan.pandey2764@mailbox.com,9289823989,Kochi,Kerala,India,2025-09-25,Premium,Verified,Aggressive,Website,1
2765,Rohan Kapoor,rohan.kapoor2765@mailbox.com,9305602700,Ahmedabad,Gujarat,India,2025-05-03,Premium,Verified,Conservative,Social Media,1
2766,Amit Saxena,amit.saxena2766@mailbox.com,9227311678,Surat,Gujarat,India,2024-11-06,Basic,Verified,Aggressive,App Store,1
2767,Myra Mishra,myra.mishra2767@mailbox.com,9128330958,Jaipur,Rajasthan,India,2023-05-08,Basic,Verified,Moderate,Agent,1
2768,Aryan Malhotra,aryan.malhotra2768@mailbox.com,9538314529,Patna,Bihar,India,2023-01-27,Pro,Verified,Conservative,App Store,1
2769,Zara Mehta,zara.mehta2769@mailbox.com,9762216009,Indore,Madhya Pradesh,India,2023-06-05,Premium,Rejected,Moderate,Google Ads,1
2770,Yash Yadav,yash.yadav2770@mailbox.com,9559836582,Hyderabad,Telangana,India,2024-06-16,Premium,Verified,Moderate,Referral,1
2771,Priya Reddy,priya.reddy2771@mailbox.com,9245208247,Hyderabad,Telangana,India,2025-04-12,Pro,Verified,Moderate,Agent,1
2772,Vivaan Verma,vivaan.verma2772@mailbox.com,9796030080,Kochi,Kerala,India,2023-06-12,Basic,Verified,Aggressive,App Store,1
2773,Rohan Menon,rohan.menon2773@mailbox.com,9443548467,Kanpur,Uttar Pradesh,India,2025-01-23,Pro,Verified,Conservative,Referral,1
2774,Meera Yadav,meera.yadav2774@mailbox.com,9738850098,Kolkata,West Bengal,India,2023-02-20,Pro,Verified,Conservative,Referral,1
2775,Amit Gupta,amit.gupta2775@mailbox.com,9281858267,Bengaluru,Karnataka,India,2023-10-10,Elite,Verified,Moderate,Referral,1
2776,Isha Jain,isha.jain2776@mailbox.com,9920837149,Bengaluru,Karnataka,India,2024-09-29,Basic,Verified,Moderate,YouTube,1
2777,Rahul Shah,rahul.shah2777@mailbox.com,9355205713,Coimbatore,Tamil Nadu,India,2025-06-01,Basic,Verified,Aggressive,Referral,1
2778,Nikhil Pandey,nikhil.pandey2778@mailbox.com,9973774504,Vadodara,Gujarat,India,2025-04-07,Premium,Verified,Aggressive,Referral,1
2779,Sara Chopra,sara.chopra2779@mailbox.com,9439530192,Ahmedabad,Gujarat,India,2024-07-21,Pro,Rejected,Aggressive,Referral,1
2780,Vivaan Rao,vivaan.rao2780@mailbox.com,9755066192,Chennai,Tamil Nadu,India,2023-02-08,Elite,Verified,Moderate,Referral,1
2781,Isha Nair,isha.nair2781@mailbox.com,9551851186,Jaipur,Rajasthan,India,2023-11-09,Basic,Verified,Moderate,YouTube,1
2782,Varun Kumar,varun.kumar2782@mailbox.com,9168860123,Bengaluru,Karnataka,India,2025-04-14,Premium,Verified,Aggressive,Google Ads,1
2783,Rajesh Jain,rajesh.jain2783@mailbox.com,9188444204,Kanpur,Uttar Pradesh,India,2023-03-28,Basic,Verified,Aggressive,App Store,1
2784,Anil Desai,anil.desai2784@mailbox.com,9464606477,Indore,Madhya Pradesh,India,2025-01-22,Premium,Verified,Conservative,Referral,1
2785,Nikhil Kapoor,nikhil.kapoor2785@mailbox.com,9273726994,Vadodara,Gujarat,India,2025-01-19,Pro,Verified,Moderate,App Store,1
2786,Arjun Nair,arjun.nair2786@mailbox.com,9647922132,Pune,Maharashtra,India,2025-03-11,Pro,Verified,Aggressive,Agent,1
2787,Diya Saxena,diya.saxena2787@mailbox.com,9224155975,Hyderabad,Telangana,India,2023-08-20,Basic,Verified,Conservative,YouTube,1
2788,Aditya Nair,aditya.nair2788@mailbox.com,9631175563,Bengaluru,Karnataka,India,2023-09-18,Elite,Verified,Aggressive,Agent,1
2789,Aarav Jain,aarav.jain2789@mailbox.com,9430354985,Ahmedabad,Gujarat,India,2023-07-31,Basic,Verified,Aggressive,Agent,1
2790,Anil Pandey,anil.pandey2790@mailbox.com,9624650255,Indore,Madhya Pradesh,India,2024-02-24,Premium,Verified,Conservative,Referral,1
2791,Varun Tiwari,varun.tiwari2791@mailbox.com,9459525585,Delhi,Delhi,India,2024-07-12,Premium,Verified,Moderate,Website,1
2792,Ishaan Pillai,ishaan.pillai2792@mailbox.com,9414712456,Patna,Bihar,India,2023-05-08,Premium,Rejected,Moderate,Referral,1
2793,Meera Trivedi,meera.trivedi2793@mailbox.com,9406203733,Lucknow,Uttar Pradesh,India,2024-08-27,Pro,Verified,Moderate,Agent,1
2794,Amit Joshi,amit.joshi2794@mailbox.com,9405034159,Patna,Bihar,India,2023-09-12,Premium,Verified,Moderate,Google Ads,1
2795,Aditya Verma,aditya.verma2795@mailbox.com,9463337509,Lucknow,Uttar Pradesh,India,2024-08-21,Basic,Verified,Aggressive,App Store,1
2796,Nikhil Chopra,nikhil.chopra2796@mailbox.com,9850606303,Hyderabad,Telangana,India,2023-11-19,Basic,Rejected,Aggressive,YouTube,1
2797,Deepak Mishra,deepak.mishra2797@mailbox.com,9620185520,Mumbai,Maharashtra,India,2025-10-13,Premium,Verified,Moderate,Referral,1
2798,Sanjay Kumar,sanjay.kumar2798@mailbox.com,9479739842,Nagpur,Maharashtra,India,2023-12-07,Premium,Verified,Conservative,Referral,0
2799,Meera Iyer,meera.iyer2799@mailbox.com,9774588267,Kanpur,Uttar Pradesh,India,2025-07-16,Premium,Verified,Aggressive,Website,0
2800,Sara Patel,sara.patel2800@mailbox.com,9574656357,Chandigarh,Chandigarh,India,2023-07-06,Basic,Verified,Moderate,Referral,1
2801,Suresh Chopra,suresh.chopra2801@mailbox.com,9954135187,Kochi,Kerala,India,2023-04-01,Basic,Verified,Aggressive,Agent,1
2802,Anika Kumar,anika.kumar2802@mailbox.com,9606585574,Hyderabad,Telangana,India,2023-07-20,Pro,Rejected,Aggressive,Social Media,1
2803,Aryan Trivedi,aryan.trivedi2803@mailbox.com,9294403273,Pune,Maharashtra,India,2024-03-22,Premium,Verified,Conservative,Agent,1
2804,Aditya Shah,aditya.shah2804@mailbox.com,9606697101,Chennai,Tamil Nadu,India,2025-08-18,Premium,Verified,Moderate,App Store,1
2805,Ishaan Trivedi,ishaan.trivedi2805@mailbox.com,9796236902,Bengaluru,Karnataka,India,2023-07-07,Premium,Verified,Conservative,Agent,1
2806,Yash Saxena,yash.saxena2806@mailbox.com,9281977646,Mumbai,Maharashtra,India,2025-04-14,Basic,Verified,Moderate,Referral,1
2807,Diya Rao,diya.rao2807@mailbox.com,9639508026,Delhi,Delhi,India,2025-01-12,Basic,Verified,Aggressive,Referral,1
2808,Isha Nair,isha.nair2808@mailbox.com,9896038030,Kanpur,Uttar Pradesh,India,2024-01-02,Basic,Verified,Moderate,YouTube,1
2809,Suresh Singh,suresh.singh2809@mailbox.com,9401161247,Hyderabad,Telangana,India,2023-12-25,Premium,Verified,Conservative,Social Media,1
2810,Kabir Bansal,kabir.bansal2810@mailbox.com,9556150929,Hyderabad,Telangana,India,2025-10-06,Basic,Verified,Aggressive,App Store,1
2811,Rahul Nair,rahul.nair2811@mailbox.com,9689518264,Bengaluru,Karnataka,India,2025-01-31,Basic,Verified,Conservative,Social Media,1
2812,Diya Choudhary,diya.choudhary2812@mailbox.com,9231127838,Bhopal,Madhya Pradesh,India,2023-09-12,Elite,Verified,Conservative,Google Ads,1
2813,Kabir Gupta,kabir.gupta2813@mailbox.com,9455683416,Indore,Madhya Pradesh,India,2025-08-29,Basic,Verified,Moderate,Social Media,1
2814,Yash Shah,yash.shah2814@mailbox.com,9899677656,Vadodara,Gujarat,India,2024-03-09,Premium,Pending,Aggressive,Google Ads,1
2815,Kabir Malhotra,kabir.malhotra2815@mailbox.com,9794838961,Bengaluru,Karnataka,India,2023-03-26,Basic,Verified,Aggressive,Website,1
2816,Vihaan Mishra,vihaan.mishra2816@mailbox.com,9121798308,Chennai,Tamil Nadu,India,2025-05-16,Basic,Rejected,Moderate,Google Ads,1
2817,Priya Nair,priya.nair2817@mailbox.com,9475526289,Lucknow,Uttar Pradesh,India,2025-07-14,Basic,Verified,Aggressive,Social Media,0
2818,Deepak Iyer,deepak.iyer2818@mailbox.com,9146048381,Indore,Madhya Pradesh,India,2024-04-16,Pro,Verified,Aggressive,YouTube,0
2819,Reyansh Choudhary,reyansh.choudhary2819@mailbox.com,9371216665,Bengaluru,Karnataka,India,2025-01-19,Premium,Verified,Moderate,Website,1
2820,Meera Shah,meera.shah2820@mailbox.com,9878411288,Chennai,Tamil Nadu,India,2023-09-07,Premium,Verified,Conservative,Website,1
2821,Amit Kumar,amit.kumar2821@mailbox.com,9449021830,Jaipur,Rajasthan,India,2025-06-24,Elite,Verified,Aggressive,Agent,1
2822,Anil Nair,anil.nair2822@mailbox.com,9251595881,Mumbai,Maharashtra,India,2024-01-28,Basic,Verified,Moderate,YouTube,0
2823,Reyansh Sharma,reyansh.sharma2823@mailbox.com,9749087444,Ahmedabad,Gujarat,India,2023-10-12,Premium,Verified,Conservative,YouTube,1
2824,Aryan Kapoor,aryan.kapoor2824@mailbox.com,9783126971,Patna,Bihar,India,2024-06-17,Basic,Pending,Aggressive,YouTube,1
2825,Neha Shah,neha.shah2825@mailbox.com,9689867018,Kanpur,Uttar Pradesh,India,2023-10-12,Premium,Verified,Moderate,Referral,1
2826,Anil Jain,anil.jain2826@mailbox.com,9828109855,Jaipur,Rajasthan,India,2024-10-22,Pro,Verified,Aggressive,Website,1
2827,Myra Mehta,myra.mehta2827@mailbox.com,9731883259,Lucknow,Uttar Pradesh,India,2025-03-07,Basic,Verified,Conservative,Agent,1
2828,Varun Bansal,varun.bansal2828@mailbox.com,9900099274,Coimbatore,Tamil Nadu,India,2024-03-07,Elite,Verified,Conservative,Social Media,1
2829,Pooja Iyer,pooja.iyer2829@mailbox.com,9391714451,Kanpur,Uttar Pradesh,India,2025-04-14,Premium,Verified,Moderate,App Store,1
2830,Reyansh Bansal,reyansh.bansal2830@mailbox.com,9606773189,Kanpur,Uttar Pradesh,India,2024-04-04,Basic,Verified,Moderate,Social Media,1
2831,Nikhil Patel,nikhil.patel2831@mailbox.com,9702569032,Coimbatore,Tamil Nadu,India,2025-10-30,Basic,Verified,Aggressive,Google Ads,1
2832,Suresh Joshi,suresh.joshi2832@mailbox.com,9528828090,Hyderabad,Telangana,India,2023-10-09,Premium,Verified,Conservative,Website,1
2833,Isha Chopra,isha.chopra2833@mailbox.com,9497357158,Delhi,Delhi,India,2025-01-20,Premium,Rejected,Aggressive,YouTube,1
2834,Amit Nair,amit.nair2834@mailbox.com,9248790533,Jaipur,Rajasthan,India,2024-07-24,Basic,Verified,Conservative,Website,1
2835,Sara Pandey,sara.pandey2835@mailbox.com,9674288269,Pune,Maharashtra,India,2025-10-01,Premium,Verified,Aggressive,Social Media,1
2836,Amit Iyer,amit.iyer2836@mailbox.com,9211271602,Chennai,Tamil Nadu,India,2023-08-22,Basic,Verified,Aggressive,Website,0
2837,Yash Bansal,yash.bansal2837@mailbox.com,9527341272,Bengaluru,Karnataka,India,2023-07-29,Elite,Verified,Moderate,Social Media,1
2838,Kiran Desai,kiran.desai2838@mailbox.com,9468084306,Kochi,Kerala,India,2025-07-12,Basic,Verified,Aggressive,Social Media,1
2839,Rohan Bhatt,rohan.bhatt2839@mailbox.com,9798997263,Indore,Madhya Pradesh,India,2025-08-17,Premium,Rejected,Moderate,Google Ads,0
2840,Yash Chopra,yash.chopra2840@mailbox.com,9528905479,Surat,Gujarat,India,2025-03-06,Pro,Verified,Moderate,Website,1
2841,Anika Kapoor,anika.kapoor2841@mailbox.com,9104734110,Bengaluru,Karnataka,India,2024-05-20,Premium,Verified,Conservative,Referral,0
2842,Meera Reddy,meera.reddy2842@mailbox.com,9555413654,Pune,Maharashtra,India,2024-03-12,Pro,Verified,Conservative,Google Ads,1
2843,Rajesh Jain,rajesh.jain2843@mailbox.com,9294139859,Indore,Madhya Pradesh,India,2024-12-10,Elite,Verified,Moderate,Agent,1
2844,Zara Mishra,zara.mishra2844@mailbox.com,9442038080,Kanpur,Uttar Pradesh,India,2025-03-06,Basic,Verified,Conservative,Social Media,1
2845,Riya Patel,riya.patel2845@mailbox.com,9366793862,Surat,Gujarat,India,2023-10-21,Basic,Verified,Conservative,Social Media,1
2846,Riya Agarwal,riya.agarwal2846@mailbox.com,9950855054,Surat,Gujarat,India,2023-01-08,Premium,Verified,Moderate,Social Media,1
2847,Deepak Mehta,deepak.mehta2847@mailbox.com,9845320205,Jaipur,Rajasthan,India,2023-03-20,Basic,Verified,Moderate,App Store,1
2848,Sara Pandey,sara.pandey2848@mailbox.com,9427916691,Patna,Bihar,India,2024-01-02,Premium,Verified,Conservative,Social Media,0
2849,Diya Verma,diya.verma2849@mailbox.com,9943562806,Kolkata,West Bengal,India,2024-12-27,Basic,Verified,Aggressive,Social Media,1
2850,Myra Reddy,myra.reddy2850@mailbox.com,9463880903,Delhi,Delhi,India,2024-04-13,Pro,Verified,Aggressive,Social Media,1
2851,Kabir Joshi,kabir.joshi2851@mailbox.com,9952107717,Coimbatore,Tamil Nadu,India,2024-10-20,Premium,Verified,Aggressive,App Store,1
2852,Sara Iyer,sara.iyer2852@mailbox.com,9506640054,Mumbai,Maharashtra,India,2024-05-15,Premium,Rejected,Conservative,Agent,1
2853,Arjun Rao,arjun.rao2853@mailbox.com,9112984529,Kolkata,West Bengal,India,2023-09-26,Basic,Pending,Aggressive,Website,1
2854,Vihaan Iyer,vihaan.iyer2854@mailbox.com,9881047350,Bengaluru,Karnataka,India,2025-03-08,Elite,Verified,Conservative,Agent,1
2855,Meera Trivedi,meera.trivedi2855@mailbox.com,9877636956,Chennai,Tamil Nadu,India,2025-02-09,Premium,Verified,Conservative,Social Media,1
2856,Vihaan Shah,vihaan.shah2856@mailbox.com,9966102277,Ahmedabad,Gujarat,India,2025-10-22,Pro,Rejected,Aggressive,Referral,1
2857,Sanjay Gupta,sanjay.gupta2857@mailbox.com,9211521121,Bengaluru,Karnataka,India,2025-05-29,Pro,Verified,Aggressive,Agent,1
2858,Suresh Kumar,suresh.kumar2858@mailbox.com,9859748174,Lucknow,Uttar Pradesh,India,2024-02-09,Basic,Pending,Conservative,Referral,1
2859,Meera Gupta,meera.gupta2859@mailbox.com,9857491086,Coimbatore,Tamil Nadu,India,2025-01-20,Basic,Verified,Moderate,Social Media,0
2860,Anika Pandey,anika.pandey2860@mailbox.com,9279113599,Bengaluru,Karnataka,India,2024-01-09,Basic,Verified,Moderate,App Store,1
2861,Kabir Desai,kabir.desai2861@mailbox.com,9434105294,Coimbatore,Tamil Nadu,India,2025-07-18,Premium,Verified,Aggressive,Google Ads,1
2862,Varun Nair,varun.nair2862@mailbox.com,9341810264,Jaipur,Rajasthan,India,2024-10-12,Premium,Pending,Moderate,App Store,1
2863,Anil Bhatt,anil.bhatt2863@mailbox.com,9374171476,Nagpur,Maharashtra,India,2025-06-07,Basic,Verified,Moderate,Referral,1
2864,Neha Menon,neha.menon2864@mailbox.com,9636444261,Jaipur,Rajasthan,India,2023-10-27,Elite,Verified,Conservative,Google Ads,1
2865,Vihaan Rao,vihaan.rao2865@mailbox.com,9471215303,Pune,Maharashtra,India,2023-01-16,Basic,Verified,Aggressive,Referral,0
2866,Vivaan Nair,vivaan.nair2866@mailbox.com,9690523671,Bengaluru,Karnataka,India,2023-05-31,Pro,Rejected,Moderate,Agent,1
2867,Isha Saxena,isha.saxena2867@mailbox.com,9706947710,Nagpur,Maharashtra,India,2024-07-19,Premium,Verified,Aggressive,Website,1
2868,Ishaan Verma,ishaan.verma2868@mailbox.com,9282434835,Coimbatore,Tamil Nadu,India,2025-10-21,Basic,Pending,Moderate,Agent,1
2869,Deepak Pillai,deepak.pillai2869@mailbox.com,9139533428,Kanpur,Uttar Pradesh,India,2024-10-29,Basic,Verified,Conservative,Agent,1
2870,Rohan Kapoor,rohan.kapoor2870@mailbox.com,9771653684,Nagpur,Maharashtra,India,2025-05-12,Premium,Verified,Aggressive,Google Ads,1
2871,Diya Gupta,diya.gupta2871@mailbox.com,9263431599,Indore,Madhya Pradesh,India,2024-05-14,Pro,Verified,Conservative,Website,0
2872,Aryan Rao,aryan.rao2872@mailbox.com,9279967197,Ahmedabad,Gujarat,India,2025-10-17,Basic,Verified,Conservative,YouTube,0
2873,Manoj Malhotra,manoj.malhotra2873@mailbox.com,9641213179,Bengaluru,Karnataka,India,2025-09-29,Premium,Verified,Moderate,Referral,1
2874,Rohan Agarwal,rohan.agarwal2874@mailbox.com,9336709581,Kanpur,Uttar Pradesh,India,2023-08-20,Premium,Verified,Moderate,Referral,1
2875,Sara Mehta,sara.mehta2875@mailbox.com,9376115983,Kochi,Kerala,India,2025-07-07,Basic,Verified,Aggressive,Social Media,1
2876,Rahul Desai,rahul.desai2876@mailbox.com,9570364471,Pune,Maharashtra,India,2023-01-19,Premium,Verified,Moderate,Agent,1
2877,Priya Chopra,priya.chopra2877@mailbox.com,9861392273,Kochi,Kerala,India,2024-09-23,Basic,Verified,Moderate,Google Ads,1
2878,Varun Kapoor,varun.kapoor2878@mailbox.com,9989812546,Kochi,Kerala,India,2024-04-10,Pro,Verified,Conservative,Social Media,1
2879,Deepak Bhatt,deepak.bhatt2879@mailbox.com,9758875506,Chennai,Tamil Nadu,India,2023-11-17,Premium,Verified,Moderate,Google Ads,1
2880,Aryan Gupta,aryan.gupta2880@mailbox.com,9908982335,Nagpur,Maharashtra,India,2025-09-21,Basic,Pending,Conservative,Website,0
2881,Vivaan Agarwal,vivaan.agarwal2881@mailbox.com,9577616891,Bhopal,Madhya Pradesh,India,2024-12-06,Pro,Verified,Conservative,Google Ads,1
2882,Karan Gupta,karan.gupta2882@mailbox.com,9467495697,Lucknow,Uttar Pradesh,India,2023-05-28,Basic,Verified,Conservative,Referral,1
2883,Sanjay Pandey,sanjay.pandey2883@mailbox.com,9837774367,Surat,Gujarat,India,2023-05-29,Elite,Verified,Moderate,Referral,1
2884,Vivaan Patel,vivaan.patel2884@mailbox.com,9372151624,Coimbatore,Tamil Nadu,India,2023-05-05,Premium,Verified,Conservative,App Store,1
2885,Myra Shah,myra.shah2885@mailbox.com,9831635421,Indore,Madhya Pradesh,India,2023-11-20,Basic,Verified,Conservative,Website,1
2886,Ishaan Patel,ishaan.patel2886@mailbox.com,9998377635,Chandigarh,Chandigarh,India,2023-03-15,Premium,Verified,Conservative,Google Ads,1
2887,Varun Joshi,varun.joshi2887@mailbox.com,9450849785,Chandigarh,Chandigarh,India,2023-10-09,Basic,Verified,Aggressive,Social Media,1
2888,Aditya Pillai,aditya.pillai2888@mailbox.com,9803293557,Chandigarh,Chandigarh,India,2025-03-25,Pro,Verified,Aggressive,Website,1
2889,Reyansh Shah,reyansh.shah2889@mailbox.com,9805153426,Kochi,Kerala,India,2025-07-19,Elite,Verified,Conservative,Agent,1
2890,Kabir Patel,kabir.patel2890@mailbox.com,9285618494,Chennai,Tamil Nadu,India,2025-04-17,Premium,Pending,Moderate,YouTube,0
2891,Reyansh Reddy,reyansh.reddy2891@mailbox.com,9966343296,Mumbai,Maharashtra,India,2024-06-12,Premium,Verified,Conservative,App Store,1
2892,Sanjay Mishra,sanjay.mishra2892@mailbox.com,9552905964,Hyderabad,Telangana,India,2025-01-10,Premium,Verified,Moderate,Website,1
2893,Myra Joshi,myra.joshi2893@mailbox.com,9137609740,Chennai,Tamil Nadu,India,2025-10-02,Basic,Verified,Moderate,Referral,1
2894,Nikhil Reddy,nikhil.reddy2894@mailbox.com,9206417557,Surat,Gujarat,India,2023-02-26,Basic,Verified,Conservative,Agent,1
2895,Ananya Trivedi,ananya.trivedi2895@mailbox.com,9754836778,Kanpur,Uttar Pradesh,India,2025-08-21,Pro,Verified,Moderate,Referral,0
2896,Amit Gupta,amit.gupta2896@mailbox.com,9484115036,Lucknow,Uttar Pradesh,India,2025-02-09,Basic,Verified,Conservative,App Store,1
2897,Priya Mishra,priya.mishra2897@mailbox.com,9197154605,Mumbai,Maharashtra,India,2024-02-16,Basic,Verified,Moderate,Agent,1
2898,Pooja Mishra,pooja.mishra2898@mailbox.com,9568329192,Surat,Gujarat,India,2024-04-22,Basic,Verified,Aggressive,Agent,1
2899,Suresh Jain,suresh.jain2899@mailbox.com,9639590411,Ahmedabad,Gujarat,India,2024-04-12,Elite,Verified,Conservative,Referral,1
2900,Rohan Mehta,rohan.mehta2900@mailbox.com,9171926521,Patna,Bihar,India,2023-06-18,Elite,Verified,Aggressive,Agent,1
2901,Rahul Singh,rahul.singh2901@mailbox.com,9415095629,Bengaluru,Karnataka,India,2023-09-03,Basic,Verified,Aggressive,Referral,1
2902,Manoj Chopra,manoj.chopra2902@mailbox.com,9802301175,Kolkata,West Bengal,India,2023-11-11,Basic,Verified,Aggressive,Referral,1
2903,Deepak Agarwal,deepak.agarwal2903@mailbox.com,9686503487,Delhi,Delhi,India,2023-01-07,Pro,Verified,Aggressive,Referral,1
2904,Neha Tiwari,neha.tiwari2904@mailbox.com,9178318244,Kolkata,West Bengal,India,2024-06-17,Basic,Verified,Conservative,Social Media,1
2905,Priya Pillai,priya.pillai2905@mailbox.com,9652679410,Coimbatore,Tamil Nadu,India,2024-05-22,Elite,Verified,Conservative,YouTube,1
2906,Deepak Tiwari,deepak.tiwari2906@mailbox.com,9912286283,Lucknow,Uttar Pradesh,India,2023-12-18,Pro,Verified,Conservative,App Store,1
2907,Neha Trivedi,neha.trivedi2907@mailbox.com,9148918498,Jaipur,Rajasthan,India,2023-07-07,Pro,Verified,Moderate,Website,1
2908,Varun Saxena,varun.saxena2908@mailbox.com,9660397013,Kolkata,West Bengal,India,2025-10-29,Basic,Verified,Aggressive,Google Ads,1
2909,Reyansh Singh,reyansh.singh2909@mailbox.com,9416220620,Kolkata,West Bengal,India,2024-12-23,Premium,Verified,Moderate,App Store,1
2910,Kavya Gupta,kavya.gupta2910@mailbox.com,9858417149,Surat,Gujarat,India,2024-05-20,Elite,Verified,Conservative,App Store,1
2911,Arjun Verma,arjun.verma2911@mailbox.com,9866673294,Vadodara,Gujarat,India,2025-02-08,Basic,Verified,Conservative,Google Ads,1
2912,Vihaan Menon,vihaan.menon2912@mailbox.com,9882780446,Bhopal,Madhya Pradesh,India,2024-02-01,Pro,Verified,Conservative,Agent,1
2913,Riya Reddy,riya.reddy2913@mailbox.com,9834626443,Bhopal,Madhya Pradesh,India,2023-08-18,Basic,Verified,Moderate,Agent,1
2914,Karan Yadav,karan.yadav2914@mailbox.com,9378651582,Lucknow,Uttar Pradesh,India,2024-12-17,Elite,Verified,Conservative,Agent,1
2915,Aadhya Singh,aadhya.singh2915@mailbox.com,9518770070,Delhi,Delhi,India,2025-03-31,Premium,Verified,Conservative,Google Ads,1
2916,Anika Tiwari,anika.tiwari2916@mailbox.com,9747002875,Bhopal,Madhya Pradesh,India,2024-11-23,Basic,Verified,Conservative,App Store,1
2917,Neha Choudhary,neha.choudhary2917@mailbox.com,9251537897,Chandigarh,Chandigarh,India,2024-08-26,Premium,Verified,Conservative,YouTube,1
2918,Varun Singh,varun.singh2918@mailbox.com,9619651532,Kanpur,Uttar Pradesh,India,2023-01-03,Basic,Verified,Aggressive,YouTube,1
2919,Anil Verma,anil.verma2919@mailbox.com,9577191208,Delhi,Delhi,India,2024-11-10,Basic,Verified,Conservative,Website,1
2920,Sara Bansal,sara.bansal2920@mailbox.com,9985080031,Bhopal,Madhya Pradesh,India,2024-10-20,Pro,Rejected,Aggressive,Agent,1
2921,Kavya Agarwal,kavya.agarwal2921@mailbox.com,9144746824,Coimbatore,Tamil Nadu,India,2024-03-15,Basic,Verified,Conservative,Agent,1
2922,Rajesh Joshi,rajesh.joshi2922@mailbox.com,9185179520,Chennai,Tamil Nadu,India,2023-09-17,Elite,Verified,Moderate,Website,1
2923,Arjun Nair,arjun.nair2923@mailbox.com,9127090727,Hyderabad,Telangana,India,2025-11-08,Basic,Verified,Conservative,Social Media,1
2924,Amit Singh,amit.singh2924@mailbox.com,9593092667,Bhopal,Madhya Pradesh,India,2024-02-04,Premium,Verified,Moderate,YouTube,1
2925,Aadhya Singh,aadhya.singh2925@mailbox.com,9595690109,Pune,Maharashtra,India,2023-10-17,Elite,Verified,Aggressive,Website,1
2926,Kabir Choudhary,kabir.choudhary2926@mailbox.com,9633283883,Bhopal,Madhya Pradesh,India,2025-01-22,Premium,Verified,Aggressive,YouTube,1
2927,Neha Yadav,neha.yadav2927@mailbox.com,9317889513,Bhopal,Madhya Pradesh,India,2024-05-28,Pro,Verified,Moderate,Google Ads,1
2928,Isha Mehta,isha.mehta2928@mailbox.com,9376901713,Kolkata,West Bengal,India,2024-08-16,Elite,Pending,Moderate,Google Ads,1
2929,Kabir Pandey,kabir.pandey2929@mailbox.com,9475175330,Mumbai,Maharashtra,India,2024-11-21,Premium,Verified,Moderate,Website,1
2930,Priya Agarwal,priya.agarwal2930@mailbox.com,9142257922,Nagpur,Maharashtra,India,2024-01-28,Pro,Verified,Aggressive,YouTube,1
2931,Ishaan Agarwal,ishaan.agarwal2931@mailbox.com,9777230281,Jaipur,Rajasthan,India,2023-06-12,Basic,Verified,Moderate,Website,1
2932,Priya Gupta,priya.gupta2932@mailbox.com,9146894081,Kochi,Kerala,India,2023-06-28,Basic,Verified,Moderate,Social Media,1
2933,Ishaan Chopra,ishaan.chopra2933@mailbox.com,9700206860,Ahmedabad,Gujarat,India,2025-09-27,Basic,Verified,Conservative,App Store,1
2934,Anika Kapoor,anika.kapoor2934@mailbox.com,9508256248,Chennai,Tamil Nadu,India,2024-06-22,Pro,Verified,Aggressive,Google Ads,1
2935,Manoj Desai,manoj.desai2935@mailbox.com,9998940431,Kochi,Kerala,India,2024-03-20,Premium,Verified,Moderate,Google Ads,1
2936,Karan Kumar,karan.kumar2936@mailbox.com,9723226409,Bhopal,Madhya Pradesh,India,2023-12-07,Premium,Verified,Conservative,Google Ads,1
2937,Rajesh Patel,rajesh.patel2937@mailbox.com,9527980538,Indore,Madhya Pradesh,India,2025-02-07,Elite,Verified,Conservative,Website,0
2938,Meera Chopra,meera.chopra2938@mailbox.com,9730158206,Vadodara,Gujarat,India,2025-08-30,Basic,Verified,Moderate,Website,1
2939,Nikhil Gupta,nikhil.gupta2939@mailbox.com,9205542775,Patna,Bihar,India,2025-03-29,Elite,Verified,Aggressive,Referral,1
2940,Ishaan Kumar,ishaan.kumar2940@mailbox.com,9262872864,Kochi,Kerala,India,2024-07-23,Basic,Verified,Aggressive,YouTube,1
2941,Meera Pillai,meera.pillai2941@mailbox.com,9872174925,Patna,Bihar,India,2024-05-21,Basic,Verified,Aggressive,Referral,1
2942,Varun Tiwari,varun.tiwari2942@mailbox.com,9838068291,Jaipur,Rajasthan,India,2025-07-11,Premium,Verified,Aggressive,Social Media,1
2943,Rajesh Menon,rajesh.menon2943@mailbox.com,9439446182,Delhi,Delhi,India,2025-06-30,Basic,Verified,Moderate,Social Media,1
2944,Kabir Kumar,kabir.kumar2944@mailbox.com,9355301977,Indore,Madhya Pradesh,India,2024-02-20,Premium,Verified,Aggressive,Website,1
2945,Manoj Yadav,manoj.yadav2945@mailbox.com,9967931110,Patna,Bihar,India,2025-10-23,Pro,Verified,Conservative,Google Ads,1
2946,Arjun Nair,arjun.nair2946@mailbox.com,9608883375,Vadodara,Gujarat,India,2025-05-31,Pro,Verified,Moderate,Referral,1
2947,Vikram Saxena,vikram.saxena2947@mailbox.com,9206343670,Surat,Gujarat,India,2025-06-20,Basic,Verified,Moderate,Website,1
2948,Zara Patel,zara.patel2948@mailbox.com,9852809227,Nagpur,Maharashtra,India,2023-03-02,Basic,Verified,Aggressive,Agent,1
2949,Amit Menon,amit.menon2949@mailbox.com,9908410946,Nagpur,Maharashtra,India,2023-05-19,Basic,Verified,Conservative,Referral,1
2950,Rahul Gupta,rahul.gupta2950@mailbox.com,9917504336,Bengaluru,Karnataka,India,2023-11-14,Premium,Verified,Conservative,App Store,1
2951,Vivaan Pillai,vivaan.pillai2951@mailbox.com,9106227858,Mumbai,Maharashtra,India,2025-03-21,Basic,Verified,Aggressive,Agent,1
2952,Rahul Reddy,rahul.reddy2952@mailbox.com,9840407972,Mumbai,Maharashtra,India,2023-03-25,Basic,Verified,Moderate,Website,1
2953,Varun Pandey,varun.pandey2953@mailbox.com,9200765116,Coimbatore,Tamil Nadu,India,2023-03-30,Pro,Verified,Moderate,Social Media,0
2954,Anika Verma,anika.verma2954@mailbox.com,9827957026,Patna,Bihar,India,2023-02-03,Elite,Verified,Conservative,Website,1
2955,Diya Desai,diya.desai2955@mailbox.com,9893345597,Kolkata,West Bengal,India,2023-07-24,Pro,Verified,Moderate,Agent,1
2956,Aryan Kumar,aryan.kumar2956@mailbox.com,9425179013,Jaipur,Rajasthan,India,2025-09-05,Basic,Verified,Moderate,App Store,1
2957,Vihaan Choudhary,vihaan.choudhary2957@mailbox.com,9742008795,Lucknow,Uttar Pradesh,India,2025-02-07,Premium,Verified,Moderate,Referral,1
2958,Zara Kapoor,zara.kapoor2958@mailbox.com,9161596685,Chennai,Tamil Nadu,India,2025-02-02,Basic,Verified,Aggressive,YouTube,1
2959,Rahul Yadav,rahul.yadav2959@mailbox.com,9621411908,Jaipur,Rajasthan,India,2023-11-08,Basic,Verified,Conservative,Referral,1
2960,Zara Desai,zara.desai2960@mailbox.com,9398412129,Pune,Maharashtra,India,2024-10-27,Basic,Verified,Aggressive,YouTube,1
2961,Nikhil Bansal,nikhil.bansal2961@mailbox.com,9482031217,Surat,Gujarat,India,2025-04-09,Elite,Verified,Moderate,Google Ads,1
2962,Aadhya Gupta,aadhya.gupta2962@mailbox.com,9843082437,Patna,Bihar,India,2024-07-21,Premium,Verified,Moderate,Social Media,1
2963,Yash Menon,yash.menon2963@mailbox.com,9993800525,Delhi,Delhi,India,2025-06-30,Basic,Verified,Aggressive,App Store,1
2964,Aditya Malhotra,aditya.malhotra2964@mailbox.com,9461969101,Lucknow,Uttar Pradesh,India,2024-08-29,Premium,Verified,Conservative,Agent,1
2965,Divya Verma,divya.verma2965@mailbox.com,9361409245,Vadodara,Gujarat,India,2023-12-12,Elite,Verified,Aggressive,Google Ads,0
2966,Vikram Menon,vikram.menon2966@mailbox.com,9850988323,Kochi,Kerala,India,2024-11-11,Basic,Verified,Moderate,Agent,1
2967,Karan Reddy,karan.reddy2967@mailbox.com,9471829619,Patna,Bihar,India,2025-10-01,Pro,Verified,Aggressive,App Store,1
2968,Karan Rao,karan.rao2968@mailbox.com,9279864475,Bhopal,Madhya Pradesh,India,2025-05-30,Basic,Verified,Conservative,App Store,1
2969,Meera Sharma,meera.sharma2969@mailbox.com,9912574932,Mumbai,Maharashtra,India,2024-06-14,Basic,Verified,Aggressive,Social Media,0
2970,Pooja Bansal,pooja.bansal2970@mailbox.com,9992564438,Vadodara,Gujarat,India,2024-09-27,Pro,Verified,Conservative,App Store,0
2971,Neha Reddy,neha.reddy2971@mailbox.com,9360107450,Bhopal,Madhya Pradesh,India,2025-11-05,Basic,Verified,Moderate,Referral,1
2972,Aditya Gupta,aditya.gupta2972@mailbox.com,9242197881,Kochi,Kerala,India,2025-03-08,Premium,Verified,Aggressive,Website,1
2973,Vikram Malhotra,vikram.malhotra2973@mailbox.com,9237413027,Coimbatore,Tamil Nadu,India,2024-06-19,Basic,Verified,Moderate,Social Media,0
2974,Aryan Reddy,aryan.reddy2974@mailbox.com,9638762881,Kolkata,West Bengal,India,2023-10-27,Premium,Verified,Moderate,Social Media,1
2975,Aarav Kumar,aarav.kumar2975@mailbox.com,9378999774,Mumbai,Maharashtra,India,2025-08-22,Premium,Verified,Conservative,App Store,1
2976,Riya Kapoor,riya.kapoor2976@mailbox.com,9660794251,Surat,Gujarat,India,2025-11-06,Pro,Pending,Conservative,Website,1
2977,Zara Verma,zara.verma2977@mailbox.com,9783380508,Lucknow,Uttar Pradesh,India,2023-03-17,Pro,Verified,Conservative,App Store,1
2978,Kiran Yadav,kiran.yadav2978@mailbox.com,9105129401,Mumbai,Maharashtra,India,2023-02-03,Premium,Verified,Aggressive,Website,1
2979,Diya Kapoor,diya.kapoor2979@mailbox.com,9873868607,Kolkata,West Bengal,India,2023-05-03,Basic,Verified,Conservative,Agent,1
2980,Zara Yadav,zara.yadav2980@mailbox.com,9126249395,Vadodara,Gujarat,India,2024-02-16,Basic,Verified,Conservative,Agent,1
2981,Meera Mishra,meera.mishra2981@mailbox.com,9203000488,Ahmedabad,Gujarat,India,2023-06-20,Premium,Verified,Moderate,Referral,1
2982,Aditya Yadav,aditya.yadav2982@mailbox.com,9752372736,Kolkata,West Bengal,India,2025-07-28,Premium,Verified,Moderate,Google Ads,1
2983,Manoj Iyer,manoj.iyer2983@mailbox.com,9659541412,Surat,Gujarat,India,2025-08-31,Basic,Verified,Aggressive,Agent,1
2984,Manoj Chopra,manoj.chopra2984@mailbox.com,9980614498,Surat,Gujarat,India,2023-07-12,Elite,Pending,Conservative,Google Ads,1
2985,Meera Saxena,meera.saxena2985@mailbox.com,9610558214,Pune,Maharashtra,India,2025-06-01,Basic,Verified,Conservative,Social Media,0
2986,Pooja Gupta,pooja.gupta2986@mailbox.com,9475413444,Chandigarh,Chandigarh,India,2023-05-31,Basic,Verified,Conservative,Google Ads,1
2987,Divya Jain,divya.jain2987@mailbox.com,9701918006,Nagpur,Maharashtra,India,2025-04-18,Pro,Verified,Conservative,App Store,1
2988,Suresh Joshi,suresh.joshi2988@mailbox.com,9703950733,Hyderabad,Telangana,India,2024-01-25,Premium,Rejected,Moderate,Referral,1
2989,Nikhil Sharma,nikhil.sharma2989@mailbox.com,9433532784,Pune,Maharashtra,India,2023-02-12,Premium,Verified,Conservative,Social Media,1
2990,Anika Rao,anika.rao2990@mailbox.com,9963520722,Chandigarh,Chandigarh,India,2024-04-01,Basic,Verified,Aggressive,Agent,1
2991,Riya Rao,riya.rao2991@mailbox.com,9371451752,Delhi,Delhi,India,2025-05-26,Basic,Verified,Aggressive,Agent,1
2992,Pooja Sharma,pooja.sharma2992@mailbox.com,9411876287,Mumbai,Maharashtra,India,2025-09-21,Premium,Verified,Moderate,Agent,1
2993,Kabir Choudhary,kabir.choudhary2993@mailbox.com,9349985535,Surat,Gujarat,India,2023-05-09,Basic,Pending,Conservative,Agent,1
2994,Deepak Gupta,deepak.gupta2994@mailbox.com,9369790229,Jaipur,Rajasthan,India,2025-06-09,Premium,Verified,Aggressive,Referral,1
2995,Rajesh Jain,rajesh.jain2995@mailbox.com,9291692891,Kolkata,West Bengal,India,2023-11-09,Basic,Verified,Aggressive,Referral,1
2996,Pooja Malhotra,pooja.malhotra2996@mailbox.com,9623102756,Lucknow,Uttar Pradesh,India,2024-05-09,Basic,Verified,Aggressive,Website,1
2997,Isha Saxena,isha.saxena2997@mailbox.com,9755885090,Hyderabad,Telangana,India,2023-04-26,Basic,Verified,Aggressive,Social Media,1
2998,Kavya Agarwal,kavya.agarwal2998@mailbox.com,9486476612,Ahmedabad,Gujarat,India,2025-11-02,Basic,Verified,Aggressive,Referral,1
2999,Anika Singh,anika.singh2999@mailbox.com,9930522000,Chennai,Tamil Nadu,India,2025-04-21,Basic,Verified,Aggressive,App Store,0
3000,Priya Patel,priya.patel3000@mailbox.com,9526378844,Nagpur,Maharashtra,India,2024-11-15,Pro,Verified,Aggressive,Social Media,1
3001,Suresh Desai,suresh.desai3001@mailbox.com,9520301190,Surat,Gujarat,India,2025-02-13,Premium,Rejected,Moderate,Social Media,1
3002,Priya Saxena,priya.saxena3002@mailbox.com,9162349293,Coimbatore,Tamil Nadu,India,2025-07-19,Basic,Pending,Aggressive,YouTube,1
3003,Varun Mehta,varun.mehta3003@mailbox.com,9913174434,Delhi,Delhi,India,2023-06-02,Premium,Pending,Conservative,Agent,1
3004,Yash Agarwal,yash.agarwal3004@mailbox.com,9233417958,Pune,Maharashtra,India,2023-09-20,Basic,Verified,Aggressive,Google Ads,1
3005,Meera Tiwari,meera.tiwari3005@mailbox.com,9247974210,Kolkata,West Bengal,India,2023-02-09,Basic,Verified,Moderate,App Store,1
3006,Myra Jain,myra.jain3006@mailbox.com,9941837441,Nagpur,Maharashtra,India,2024-06-04,Pro,Pending,Conservative,Agent,1
3007,Vikram Chopra,vikram.chopra3007@mailbox.com,9567584050,Kanpur,Uttar Pradesh,India,2024-06-10,Premium,Verified,Aggressive,Social Media,1
3008,Anika Rao,anika.rao3008@mailbox.com,9161462306,Kochi,Kerala,India,2023-02-01,Premium,Verified,Conservative,App Store,1
3009,Pooja Joshi,pooja.joshi3009@mailbox.com,9497623132,Coimbatore,Tamil Nadu,India,2024-12-05,Basic,Verified,Aggressive,Agent,1
3010,Manoj Iyer,manoj.iyer3010@mailbox.com,9631131032,Patna,Bihar,India,2023-01-10,Basic,Verified,Aggressive,Referral,1
3011,Myra Menon,myra.menon3011@mailbox.com,9779117525,Hyderabad,Telangana,India,2025-04-24,Pro,Verified,Conservative,Google Ads,1
3012,Rahul Patel,rahul.patel3012@mailbox.com,9701668261,Mumbai,Maharashtra,India,2025-01-21,Premium,Verified,Aggressive,Website,1
3013,Vivaan Verma,vivaan.verma3013@mailbox.com,9110677175,Kochi,Kerala,India,2025-05-18,Premium,Verified,Conservative,Agent,1
3014,Divya Kapoor,divya.kapoor3014@mailbox.com,9656612054,Coimbatore,Tamil Nadu,India,2023-05-06,Elite,Verified,Aggressive,Agent,1
3015,Zara Bhatt,zara.bhatt3015@mailbox.com,9300473332,Kolkata,West Bengal,India,2025-07-15,Basic,Verified,Aggressive,Google Ads,1
3016,Riya Kumar,riya.kumar3016@mailbox.com,9760977803,Mumbai,Maharashtra,India,2024-08-06,Pro,Verified,Moderate,Website,1
3017,Amit Chopra,amit.chopra3017@mailbox.com,9439364827,Surat,Gujarat,India,2025-07-08,Premium,Verified,Moderate,Social Media,1
3018,Rohan Kumar,rohan.kumar3018@mailbox.com,9281928358,Nagpur,Maharashtra,India,2025-01-11,Basic,Verified,Aggressive,YouTube,1
3019,Vikram Rao,vikram.rao3019@mailbox.com,9556135701,Kochi,Kerala,India,2024-11-30,Basic,Verified,Aggressive,Google Ads,1
3020,Divya Pillai,divya.pillai3020@mailbox.com,9498737731,Nagpur,Maharashtra,India,2023-02-04,Premium,Verified,Aggressive,Agent,1
3021,Kavya Mehta,kavya.mehta3021@mailbox.com,9407435764,Patna,Bihar,India,2025-01-06,Basic,Pending,Conservative,Referral,1
3022,Reyansh Rao,reyansh.rao3022@mailbox.com,9890588457,Patna,Bihar,India,2024-04-22,Premium,Verified,Moderate,Website,1
3023,Sara Yadav,sara.yadav3023@mailbox.com,9684099331,Mumbai,Maharashtra,India,2025-06-23,Premium,Verified,Conservative,Social Media,1
3024,Kabir Patel,kabir.patel3024@mailbox.com,9538666443,Bengaluru,Karnataka,India,2024-12-29,Premium,Verified,Conservative,Referral,1
3025,Myra Patel,myra.patel3025@mailbox.com,9303757765,Patna,Bihar,India,2023-03-21,Premium,Rejected,Conservative,Google Ads,1
3026,Pooja Pandey,pooja.pandey3026@mailbox.com,9611815297,Hyderabad,Telangana,India,2025-08-05,Premium,Verified,Moderate,Referral,1
3027,Arjun Iyer,arjun.iyer3027@mailbox.com,9122934642,Chennai,Tamil Nadu,India,2023-03-08,Premium,Verified,Aggressive,Website,1
3028,Divya Verma,divya.verma3028@mailbox.com,9101413945,Patna,Bihar,India,2023-11-15,Pro,Verified,Conservative,Website,1
3029,Rohan Chopra,rohan.chopra3029@mailbox.com,9728956495,Chennai,Tamil Nadu,India,2023-08-19,Basic,Verified,Conservative,Website,1
3030,Kiran Iyer,kiran.iyer3030@mailbox.com,9410960810,Bengaluru,Karnataka,India,2025-11-03,Elite,Verified,Conservative,Website,1
3031,Divya Rao,divya.rao3031@mailbox.com,9747196121,Mumbai,Maharashtra,India,2023-06-13,Basic,Rejected,Conservative,App Store,1
3032,Ananya Iyer,ananya.iyer3032@mailbox.com,9425496518,Lucknow,Uttar Pradesh,India,2025-06-18,Basic,Verified,Moderate,Referral,1
3033,Sanjay Desai,sanjay.desai3033@mailbox.com,9123536126,Indore,Madhya Pradesh,India,2023-08-25,Premium,Verified,Aggressive,Referral,1
3034,Arjun Rao,arjun.rao3034@mailbox.com,9953743704,Bhopal,Madhya Pradesh,India,2024-11-23,Basic,Verified,Conservative,Referral,1
3035,Vihaan Shah,vihaan.shah3035@mailbox.com,9789393416,Coimbatore,Tamil Nadu,India,2023-04-07,Basic,Verified,Aggressive,Referral,1
3036,Yash Malhotra,yash.malhotra3036@mailbox.com,9129588646,Surat,Gujarat,India,2024-02-22,Basic,Verified,Aggressive,Google Ads,1
3037,Manoj Tiwari,manoj.tiwari3037@mailbox.com,9577058553,Patna,Bihar,India,2024-10-25,Premium,Verified,Conservative,YouTube,1
3038,Ishaan Gupta,ishaan.gupta3038@mailbox.com,9960931306,Chennai,Tamil Nadu,India,2025-01-27,Premium,Verified,Moderate,App Store,1
3039,Diya Joshi,diya.joshi3039@mailbox.com,9109644963,Pune,Maharashtra,India,2025-07-18,Basic,Verified,Aggressive,Website,1
3040,Kabir Saxena,kabir.saxena3040@mailbox.com,9674861139,Pune,Maharashtra,India,2025-05-19,Premium,Verified,Aggressive,Social Media,1
3041,Sara Mishra,sara.mishra3041@mailbox.com,9415299006,Delhi,Delhi,India,2024-07-06,Basic,Verified,Conservative,Website,1
3042,Diya Reddy,diya.reddy3042@mailbox.com,9107325544,Vadodara,Gujarat,India,2023-11-20,Elite,Verified,Conservative,Agent,1
3043,Kavya Yadav,kavya.yadav3043@mailbox.com,9116518557,Chennai,Tamil Nadu,India,2023-10-06,Basic,Verified,Moderate,Website,1
3044,Amit Patel,amit.patel3044@mailbox.com,9668671905,Jaipur,Rajasthan,India,2025-11-23,Premium,Verified,Aggressive,Agent,1
3045,Kabir Chopra,kabir.chopra3045@mailbox.com,9671652956,Ahmedabad,Gujarat,India,2024-10-09,Premium,Verified,Aggressive,Google Ads,1
3046,Kiran Joshi,kiran.joshi3046@mailbox.com,9390149145,Mumbai,Maharashtra,India,2025-08-25,Premium,Verified,Moderate,YouTube,1
3047,Divya Chopra,divya.chopra3047@mailbox.com,9795582064,Coimbatore,Tamil Nadu,India,2024-04-06,Elite,Pending,Moderate,App Store,1
3048,Rajesh Pandey,rajesh.pandey3048@mailbox.com,9236115569,Chennai,Tamil Nadu,India,2024-06-01,Basic,Verified,Moderate,Website,1
3049,Ishaan Saxena,ishaan.saxena3049@mailbox.com,9269528847,Bengaluru,Karnataka,India,2025-05-29,Premium,Verified,Moderate,Google Ads,1
3050,Meera Bhatt,meera.bhatt3050@mailbox.com,9507109043,Pune,Maharashtra,India,2025-02-08,Basic,Verified,Moderate,Google Ads,1
3051,Anil Rao,anil.rao3051@mailbox.com,9744585085,Bengaluru,Karnataka,India,2023-08-02,Premium,Verified,Conservative,Agent,1
3052,Kabir Tiwari,kabir.tiwari3052@mailbox.com,9995611685,Vadodara,Gujarat,India,2024-07-12,Basic,Verified,Moderate,Website,1
3053,Rajesh Malhotra,rajesh.malhotra3053@mailbox.com,9662945799,Hyderabad,Telangana,India,2023-08-16,Basic,Verified,Moderate,Website,0
3054,Myra Desai,myra.desai3054@mailbox.com,9964352351,Pune,Maharashtra,India,2025-03-21,Basic,Verified,Moderate,Agent,1
3055,Suresh Choudhary,suresh.choudhary3055@mailbox.com,9687061795,Kolkata,West Bengal,India,2023-02-01,Basic,Verified,Aggressive,Google Ads,1
3056,Zara Desai,zara.desai3056@mailbox.com,9863098372,Mumbai,Maharashtra,India,2025-05-30,Elite,Verified,Aggressive,Website,1
3057,Manoj Pillai,manoj.pillai3057@mailbox.com,9702256600,Mumbai,Maharashtra,India,2025-09-16,Pro,Verified,Aggressive,Google Ads,1
3058,Reyansh Kapoor,reyansh.kapoor3058@mailbox.com,9977633611,Kanpur,Uttar Pradesh,India,2023-01-25,Basic,Pending,Aggressive,Social Media,1
3059,Sara Desai,sara.desai3059@mailbox.com,9763280566,Chennai,Tamil Nadu,India,2024-11-02,Premium,Verified,Moderate,Referral,0
3060,Ananya Pandey,ananya.pandey3060@mailbox.com,9408872476,Delhi,Delhi,India,2023-03-26,Premium,Verified,Conservative,Website,1
3061,Karan Bansal,karan.bansal3061@mailbox.com,9540469234,Kolkata,West Bengal,India,2024-01-19,Basic,Verified,Moderate,App Store,0
3062,Isha Nair,isha.nair3062@mailbox.com,9406329114,Kolkata,West Bengal,India,2023-12-25,Basic,Pending,Aggressive,App Store,1
3063,Sara Patel,sara.patel3063@mailbox.com,9714632179,Jaipur,Rajasthan,India,2024-07-07,Premium,Verified,Aggressive,App Store,1
3064,Reyansh Agarwal,reyansh.agarwal3064@mailbox.com,9533455999,Vadodara,Gujarat,India,2025-09-04,Basic,Verified,Moderate,Google Ads,1
3065,Meera Bhatt,meera.bhatt3065@mailbox.com,9360964472,Pune,Maharashtra,India,2024-05-06,Premium,Verified,Moderate,Website,1
3066,Sanjay Desai,sanjay.desai3066@mailbox.com,9541730866,Bhopal,Madhya Pradesh,India,2024-02-29,Basic,Verified,Conservative,Google Ads,1
3067,Anil Reddy,anil.reddy3067@mailbox.com,9787445525,Patna,Bihar,India,2023-04-09,Basic,Verified,Conservative,YouTube,1
3068,Meera Iyer,meera.iyer3068@mailbox.com,9468460651,Delhi,Delhi,India,2025-08-03,Premium,Verified,Conservative,Referral,1
3069,Reyansh Shah,reyansh.shah3069@mailbox.com,9732441916,Kanpur,Uttar Pradesh,India,2023-12-02,Premium,Verified,Conservative,Referral,1
3070,Aditya Singh,aditya.singh3070@mailbox.com,9766082191,Jaipur,Rajasthan,India,2024-05-07,Elite,Verified,Moderate,YouTube,1
3071,Aadhya Verma,aadhya.verma3071@mailbox.com,9595732760,Kanpur,Uttar Pradesh,India,2023-04-09,Basic,Verified,Conservative,Google Ads,1
3072,Zara Bansal,zara.bansal3072@mailbox.com,9706753200,Hyderabad,Telangana,India,2023-11-04,Premium,Rejected,Conservative,Google Ads,1
3073,Karan Desai,karan.desai3073@mailbox.com,9385890427,Lucknow,Uttar Pradesh,India,2024-08-12,Elite,Verified,Aggressive,Referral,1
3074,Suresh Joshi,suresh.joshi3074@mailbox.com,9706184580,Bengaluru,Karnataka,India,2025-08-17,Premium,Verified,Aggressive,App Store,1
3075,Vikram Shah,vikram.shah3075@mailbox.com,9737989419,Coimbatore,Tamil Nadu,India,2023-12-17,Elite,Verified,Aggressive,Website,1
3076,Divya Jain,divya.jain3076@mailbox.com,9192707232,Nagpur,Maharashtra,India,2024-08-20,Elite,Verified,Moderate,Agent,0
3077,Arjun Nair,arjun.nair3077@mailbox.com,9566579780,Mumbai,Maharashtra,India,2025-07-21,Pro,Verified,Moderate,Referral,0
3078,Manoj Bansal,manoj.bansal3078@mailbox.com,9739793521,Kanpur,Uttar Pradesh,India,2024-01-19,Elite,Verified,Aggressive,YouTube,1
3079,Rohan Verma,rohan.verma3079@mailbox.com,9278035017,Coimbatore,Tamil Nadu,India,2023-11-10,Premium,Verified,Moderate,App Store,1
3080,Anika Shah,anika.shah3080@mailbox.com,9808642907,Bhopal,Madhya Pradesh,India,2023-02-17,Premium,Verified,Conservative,Social Media,1
3081,Anika Mishra,anika.mishra3081@mailbox.com,9858523047,Kolkata,West Bengal,India,2025-08-24,Pro,Rejected,Aggressive,Agent,1
3082,Manoj Malhotra,manoj.malhotra3082@mailbox.com,9584852664,Kochi,Kerala,India,2023-04-29,Pro,Verified,Moderate,Referral,1
3083,Diya Nair,diya.nair3083@mailbox.com,9872049772,Hyderabad,Telangana,India,2023-08-18,Basic,Verified,Moderate,YouTube,0
3084,Karan Trivedi,karan.trivedi3084@mailbox.com,9519835658,Chennai,Tamil Nadu,India,2023-05-29,Basic,Verified,Conservative,Social Media,0
3085,Kavya Choudhary,kavya.choudhary3085@mailbox.com,9895891815,Hyderabad,Telangana,India,2025-01-23,Basic,Verified,Moderate,YouTube,1
3086,Myra Kumar,myra.kumar3086@mailbox.com,9939914879,Coimbatore,Tamil Nadu,India,2024-01-24,Pro,Verified,Moderate,Website,1
3087,Kabir Choudhary,kabir.choudhary3087@mailbox.com,9197326656,Bhopal,Madhya Pradesh,India,2025-01-20,Basic,Verified,Aggressive,Google Ads,1
3088,Kabir Pandey,kabir.pandey3088@mailbox.com,9998195082,Kanpur,Uttar Pradesh,India,2024-10-08,Basic,Verified,Moderate,Agent,1
3089,Karan Trivedi,karan.trivedi3089@mailbox.com,9104477164,Surat,Gujarat,India,2023-01-17,Premium,Verified,Moderate,App Store,1
3090,Riya Kapoor,riya.kapoor3090@mailbox.com,9537576320,Kolkata,West Bengal,India,2023-11-24,Basic,Verified,Aggressive,Google Ads,1
3091,Kavya Nair,kavya.nair3091@mailbox.com,9944172719,Delhi,Delhi,India,2023-01-05,Elite,Verified,Conservative,Agent,1
3092,Sara Rao,sara.rao3092@mailbox.com,9751919835,Chandigarh,Chandigarh,India,2023-03-11,Premium,Verified,Aggressive,YouTube,1
3093,Meera Desai,meera.desai3093@mailbox.com,9340095193,Vadodara,Gujarat,India,2024-05-18,Basic,Verified,Conservative,Referral,1
3094,Karan Rao,karan.rao3094@mailbox.com,9679411303,Mumbai,Maharashtra,India,2023-10-10,Basic,Verified,Conservative,Website,1
3095,Nikhil Agarwal,nikhil.agarwal3095@mailbox.com,9920467819,Delhi,Delhi,India,2023-04-05,Pro,Verified,Moderate,Website,0
3096,Rajesh Rao,rajesh.rao3096@mailbox.com,9965976032,Nagpur,Maharashtra,India,2024-03-11,Premium,Verified,Conservative,Agent,1
3097,Ishaan Agarwal,ishaan.agarwal3097@mailbox.com,9508019779,Mumbai,Maharashtra,India,2024-04-26,Premium,Verified,Conservative,YouTube,1
3098,Isha Bansal,isha.bansal3098@mailbox.com,9158279299,Bhopal,Madhya Pradesh,India,2025-11-22,Basic,Verified,Moderate,App Store,1
3099,Kabir Gupta,kabir.gupta3099@mailbox.com,9808484496,Coimbatore,Tamil Nadu,India,2024-12-05,Pro,Verified,Aggressive,Google Ads,1
3100,Ananya Saxena,ananya.saxena3100@mailbox.com,9143415891,Kolkata,West Bengal,India,2024-02-23,Pro,Verified,Conservative,YouTube,1
3101,Myra Malhotra,myra.malhotra3101@mailbox.com,9316710208,Kolkata,West Bengal,India,2024-05-19,Premium,Verified,Conservative,Social Media,1
3102,Reyansh Tiwari,reyansh.tiwari3102@mailbox.com,9805994848,Kochi,Kerala,India,2023-04-05,Basic,Verified,Aggressive,Social Media,1
3103,Aarav Patel,aarav.patel3103@mailbox.com,9457018400,Ahmedabad,Gujarat,India,2024-02-16,Elite,Verified,Aggressive,Referral,1
3104,Anika Choudhary,anika.choudhary3104@mailbox.com,9164950985,Chennai,Tamil Nadu,India,2024-09-10,Premium,Verified,Moderate,Referral,1
3105,Meera Patel,meera.patel3105@mailbox.com,9725987215,Delhi,Delhi,India,2023-01-23,Basic,Verified,Moderate,Google Ads,1
3106,Isha Iyer,isha.iyer3106@mailbox.com,9739789238,Chandigarh,Chandigarh,India,2025-09-06,Elite,Verified,Aggressive,Referral,1
3107,Deepak Kapoor,deepak.kapoor3107@mailbox.com,9893150641,Coimbatore,Tamil Nadu,India,2024-07-02,Pro,Verified,Conservative,App Store,1
3108,Myra Malhotra,myra.malhotra3108@mailbox.com,9523042643,Delhi,Delhi,India,2025-04-17,Premium,Verified,Aggressive,Referral,0
3109,Nikhil Desai,nikhil.desai3109@mailbox.com,9263533419,Chandigarh,Chandigarh,India,2023-10-21,Pro,Verified,Moderate,YouTube,1
3110,Karan Shah,karan.shah3110@mailbox.com,9939551324,Hyderabad,Telangana,India,2025-06-09,Basic,Verified,Moderate,Google Ads,1
3111,Amit Joshi,amit.joshi3111@mailbox.com,9321922474,Bengaluru,Karnataka,India,2024-01-26,Premium,Pending,Moderate,Agent,1
3112,Rajesh Jain,rajesh.jain3112@mailbox.com,9663502557,Ahmedabad,Gujarat,India,2025-09-15,Basic,Verified,Aggressive,App Store,1
3113,Aditya Patel,aditya.patel3113@mailbox.com,9180865038,Jaipur,Rajasthan,India,2024-07-10,Premium,Verified,Aggressive,Agent,1
3114,Varun Mehta,varun.mehta3114@mailbox.com,9140260727,Kochi,Kerala,India,2024-11-08,Basic,Verified,Aggressive,Google Ads,1
3115,Myra Joshi,myra.joshi3115@mailbox.com,9214096065,Surat,Gujarat,India,2023-08-06,Basic,Verified,Moderate,Website,1
3116,Zara Tiwari,zara.tiwari3116@mailbox.com,9948512054,Bengaluru,Karnataka,India,2025-11-25,Elite,Verified,Conservative,Social Media,1
3117,Pooja Singh,pooja.singh3117@mailbox.com,9289462130,Nagpur,Maharashtra,India,2023-07-25,Basic,Verified,Conservative,Agent,0
3118,Pooja Bansal,pooja.bansal3118@mailbox.com,9891614225,Kochi,Kerala,India,2023-02-05,Pro,Verified,Aggressive,Website,0
3119,Aarav Chopra,aarav.chopra3119@mailbox.com,9622210789,Surat,Gujarat,India,2024-04-13,Basic,Verified,Conservative,Social Media,1
3120,Deepak Shah,deepak.shah3120@mailbox.com,9179793708,Chennai,Tamil Nadu,India,2025-06-08,Basic,Verified,Moderate,Agent,1
3121,Neha Kapoor,neha.kapoor3121@mailbox.com,9531343284,Bengaluru,Karnataka,India,2025-09-08,Basic,Verified,Moderate,YouTube,0
3122,Aryan Yadav,aryan.yadav3122@mailbox.com,9340245560,Lucknow,Uttar Pradesh,India,2025-07-01,Basic,Verified,Aggressive,Website,1
3123,Riya Trivedi,riya.trivedi3123@mailbox.com,9643700255,Lucknow,Uttar Pradesh,India,2024-08-12,Premium,Verified,Moderate,Google Ads,1
3124,Neha Saxena,neha.saxena3124@mailbox.com,9875001201,Ahmedabad,Gujarat,India,2025-09-03,Basic,Verified,Aggressive,App Store,1
3125,Anika Trivedi,anika.trivedi3125@mailbox.com,9895359815,Bengaluru,Karnataka,India,2024-06-08,Premium,Verified,Moderate,Social Media,1
3126,Kiran Kumar,kiran.kumar3126@mailbox.com,9572632921,Bengaluru,Karnataka,India,2024-05-24,Premium,Verified,Aggressive,Social Media,1
3127,Anil Malhotra,anil.malhotra3127@mailbox.com,9904157400,Kanpur,Uttar Pradesh,India,2023-07-12,Basic,Verified,Conservative,Website,1
3128,Nikhil Menon,nikhil.menon3128@mailbox.com,9930798525,Coimbatore,Tamil Nadu,India,2025-04-18,Basic,Verified,Aggressive,Website,1
3129,Rahul Reddy,rahul.reddy3129@mailbox.com,9179224346,Nagpur,Maharashtra,India,2023-12-03,Basic,Verified,Aggressive,Google Ads,1
3130,Suresh Singh,suresh.singh3130@mailbox.com,9671468465,Jaipur,Rajasthan,India,2023-07-27,Basic,Verified,Aggressive,Agent,1
3131,Myra Kumar,myra.kumar3131@mailbox.com,9795953316,Coimbatore,Tamil Nadu,India,2024-01-29,Basic,Verified,Moderate,YouTube,1
3132,Riya Bhatt,riya.bhatt3132@mailbox.com,9114208836,Surat,Gujarat,India,2024-10-04,Premium,Verified,Conservative,Referral,1
3133,Rajesh Desai,rajesh.desai3133@mailbox.com,9643070510,Bhopal,Madhya Pradesh,India,2023-10-15,Premium,Verified,Moderate,YouTube,1
3134,Vihaan Mehta,vihaan.mehta3134@mailbox.com,9922128120,Nagpur,Maharashtra,India,2024-01-17,Pro,Verified,Aggressive,YouTube,1
3135,Meera Trivedi,meera.trivedi3135@mailbox.com,9341397102,Patna,Bihar,India,2023-12-18,Pro,Verified,Conservative,Referral,1
3136,Aarav Choudhary,aarav.choudhary3136@mailbox.com,9871717001,Kanpur,Uttar Pradesh,India,2024-09-26,Premium,Verified,Moderate,Agent,1
3137,Vikram Shah,vikram.shah3137@mailbox.com,9940503186,Indore,Madhya Pradesh,India,2025-01-30,Basic,Verified,Conservative,YouTube,1
3138,Zara Pandey,zara.pandey3138@mailbox.com,9671744099,Indore,Madhya Pradesh,India,2024-12-20,Basic,Verified,Aggressive,Agent,1
3139,Riya Mishra,riya.mishra3139@mailbox.com,9666547052,Patna,Bihar,India,2023-05-31,Premium,Rejected,Moderate,Referral,1
3140,Zara Patel,zara.patel3140@mailbox.com,9581296199,Kochi,Kerala,India,2024-01-05,Basic,Verified,Aggressive,Website,1
3141,Zara Bhatt,zara.bhatt3141@mailbox.com,9468118892,Kolkata,West Bengal,India,2024-11-21,Basic,Verified,Conservative,Website,1
3142,Aadhya Bansal,aadhya.bansal3142@mailbox.com,9507633465,Surat,Gujarat,India,2023-08-19,Elite,Rejected,Conservative,Referral,1
3143,Riya Chopra,riya.chopra3143@mailbox.com,9570147732,Mumbai,Maharashtra,India,2023-03-15,Basic,Verified,Aggressive,Website,1
3144,Sanjay Desai,sanjay.desai3144@mailbox.com,9533957360,Kanpur,Uttar Pradesh,India,2023-12-09,Basic,Verified,Moderate,YouTube,1
3145,Rajesh Pillai,rajesh.pillai3145@mailbox.com,9843448775,Kochi,Kerala,India,2024-12-23,Elite,Verified,Conservative,App Store,1
3146,Sanjay Chopra,sanjay.chopra3146@mailbox.com,9792298575,Indore,Madhya Pradesh,India,2024-12-08,Basic,Verified,Aggressive,YouTube,1
3147,Pooja Yadav,pooja.yadav3147@mailbox.com,9412833048,Kolkata,West Bengal,India,2023-05-19,Basic,Pending,Moderate,Referral,1
3148,Anil Patel,anil.patel3148@mailbox.com,9561827441,Indore,Madhya Pradesh,India,2024-12-21,Basic,Verified,Aggressive,Agent,1
3149,Aryan Gupta,aryan.gupta3149@mailbox.com,9258422228,Ahmedabad,Gujarat,India,2023-07-27,Basic,Verified,Moderate,App Store,1
3150,Arjun Sharma,arjun.sharma3150@mailbox.com,9431962479,Jaipur,Rajasthan,India,2025-02-28,Elite,Verified,Aggressive,YouTube,1
3151,Meera Shah,meera.shah3151@mailbox.com,9152359810,Chennai,Tamil Nadu,India,2024-08-26,Premium,Verified,Moderate,Social Media,0
3152,Karan Chopra,karan.chopra3152@mailbox.com,9869132238,Indore,Madhya Pradesh,India,2023-05-15,Premium,Verified,Moderate,YouTube,1
3153,Kabir Malhotra,kabir.malhotra3153@mailbox.com,9213567648,Hyderabad,Telangana,India,2024-01-08,Basic,Verified,Moderate,Referral,1
3154,Suresh Desai,suresh.desai3154@mailbox.com,9393895167,Jaipur,Rajasthan,India,2025-05-21,Basic,Verified,Conservative,Agent,1
3155,Aditya Malhotra,aditya.malhotra3155@mailbox.com,9326296997,Coimbatore,Tamil Nadu,India,2024-04-05,Premium,Verified,Aggressive,Website,0
3156,Anil Menon,anil.menon3156@mailbox.com,9286149338,Patna,Bihar,India,2025-01-02,Basic,Verified,Moderate,Google Ads,1
3157,Rajesh Verma,rajesh.verma3157@mailbox.com,9430960708,Jaipur,Rajasthan,India,2025-03-07,Basic,Pending,Conservative,Google Ads,1
3158,Aryan Kumar,aryan.kumar3158@mailbox.com,9747333602,Vadodara,Gujarat,India,2023-02-02,Premium,Verified,Moderate,Social Media,1
3159,Priya Pandey,priya.pandey3159@mailbox.com,9903174409,Mumbai,Maharashtra,India,2025-09-19,Pro,Verified,Moderate,Social Media,1
3160,Deepak Malhotra,deepak.malhotra3160@mailbox.com,9269859235,Vadodara,Gujarat,India,2023-12-24,Pro,Verified,Aggressive,Website,1
3161,Arjun Patel,arjun.patel3161@mailbox.com,9315178508,Ahmedabad,Gujarat,India,2025-04-24,Pro,Verified,Moderate,Agent,1
3162,Kiran Bansal,kiran.bansal3162@mailbox.com,9387638701,Chandigarh,Chandigarh,India,2024-05-12,Premium,Verified,Moderate,Agent,1
3163,Ishaan Agarwal,ishaan.agarwal3163@mailbox.com,9819993851,Coimbatore,Tamil Nadu,India,2024-09-06,Pro,Verified,Conservative,App Store,0
3164,Isha Mehta,isha.mehta3164@mailbox.com,9300713085,Indore,Madhya Pradesh,India,2024-01-20,Pro,Verified,Moderate,Social Media,1
3165,Reyansh Mehta,reyansh.mehta3165@mailbox.com,9462163802,Indore,Madhya Pradesh,India,2025-06-27,Basic,Verified,Conservative,Google Ads,0
3166,Aadhya Saxena,aadhya.saxena3166@mailbox.com,9591167636,Bhopal,Madhya Pradesh,India,2023-05-06,Basic,Verified,Moderate,Social Media,1
3167,Divya Singh,divya.singh3167@mailbox.com,9443355244,Chennai,Tamil Nadu,India,2025-08-12,Basic,Verified,Aggressive,Social Media,1
3168,Ananya Joshi,ananya.joshi3168@mailbox.com,9655378025,Hyderabad,Telangana,India,2023-08-09,Elite,Verified,Aggressive,YouTube,1
3169,Manoj Kapoor,manoj.kapoor3169@mailbox.com,9819552133,Pune,Maharashtra,India,2025-07-29,Pro,Verified,Conservative,Referral,1
3170,Neha Iyer,neha.iyer3170@mailbox.com,9511153289,Lucknow,Uttar Pradesh,India,2023-01-27,Pro,Verified,Moderate,Social Media,1
3171,Pooja Mishra,pooja.mishra3171@mailbox.com,9983597271,Bhopal,Madhya Pradesh,India,2023-01-15,Basic,Verified,Aggressive,Social Media,1
3172,Varun Pandey,varun.pandey3172@mailbox.com,9995840214,Kolkata,West Bengal,India,2023-04-10,Elite,Verified,Conservative,App Store,0
3173,Anika Mehta,anika.mehta3173@mailbox.com,9853656389,Nagpur,Maharashtra,India,2024-08-06,Basic,Verified,Moderate,App Store,1
3174,Kavya Iyer,kavya.iyer3174@mailbox.com,9908853325,Mumbai,Maharashtra,India,2023-10-11,Basic,Verified,Moderate,Website,1
3175,Aryan Sharma,aryan.sharma3175@mailbox.com,9824766529,Mumbai,Maharashtra,India,2024-09-28,Premium,Pending,Conservative,Referral,1
3176,Sanjay Pillai,sanjay.pillai3176@mailbox.com,9429447498,Vadodara,Gujarat,India,2025-05-23,Pro,Verified,Moderate,Referral,1
3177,Neha Kumar,neha.kumar3177@mailbox.com,9753398053,Kochi,Kerala,India,2023-01-29,Pro,Verified,Conservative,YouTube,1
3178,Diya Gupta,diya.gupta3178@mailbox.com,9621805154,Kochi,Kerala,India,2024-07-14,Basic,Verified,Conservative,Google Ads,0
3179,Rohan Choudhary,rohan.choudhary3179@mailbox.com,9848325159,Pune,Maharashtra,India,2025-02-26,Basic,Verified,Conservative,YouTube,1
3180,Ishaan Patel,ishaan.patel3180@mailbox.com,9416325176,Kanpur,Uttar Pradesh,India,2024-03-28,Premium,Verified,Aggressive,Website,1
3181,Rohan Kapoor,rohan.kapoor3181@mailbox.com,9768355844,Surat,Gujarat,India,2025-09-12,Basic,Verified,Aggressive,Google Ads,1
3182,Kabir Singh,kabir.singh3182@mailbox.com,9805920260,Kolkata,West Bengal,India,2024-12-06,Pro,Verified,Conservative,YouTube,1
3183,Divya Trivedi,divya.trivedi3183@mailbox.com,9850476874,Bhopal,Madhya Pradesh,India,2023-02-06,Basic,Verified,Conservative,Website,1
3184,Aditya Trivedi,aditya.trivedi3184@mailbox.com,9254648024,Surat,Gujarat,India,2024-07-30,Basic,Verified,Moderate,Referral,1
3185,Pooja Menon,pooja.menon3185@mailbox.com,9877372915,Jaipur,Rajasthan,India,2024-02-13,Basic,Verified,Conservative,Social Media,1
3186,Varun Jain,varun.jain3186@mailbox.com,9295004542,Jaipur,Rajasthan,India,2023-05-21,Premium,Verified,Moderate,Referral,1
3187,Rajesh Malhotra,rajesh.malhotra3187@mailbox.com,9943374865,Pune,Maharashtra,India,2025-10-09,Pro,Verified,Moderate,Agent,1
3188,Aadhya Patel,aadhya.patel3188@mailbox.com,9134824663,Chandigarh,Chandigarh,India,2023-08-26,Basic,Pending,Moderate,Social Media,0
3189,Aditya Kumar,aditya.kumar3189@mailbox.com,9301240748,Vadodara,Gujarat,India,2023-03-30,Basic,Verified,Moderate,App Store,1
3190,Anil Reddy,anil.reddy3190@mailbox.com,9648045705,Vadodara,Gujarat,India,2023-08-25,Elite,Pending,Moderate,Website,1
3191,Aarav Reddy,aarav.reddy3191@mailbox.com,9589019633,Patna,Bihar,India,2025-05-26,Premium,Verified,Conservative,Agent,1
3192,Sneha Joshi,sneha.joshi3192@mailbox.com,9463206923,Pune,Maharashtra,India,2024-09-30,Basic,Pending,Aggressive,Referral,1
3193,Priya Reddy,priya.reddy3193@mailbox.com,9103026057,Patna,Bihar,India,2025-05-23,Basic,Pending,Aggressive,YouTube,1
3194,Kabir Menon,kabir.menon3194@mailbox.com,9655912831,Chennai,Tamil Nadu,India,2024-05-06,Elite,Verified,Conservative,Referral,1
3195,Divya Kumar,divya.kumar3195@mailbox.com,9559707186,Kochi,Kerala,India,2023-05-05,Premium,Verified,Moderate,Google Ads,1
3196,Kabir Pillai,kabir.pillai3196@mailbox.com,9557805400,Kolkata,West Bengal,India,2024-02-17,Basic,Verified,Conservative,Website,1
3197,Karan Agarwal,karan.agarwal3197@mailbox.com,9901466904,Jaipur,Rajasthan,India,2023-08-01,Basic,Verified,Moderate,App Store,1
3198,Manoj Choudhary,manoj.choudhary3198@mailbox.com,9813142702,Delhi,Delhi,India,2024-08-15,Basic,Verified,Aggressive,YouTube,1
3199,Aryan Nair,aryan.nair3199@mailbox.com,9263095034,Delhi,Delhi,India,2023-10-14,Basic,Verified,Moderate,Website,1
3200,Ananya Pandey,ananya.pandey3200@mailbox.com,9135001671,Ahmedabad,Gujarat,India,2025-10-30,Basic,Verified,Aggressive,Referral,1
3201,Nikhil Malhotra,nikhil.malhotra3201@mailbox.com,9263224624,Nagpur,Maharashtra,India,2024-02-06,Basic,Verified,Moderate,App Store,1
3202,Nikhil Mehta,nikhil.mehta3202@mailbox.com,9143709119,Mumbai,Maharashtra,India,2023-12-01,Basic,Rejected,Conservative,Website,1
3203,Rajesh Menon,rajesh.menon3203@mailbox.com,9516687557,Chandigarh,Chandigarh,India,2025-11-14,Basic,Verified,Aggressive,Website,1
3204,Reyansh Desai,reyansh.desai3204@mailbox.com,9632474968,Bengaluru,Karnataka,India,2024-07-08,Premium,Verified,Conservative,Agent,1
3205,Diya Malhotra,diya.malhotra3205@mailbox.com,9827508187,Vadodara,Gujarat,India,2023-07-01,Premium,Verified,Moderate,Google Ads,1
3206,Sneha Iyer,sneha.iyer3206@mailbox.com,9847981019,Kolkata,West Bengal,India,2024-05-26,Pro,Verified,Aggressive,Google Ads,1
3207,Aryan Kapoor,aryan.kapoor3207@mailbox.com,9633040199,Ahmedabad,Gujarat,India,2023-09-29,Basic,Verified,Aggressive,Referral,1
3208,Manoj Joshi,manoj.joshi3208@mailbox.com,9619228042,Hyderabad,Telangana,India,2025-02-02,Pro,Pending,Conservative,Agent,1
3209,Aadhya Joshi,aadhya.joshi3209@mailbox.com,9954433744,Chandigarh,Chandigarh,India,2024-09-02,Pro,Rejected,Aggressive,YouTube,1
3210,Karan Pandey,karan.pandey3210@mailbox.com,9785353213,Bhopal,Madhya Pradesh,India,2025-02-16,Elite,Verified,Aggressive,Referral,1
3211,Yash Choudhary,yash.choudhary3211@mailbox.com,9382946177,Delhi,Delhi,India,2025-09-28,Basic,Verified,Aggressive,App Store,1
3212,Diya Gupta,diya.gupta3212@mailbox.com,9898248015,Bengaluru,Karnataka,India,2025-02-15,Basic,Verified,Aggressive,App Store,1
3213,Kavya Tiwari,kavya.tiwari3213@mailbox.com,9458129265,Indore,Madhya Pradesh,India,2023-12-29,Premium,Verified,Conservative,Social Media,0
3214,Yash Saxena,yash.saxena3214@mailbox.com,9781960376,Kochi,Kerala,India,2023-08-03,Basic,Verified,Conservative,App Store,1
3215,Sanjay Verma,sanjay.verma3215@mailbox.com,9979907198,Bengaluru,Karnataka,India,2024-07-17,Basic,Verified,Moderate,Agent,1
3216,Ananya Saxena,ananya.saxena3216@mailbox.com,9828038926,Chennai,Tamil Nadu,India,2024-04-23,Basic,Verified,Conservative,App Store,1
3217,Aarav Menon,aarav.menon3217@mailbox.com,9196771818,Kanpur,Uttar Pradesh,India,2023-11-30,Premium,Verified,Conservative,Referral,1
3218,Anika Pandey,anika.pandey3218@mailbox.com,9285131660,Bengaluru,Karnataka,India,2025-05-13,Pro,Verified,Aggressive,Agent,1
3219,Aryan Kapoor,aryan.kapoor3219@mailbox.com,9211012461,Pune,Maharashtra,India,2025-08-26,Basic,Verified,Aggressive,Social Media,1
3220,Anika Nair,anika.nair3220@mailbox.com,9332280819,Mumbai,Maharashtra,India,2024-02-11,Elite,Verified,Conservative,Website,1
3221,Sneha Joshi,sneha.joshi3221@mailbox.com,9537861923,Lucknow,Uttar Pradesh,India,2024-12-26,Pro,Verified,Moderate,Referral,1
3222,Ananya Joshi,ananya.joshi3222@mailbox.com,9215574045,Bhopal,Madhya Pradesh,India,2025-11-14,Basic,Verified,Moderate,Agent,1
3223,Suresh Pillai,suresh.pillai3223@mailbox.com,9238062103,Jaipur,Rajasthan,India,2023-01-13,Basic,Verified,Conservative,Referral,1
3224,Suresh Shah,suresh.shah3224@mailbox.com,9404992484,Kolkata,West Bengal,India,2024-01-24,Basic,Verified,Conservative,Agent,1
3225,Neha Mishra,neha.mishra3225@mailbox.com,9638975532,Jaipur,Rajasthan,India,2025-02-24,Pro,Verified,Moderate,YouTube,1
3226,Rajesh Bhatt,rajesh.bhatt3226@mailbox.com,9589989280,Kanpur,Uttar Pradesh,India,2024-06-14,Premium,Pending,Moderate,Referral,1
3227,Vikram Pillai,vikram.pillai3227@mailbox.com,9818352971,Hyderabad,Telangana,India,2025-04-23,Premium,Verified,Aggressive,Google Ads,1
3228,Sara Nair,sara.nair3228@mailbox.com,9982671617,Bengaluru,Karnataka,India,2024-05-20,Premium,Verified,Aggressive,YouTube,0
3229,Divya Agarwal,divya.agarwal3229@mailbox.com,9129738071,Hyderabad,Telangana,India,2023-03-10,Basic,Verified,Conservative,Website,0
3230,Anil Bhatt,anil.bhatt3230@mailbox.com,9247395453,Vadodara,Gujarat,India,2024-04-06,Elite,Verified,Moderate,YouTube,1
3231,Anil Joshi,anil.joshi3231@mailbox.com,9408349342,Bhopal,Madhya Pradesh,India,2024-03-06,Pro,Verified,Moderate,Referral,1
3232,Rohan Mehta,rohan.mehta3232@mailbox.com,9730666336,Bengaluru,Karnataka,India,2025-06-19,Premium,Verified,Conservative,Referral,1
3233,Sneha Mishra,sneha.mishra3233@mailbox.com,9330219068,Pune,Maharashtra,India,2023-06-06,Premium,Verified,Aggressive,App Store,1
3234,Aarav Menon,aarav.menon3234@mailbox.com,9905130878,Jaipur,Rajasthan,India,2023-06-15,Basic,Verified,Moderate,Agent,0
3235,Sanjay Agarwal,sanjay.agarwal3235@mailbox.com,9444897900,Hyderabad,Telangana,India,2023-05-31,Basic,Verified,Aggressive,Agent,1
3236,Sanjay Jain,sanjay.jain3236@mailbox.com,9833570635,Kochi,Kerala,India,2024-08-27,Basic,Verified,Moderate,Agent,1
3237,Myra Tiwari,myra.tiwari3237@mailbox.com,9956681468,Coimbatore,Tamil Nadu,India,2025-11-26,Premium,Verified,Moderate,Referral,1
3238,Aryan Joshi,aryan.joshi3238@mailbox.com,9559577336,Chennai,Tamil Nadu,India,2024-10-20,Pro,Verified,Conservative,Social Media,1
3239,Kiran Nair,kiran.nair3239@mailbox.com,9191085514,Mumbai,Maharashtra,India,2025-05-19,Elite,Verified,Moderate,Social Media,1
3240,Vivaan Kapoor,vivaan.kapoor3240@mailbox.com,9731268777,Kolkata,West Bengal,India,2025-06-25,Basic,Verified,Aggressive,App Store,1
3241,Rohan Saxena,rohan.saxena3241@mailbox.com,9480953897,Nagpur,Maharashtra,India,2024-10-01,Basic,Pending,Moderate,App Store,1
3242,Rohan Tiwari,rohan.tiwari3242@mailbox.com,9511382233,Chandigarh,Chandigarh,India,2024-10-10,Basic,Verified,Moderate,Referral,1
3243,Kiran Iyer,kiran.iyer3243@mailbox.com,9369811951,Pune,Maharashtra,India,2023-09-16,Elite,Verified,Conservative,Social Media,1
3244,Rahul Bhatt,rahul.bhatt3244@mailbox.com,9352307846,Kolkata,West Bengal,India,2025-10-19,Pro,Verified,Conservative,YouTube,0
3245,Divya Menon,divya.menon3245@mailbox.com,9990684643,Chennai,Tamil Nadu,India,2025-04-19,Premium,Verified,Aggressive,YouTube,1
3246,Manoj Mishra,manoj.mishra3246@mailbox.com,9350655901,Mumbai,Maharashtra,India,2025-07-17,Premium,Verified,Aggressive,Agent,1
3247,Rajesh Chopra,rajesh.chopra3247@mailbox.com,9743276944,Mumbai,Maharashtra,India,2025-11-13,Premium,Verified,Moderate,YouTube,1
3248,Vihaan Bansal,vihaan.bansal3248@mailbox.com,9298846945,Jaipur,Rajasthan,India,2024-01-07,Basic,Verified,Moderate,Agent,1
3249,Reyansh Chopra,reyansh.chopra3249@mailbox.com,9656059457,Indore,Madhya Pradesh,India,2023-06-03,Basic,Verified,Aggressive,Social Media,1
3250,Sara Yadav,sara.yadav3250@mailbox.com,9905967618,Mumbai,Maharashtra,India,2025-07-04,Basic,Verified,Conservative,YouTube,1
3251,Kavya Pillai,kavya.pillai3251@mailbox.com,9831548816,Chennai,Tamil Nadu,India,2024-05-18,Basic,Verified,Moderate,YouTube,1
3252,Divya Kumar,divya.kumar3252@mailbox.com,9125709803,Coimbatore,Tamil Nadu,India,2025-10-17,Premium,Verified,Conservative,Google Ads,1
3253,Ishaan Verma,ishaan.verma3253@mailbox.com,9464565899,Vadodara,Gujarat,India,2025-01-09,Basic,Verified,Conservative,Google Ads,0
3254,Myra Nair,myra.nair3254@mailbox.com,9646039923,Indore,Madhya Pradesh,India,2023-10-01,Premium,Verified,Moderate,YouTube,1
3255,Karan Shah,karan.shah3255@mailbox.com,9392633203,Kanpur,Uttar Pradesh,India,2024-01-13,Premium,Pending,Aggressive,App Store,1
3256,Kabir Kapoor,kabir.kapoor3256@mailbox.com,9904229325,Nagpur,Maharashtra,India,2024-10-11,Premium,Verified,Conservative,Social Media,1
3257,Ishaan Iyer,ishaan.iyer3257@mailbox.com,9257982992,Ahmedabad,Gujarat,India,2024-02-24,Elite,Verified,Moderate,Referral,1
3258,Kabir Bhatt,kabir.bhatt3258@mailbox.com,9866195623,Chennai,Tamil Nadu,India,2023-10-28,Basic,Verified,Conservative,Agent,1
3259,Sanjay Nair,sanjay.nair3259@mailbox.com,9408065805,Ahmedabad,Gujarat,India,2023-08-12,Premium,Verified,Conservative,YouTube,1
3260,Aadhya Pandey,aadhya.pandey3260@mailbox.com,9928021052,Surat,Gujarat,India,2024-11-22,Basic,Verified,Aggressive,Referral,1
3261,Anika Desai,anika.desai3261@mailbox.com,9279630387,Surat,Gujarat,India,2023-02-07,Premium,Verified,Aggressive,Google Ads,0
3262,Zara Saxena,zara.saxena3262@mailbox.com,9342077519,Surat,Gujarat,India,2023-04-10,Premium,Verified,Moderate,Referral,1
3263,Divya Bhatt,divya.bhatt3263@mailbox.com,9415933846,Indore,Madhya Pradesh,India,2023-02-15,Basic,Verified,Moderate,Agent,1
3264,Deepak Pillai,deepak.pillai3264@mailbox.com,9760545059,Delhi,Delhi,India,2025-02-20,Basic,Verified,Conservative,Referral,1
3265,Amit Verma,amit.verma3265@mailbox.com,9834750922,Indore,Madhya Pradesh,India,2023-02-01,Premium,Verified,Moderate,Website,1
3266,Pooja Chopra,pooja.chopra3266@mailbox.com,9815327024,Kochi,Kerala,India,2024-03-23,Premium,Verified,Aggressive,Referral,0
3267,Divya Kumar,divya.kumar3267@mailbox.com,9984941174,Indore,Madhya Pradesh,India,2023-05-10,Premium,Verified,Moderate,Agent,1
3268,Sneha Nair,sneha.nair3268@mailbox.com,9618241378,Nagpur,Maharashtra,India,2024-09-17,Basic,Verified,Aggressive,App Store,1
3269,Reyansh Kumar,reyansh.kumar3269@mailbox.com,9497406904,Chennai,Tamil Nadu,India,2023-02-06,Premium,Verified,Conservative,Referral,0
3270,Aryan Nair,aryan.nair3270@mailbox.com,9687818119,Patna,Bihar,India,2023-01-28,Premium,Verified,Moderate,Referral,0
3271,Ishaan Agarwal,ishaan.agarwal3271@mailbox.com,9767385373,Lucknow,Uttar Pradesh,India,2024-03-13,Basic,Verified,Moderate,Website,1
3272,Aadhya Sharma,aadhya.sharma3272@mailbox.com,9987703553,Kolkata,West Bengal,India,2025-01-10,Premium,Verified,Aggressive,Website,1
3273,Priya Singh,priya.singh3273@mailbox.com,9728930158,Lucknow,Uttar Pradesh,India,2023-04-27,Premium,Verified,Conservative,Agent,1
3274,Aadhya Nair,aadhya.nair3274@mailbox.com,9758880014,Bengaluru,Karnataka,India,2024-06-12,Pro,Pending,Conservative,YouTube,1
3275,Karan Gupta,karan.gupta3275@mailbox.com,9956507810,Coimbatore,Tamil Nadu,India,2025-05-12,Basic,Verified,Aggressive,Agent,1
3276,Nikhil Jain,nikhil.jain3276@mailbox.com,9776318331,Bhopal,Madhya Pradesh,India,2024-10-27,Basic,Verified,Conservative,App Store,1
3277,Aditya Trivedi,aditya.trivedi3277@mailbox.com,9896453741,Pune,Maharashtra,India,2025-03-10,Elite,Verified,Moderate,Website,1
3278,Karan Saxena,karan.saxena3278@mailbox.com,9271680301,Patna,Bihar,India,2023-12-03,Pro,Verified,Conservative,App Store,1
3279,Aryan Patel,aryan.patel3279@mailbox.com,9414146322,Delhi,Delhi,India,2025-09-30,Basic,Verified,Moderate,Referral,1
3280,Divya Bhatt,divya.bhatt3280@mailbox.com,9453028595,Ahmedabad,Gujarat,India,2023-06-05,Pro,Verified,Conservative,Website,1
3281,Vihaan Desai,vihaan.desai3281@mailbox.com,9512219011,Surat,Gujarat,India,2024-10-06,Basic,Verified,Conservative,Referral,0
3282,Rajesh Bansal,rajesh.bansal3282@mailbox.com,9773199831,Mumbai,Maharashtra,India,2024-04-08,Pro,Verified,Moderate,Website,1
3283,Yash Sharma,yash.sharma3283@mailbox.com,9586552826,Bhopal,Madhya Pradesh,India,2023-02-03,Basic,Verified,Conservative,Agent,1
3284,Vihaan Nair,vihaan.nair3284@mailbox.com,9744623177,Chandigarh,Chandigarh,India,2025-10-02,Basic,Verified,Conservative,Website,0
3285,Aadhya Bhatt,aadhya.bhatt3285@mailbox.com,9171134492,Nagpur,Maharashtra,India,2025-01-17,Elite,Verified,Moderate,Social Media,1
3286,Riya Verma,riya.verma3286@mailbox.com,9850029583,Chennai,Tamil Nadu,India,2023-08-31,Basic,Verified,Moderate,YouTube,1
3287,Reyansh Verma,reyansh.verma3287@mailbox.com,9467608962,Bhopal,Madhya Pradesh,India,2023-02-25,Pro,Verified,Moderate,Website,1
3288,Rohan Bansal,rohan.bansal3288@mailbox.com,9809667241,Pune,Maharashtra,India,2024-12-20,Premium,Verified,Aggressive,Google Ads,1
3289,Ishaan Nair,ishaan.nair3289@mailbox.com,9356975321,Bhopal,Madhya Pradesh,India,2024-08-03,Basic,Verified,Aggressive,Website,1
3290,Kabir Kapoor,kabir.kapoor3290@mailbox.com,9636430490,Indore,Madhya Pradesh,India,2023-02-23,Elite,Pending,Aggressive,Social Media,1
3291,Aadhya Chopra,aadhya.chopra3291@mailbox.com,9629437310,Delhi,Delhi,India,2025-11-16,Premium,Verified,Moderate,App Store,0
3292,Riya Rao,riya.rao3292@mailbox.com,9225953637,Delhi,Delhi,India,2025-02-03,Pro,Verified,Aggressive,YouTube,1
3293,Karan Verma,karan.verma3293@mailbox.com,9671909732,Mumbai,Maharashtra,India,2024-05-07,Pro,Verified,Aggressive,Agent,1
3294,Diya Sharma,diya.sharma3294@mailbox.com,9852544956,Delhi,Delhi,India,2023-09-11,Basic,Verified,Moderate,Website,1
3295,Kabir Gupta,kabir.gupta3295@mailbox.com,9898353354,Kolkata,West Bengal,India,2023-10-16,Basic,Verified,Moderate,Website,1
3296,Suresh Choudhary,suresh.choudhary3296@mailbox.com,9446063881,Mumbai,Maharashtra,India,2024-04-25,Basic,Verified,Aggressive,Website,0
3297,Rohan Bhatt,rohan.bhatt3297@mailbox.com,9678856926,Coimbatore,Tamil Nadu,India,2023-03-02,Premium,Rejected,Aggressive,Referral,1
3298,Nikhil Malhotra,nikhil.malhotra3298@mailbox.com,9257212371,Coimbatore,Tamil Nadu,India,2024-01-27,Basic,Verified,Moderate,YouTube,1
3299,Amit Gupta,amit.gupta3299@mailbox.com,9906063784,Hyderabad,Telangana,India,2023-08-20,Basic,Verified,Conservative,Social Media,1
3300,Manoj Chopra,manoj.chopra3300@mailbox.com,9881270354,Pune,Maharashtra,India,2023-05-01,Pro,Verified,Moderate,Referral,1
3301,Pooja Yadav,pooja.yadav3301@mailbox.com,9537620933,Bhopal,Madhya Pradesh,India,2023-05-15,Basic,Verified,Conservative,Website,1
3302,Ananya Rao,ananya.rao3302@mailbox.com,9423282009,Surat,Gujarat,India,2024-01-04,Premium,Verified,Conservative,Google Ads,1
3303,Neha Kapoor,neha.kapoor3303@mailbox.com,9782070697,Nagpur,Maharashtra,India,2024-02-12,Premium,Verified,Aggressive,Referral,1
3304,Ananya Iyer,ananya.iyer3304@mailbox.com,9290845170,Vadodara,Gujarat,India,2024-01-08,Basic,Verified,Conservative,App Store,1
3305,Arjun Joshi,arjun.joshi3305@mailbox.com,9585962768,Indore,Madhya Pradesh,India,2025-01-04,Basic,Verified,Aggressive,App Store,1
3306,Ananya Malhotra,ananya.malhotra3306@mailbox.com,9679421039,Surat,Gujarat,India,2024-07-10,Basic,Verified,Moderate,Agent,1
3307,Diya Kapoor,diya.kapoor3307@mailbox.com,9434061237,Kanpur,Uttar Pradesh,India,2023-07-25,Premium,Verified,Conservative,Social Media,1
3308,Reyansh Kapoor,reyansh.kapoor3308@mailbox.com,9315880370,Kanpur,Uttar Pradesh,India,2025-11-01,Basic,Rejected,Moderate,Agent,1
3309,Aarav Saxena,aarav.saxena3309@mailbox.com,9470419041,Kolkata,West Bengal,India,2025-02-16,Pro,Verified,Aggressive,Website,1
3310,Varun Menon,varun.menon3310@mailbox.com,9370368553,Kanpur,Uttar Pradesh,India,2024-05-15,Pro,Verified,Conservative,Google Ads,1
3311,Rahul Verma,rahul.verma3311@mailbox.com,9266475057,Coimbatore,Tamil Nadu,India,2023-02-22,Basic,Verified,Moderate,Google Ads,1
3312,Aadhya Sharma,aadhya.sharma3312@mailbox.com,9438721621,Ahmedabad,Gujarat,India,2025-08-31,Pro,Verified,Conservative,Social Media,1
3313,Varun Chopra,varun.chopra3313@mailbox.com,9439889838,Bengaluru,Karnataka,India,2025-03-03,Elite,Verified,Moderate,App Store,1
3314,Rohan Pandey,rohan.pandey3314@mailbox.com,9227847786,Nagpur,Maharashtra,India,2024-05-06,Basic,Verified,Aggressive,Website,1
3315,Aadhya Verma,aadhya.verma3315@mailbox.com,9821011732,Patna,Bihar,India,2023-06-22,Elite,Verified,Aggressive,Social Media,1
3316,Anil Gupta,anil.gupta3316@mailbox.com,9488247822,Vadodara,Gujarat,India,2023-04-25,Basic,Verified,Conservative,App Store,1
3317,Pooja Choudhary,pooja.choudhary3317@mailbox.com,9625435066,Kanpur,Uttar Pradesh,India,2023-11-05,Premium,Verified,Moderate,Social Media,1
3318,Sara Malhotra,sara.malhotra3318@mailbox.com,9570999914,Patna,Bihar,India,2023-09-03,Basic,Verified,Moderate,Agent,0
3319,Ananya Reddy,ananya.reddy3319@mailbox.com,9555655331,Kolkata,West Bengal,India,2023-08-11,Pro,Pending,Moderate,YouTube,1
3320,Vivaan Reddy,vivaan.reddy3320@mailbox.com,9494411028,Jaipur,Rajasthan,India,2024-03-10,Pro,Verified,Conservative,Referral,1
3321,Vihaan Desai,vihaan.desai3321@mailbox.com,9780096957,Jaipur,Rajasthan,India,2023-02-19,Elite,Verified,Aggressive,App Store,1
3322,Ishaan Nair,ishaan.nair3322@mailbox.com,9913498596,Pune,Maharashtra,India,2023-12-13,Elite,Pending,Conservative,YouTube,1
3323,Suresh Desai,suresh.desai3323@mailbox.com,9498852423,Bhopal,Madhya Pradesh,India,2025-07-16,Basic,Verified,Conservative,Social Media,0
3324,Pooja Mehta,pooja.mehta3324@mailbox.com,9406820613,Kochi,Kerala,India,2025-07-11,Premium,Verified,Aggressive,Agent,1
3325,Anika Nair,anika.nair3325@mailbox.com,9174548883,Pune,Maharashtra,India,2023-01-09,Basic,Verified,Moderate,App Store,1
3326,Suresh Jain,suresh.jain3326@mailbox.com,9498453092,Bengaluru,Karnataka,India,2024-12-23,Basic,Verified,Conservative,Referral,1
3327,Ishaan Joshi,ishaan.joshi3327@mailbox.com,9992979585,Chandigarh,Chandigarh,India,2025-11-21,Basic,Verified,Aggressive,Google Ads,1
3328,Rohan Bansal,rohan.bansal3328@mailbox.com,9334226745,Chandigarh,Chandigarh,India,2024-09-07,Elite,Verified,Conservative,Agent,1
3329,Sara Kumar,sara.kumar3329@mailbox.com,9780960244,Coimbatore,Tamil Nadu,India,2024-02-20,Premium,Verified,Aggressive,Website,1
3330,Nikhil Desai,nikhil.desai3330@mailbox.com,9780691257,Kolkata,West Bengal,India,2024-06-07,Basic,Verified,Aggressive,Agent,1
3331,Neha Sharma,neha.sharma3331@mailbox.com,9188569795,Bhopal,Madhya Pradesh,India,2023-08-16,Elite,Verified,Moderate,Referral,1
3332,Deepak Rao,deepak.rao3332@mailbox.com,9215371629,Bhopal,Madhya Pradesh,India,2024-02-28,Pro,Verified,Moderate,Referral,1
3333,Karan Saxena,karan.saxena3333@mailbox.com,9789323313,Patna,Bihar,India,2025-09-24,Basic,Pending,Moderate,Google Ads,1
3334,Anil Sharma,anil.sharma3334@mailbox.com,9488853216,Chandigarh,Chandigarh,India,2024-10-13,Premium,Verified,Moderate,Google Ads,1
3335,Aditya Yadav,aditya.yadav3335@mailbox.com,9286974047,Vadodara,Gujarat,India,2024-04-03,Premium,Verified,Aggressive,Google Ads,0
3336,Karan Chopra,karan.chopra3336@mailbox.com,9140396010,Lucknow,Uttar Pradesh,India,2023-05-13,Premium,Verified,Moderate,Agent,1
3337,Rahul Bansal,rahul.bansal3337@mailbox.com,9458790303,Delhi,Delhi,India,2025-08-23,Premium,Verified,Conservative,Website,1
3338,Aditya Iyer,aditya.iyer3338@mailbox.com,9120961327,Hyderabad,Telangana,India,2023-06-23,Premium,Verified,Conservative,Website,1
3339,Deepak Desai,deepak.desai3339@mailbox.com,9801398159,Kochi,Kerala,India,2025-02-07,Basic,Verified,Moderate,YouTube,1
3340,Deepak Malhotra,deepak.malhotra3340@mailbox.com,9544331788,Chandigarh,Chandigarh,India,2023-11-19,Premium,Verified,Moderate,Agent,0
3341,Amit Mishra,amit.mishra3341@mailbox.com,9327887576,Mumbai,Maharashtra,India,2023-10-24,Basic,Verified,Moderate,Referral,1
3342,Isha Tiwari,isha.tiwari3342@mailbox.com,9467984903,Ahmedabad,Gujarat,India,2023-07-02,Basic,Verified,Moderate,Referral,1
3343,Vihaan Reddy,vihaan.reddy3343@mailbox.com,9198300114,Chennai,Tamil Nadu,India,2024-02-04,Basic,Verified,Moderate,App Store,1
3344,Neha Saxena,neha.saxena3344@mailbox.com,9951634572,Pune,Maharashtra,India,2024-12-22,Premium,Verified,Conservative,Agent,1
3345,Amit Joshi,amit.joshi3345@mailbox.com,9748545810,Indore,Madhya Pradesh,India,2024-03-19,Basic,Verified,Conservative,YouTube,1
3346,Rajesh Yadav,rajesh.yadav3346@mailbox.com,9910959001,Kanpur,Uttar Pradesh,India,2023-01-27,Basic,Verified,Conservative,Agent,1
3347,Neha Rao,neha.rao3347@mailbox.com,9366260167,Lucknow,Uttar Pradesh,India,2023-10-09,Basic,Verified,Aggressive,Social Media,1
3348,Reyansh Mehta,reyansh.mehta3348@mailbox.com,9885608329,Jaipur,Rajasthan,India,2023-06-20,Elite,Verified,Moderate,Referral,1
3349,Arjun Saxena,arjun.saxena3349@mailbox.com,9566452011,Indore,Madhya Pradesh,India,2024-03-03,Basic,Verified,Aggressive,Social Media,1
3350,Suresh Bhatt,suresh.bhatt3350@mailbox.com,9278320387,Surat,Gujarat,India,2025-08-19,Basic,Verified,Conservative,Google Ads,1
3351,Ishaan Singh,ishaan.singh3351@mailbox.com,9399019201,Mumbai,Maharashtra,India,2025-10-22,Basic,Verified,Conservative,Google Ads,1
3352,Varun Iyer,varun.iyer3352@mailbox.com,9830371466,Bengaluru,Karnataka,India,2025-11-28,Premium,Verified,Conservative,Social Media,1
3353,Arjun Agarwal,arjun.agarwal3353@mailbox.com,9797231131,Pune,Maharashtra,India,2023-04-30,Basic,Verified,Moderate,Google Ads,1
3354,Divya Pillai,divya.pillai3354@mailbox.com,9748210451,Jaipur,Rajasthan,India,2024-06-03,Basic,Pending,Moderate,Agent,1
3355,Aryan Iyer,aryan.iyer3355@mailbox.com,9303835290,Vadodara,Gujarat,India,2023-02-18,Pro,Verified,Conservative,YouTube,0
3356,Anika Yadav,anika.yadav3356@mailbox.com,9682986514,Kochi,Kerala,India,2024-06-11,Pro,Verified,Moderate,Google Ads,1
3357,Aditya Tiwari,aditya.tiwari3357@mailbox.com,9946751048,Indore,Madhya Pradesh,India,2024-09-06,Premium,Verified,Conservative,App Store,1
3358,Kiran Desai,kiran.desai3358@mailbox.com,9143880441,Mumbai,Maharashtra,India,2025-04-03,Premium,Verified,Moderate,YouTube,1
3359,Kabir Choudhary,kabir.choudhary3359@mailbox.com,9172316583,Bengaluru,Karnataka,India,2023-12-25,Elite,Pending,Moderate,Referral,1
3360,Amit Mishra,amit.mishra3360@mailbox.com,9998021017,Lucknow,Uttar Pradesh,India,2023-02-08,Elite,Verified,Conservative,Google Ads,0
3361,Aryan Patel,aryan.patel3361@mailbox.com,9261436012,Nagpur,Maharashtra,India,2024-04-28,Premium,Pending,Conservative,Agent,1
3362,Divya Saxena,divya.saxena3362@mailbox.com,9982905645,Surat,Gujarat,India,2024-03-30,Pro,Verified,Aggressive,Agent,1
3363,Vivaan Bhatt,vivaan.bhatt3363@mailbox.com,9521864857,Bengaluru,Karnataka,India,2024-10-26,Pro,Verified,Aggressive,Website,1
3364,Manoj Singh,manoj.singh3364@mailbox.com,9812239234,Kochi,Kerala,India,2023-04-17,Elite,Verified,Aggressive,Google Ads,1
3365,Ishaan Mishra,ishaan.mishra3365@mailbox.com,9325226098,Lucknow,Uttar Pradesh,India,2024-10-15,Basic,Verified,Moderate,Website,1
3366,Divya Choudhary,divya.choudhary3366@mailbox.com,9676816069,Nagpur,Maharashtra,India,2024-03-02,Elite,Verified,Moderate,Agent,1
3367,Neha Agarwal,neha.agarwal3367@mailbox.com,9897441438,Mumbai,Maharashtra,India,2025-02-26,Premium,Verified,Aggressive,Social Media,1
3368,Diya Kapoor,diya.kapoor3368@mailbox.com,9565415757,Chandigarh,Chandigarh,India,2025-11-13,Premium,Verified,Aggressive,Social Media,1
3369,Aadhya Kapoor,aadhya.kapoor3369@mailbox.com,9289484069,Kanpur,Uttar Pradesh,India,2023-08-31,Basic,Verified,Aggressive,Social Media,1
3370,Arjun Pandey,arjun.pandey3370@mailbox.com,9310031603,Chennai,Tamil Nadu,India,2025-03-13,Basic,Pending,Moderate,Website,1
3371,Aryan Yadav,aryan.yadav3371@mailbox.com,9637168945,Pune,Maharashtra,India,2023-05-16,Pro,Verified,Moderate,Social Media,1
3372,Karan Shah,karan.shah3372@mailbox.com,9506143296,Ahmedabad,Gujarat,India,2025-11-15,Premium,Verified,Conservative,YouTube,1
3373,Isha Desai,isha.desai3373@mailbox.com,9276394844,Mumbai,Maharashtra,India,2024-05-27,Basic,Verified,Conservative,App Store,1
3374,Rahul Singh,rahul.singh3374@mailbox.com,9488813368,Coimbatore,Tamil Nadu,India,2025-03-05,Premium,Verified,Moderate,App Store,0
3375,Priya Pandey,priya.pandey3375@mailbox.com,9370590822,Chandigarh,Chandigarh,India,2025-04-08,Basic,Verified,Aggressive,Google Ads,1
3376,Rahul Kumar,rahul.kumar3376@mailbox.com,9362370555,Kochi,Kerala,India,2024-10-09,Premium,Verified,Moderate,Google Ads,1
3377,Rahul Patel,rahul.patel3377@mailbox.com,9552905773,Ahmedabad,Gujarat,India,2024-02-14,Premium,Verified,Moderate,Social Media,1
3378,Vikram Gupta,vikram.gupta3378@mailbox.com,9269782782,Nagpur,Maharashtra,India,2025-03-14,Premium,Verified,Aggressive,App Store,0
3379,Deepak Tiwari,deepak.tiwari3379@mailbox.com,9667362703,Lucknow,Uttar Pradesh,India,2024-05-22,Basic,Verified,Moderate,Google Ads,1
3380,Sara Kapoor,sara.kapoor3380@mailbox.com,9944242184,Lucknow,Uttar Pradesh,India,2024-12-02,Basic,Verified,Moderate,Social Media,1
3381,Anil Rao,anil.rao3381@mailbox.com,9921010798,Nagpur,Maharashtra,India,2024-10-15,Basic,Verified,Aggressive,YouTube,1
3382,Suresh Gupta,suresh.gupta3382@mailbox.com,9700122370,Lucknow,Uttar Pradesh,India,2024-05-09,Premium,Verified,Conservative,Agent,1
3383,Yash Chopra,yash.chopra3383@mailbox.com,9713582107,Patna,Bihar,India,2023-05-05,Elite,Rejected,Moderate,Google Ads,1
3384,Nikhil Saxena,nikhil.saxena3384@mailbox.com,9331162246,Delhi,Delhi,India,2023-11-08,Pro,Pending,Aggressive,App Store,1
3385,Suresh Yadav,suresh.yadav3385@mailbox.com,9871312001,Hyderabad,Telangana,India,2025-09-25,Premium,Verified,Moderate,Agent,1
3386,Karan Iyer,karan.iyer3386@mailbox.com,9701187051,Kochi,Kerala,India,2024-07-07,Basic,Verified,Conservative,Agent,1
3387,Rajesh Pillai,rajesh.pillai3387@mailbox.com,9426045525,Kochi,Kerala,India,2024-11-08,Basic,Verified,Aggressive,YouTube,1
3388,Divya Jain,divya.jain3388@mailbox.com,9251571954,Chandigarh,Chandigarh,India,2023-10-03,Pro,Verified,Moderate,Social Media,1
3389,Diya Pandey,diya.pandey3389@mailbox.com,9229775482,Ahmedabad,Gujarat,India,2025-01-21,Premium,Verified,Aggressive,App Store,1
3390,Sneha Mehta,sneha.mehta3390@mailbox.com,9439324345,Lucknow,Uttar Pradesh,India,2024-06-02,Basic,Verified,Conservative,YouTube,1
3391,Ananya Yadav,ananya.yadav3391@mailbox.com,9597339554,Mumbai,Maharashtra,India,2023-08-21,Premium,Verified,Aggressive,Referral,1
3392,Rahul Nair,rahul.nair3392@mailbox.com,9153685118,Kolkata,West Bengal,India,2023-06-05,Premium,Verified,Aggressive,Referral,1
3393,Suresh Pandey,suresh.pandey3393@mailbox.com,9926592226,Bhopal,Madhya Pradesh,India,2024-02-25,Basic,Verified,Conservative,Referral,1
3394,Kabir Singh,kabir.singh3394@mailbox.com,9464367554,Pune,Maharashtra,India,2024-08-25,Basic,Verified,Conservative,YouTube,1
3395,Kavya Gupta,kavya.gupta3395@mailbox.com,9837383200,Lucknow,Uttar Pradesh,India,2023-10-26,Premium,Verified,Moderate,Referral,1
3396,Suresh Mishra,suresh.mishra3396@mailbox.com,9439260052,Bengaluru,Karnataka,India,2023-09-19,Basic,Verified,Aggressive,Social Media,1
3397,Riya Choudhary,riya.choudhary3397@mailbox.com,9655466432,Lucknow,Uttar Pradesh,India,2023-10-15,Basic,Verified,Conservative,Social Media,1
3398,Yash Patel,yash.patel3398@mailbox.com,9652699714,Bhopal,Madhya Pradesh,India,2023-11-09,Pro,Pending,Moderate,YouTube,1
3399,Aarav Mishra,aarav.mishra3399@mailbox.com,9418270528,Nagpur,Maharashtra,India,2025-02-26,Elite,Verified,Conservative,YouTube,0
3400,Meera Singh,meera.singh3400@mailbox.com,9991874786,Nagpur,Maharashtra,India,2024-06-15,Basic,Verified,Aggressive,Website,1
3401,Manoj Choudhary,manoj.choudhary3401@mailbox.com,9535712188,Coimbatore,Tamil Nadu,India,2024-05-14,Basic,Verified,Aggressive,App Store,1
3402,Nikhil Reddy,nikhil.reddy3402@mailbox.com,9257296353,Chennai,Tamil Nadu,India,2023-06-23,Premium,Verified,Aggressive,Referral,1
3403,Ishaan Gupta,ishaan.gupta3403@mailbox.com,9472368294,Kolkata,West Bengal,India,2024-08-02,Basic,Verified,Conservative,Website,1
3404,Aryan Shah,aryan.shah3404@mailbox.com,9572758111,Indore,Madhya Pradesh,India,2025-10-21,Pro,Verified,Aggressive,Agent,1
3405,Sara Jain,sara.jain3405@mailbox.com,9312324185,Lucknow,Uttar Pradesh,India,2025-03-04,Premium,Verified,Moderate,Agent,0
3406,Myra Singh,myra.singh3406@mailbox.com,9459397838,Vadodara,Gujarat,India,2024-04-20,Basic,Verified,Conservative,Social Media,1
3407,Myra Gupta,myra.gupta3407@mailbox.com,9787319552,Delhi,Delhi,India,2023-11-23,Pro,Verified,Moderate,Website,1
3408,Pooja Pillai,pooja.pillai3408@mailbox.com,9170371281,Bengaluru,Karnataka,India,2024-01-11,Basic,Verified,Moderate,Referral,1
3409,Priya Sharma,priya.sharma3409@mailbox.com,9959880729,Pune,Maharashtra,India,2023-01-29,Premium,Verified,Moderate,Website,1
3410,Riya Trivedi,riya.trivedi3410@mailbox.com,9325074212,Lucknow,Uttar Pradesh,India,2023-02-01,Pro,Verified,Aggressive,Social Media,1
3411,Aditya Pandey,aditya.pandey3411@mailbox.com,9147505042,Kochi,Kerala,India,2025-04-06,Basic,Verified,Conservative,Website,1
3412,Aryan Trivedi,aryan.trivedi3412@mailbox.com,9775763867,Lucknow,Uttar Pradesh,India,2025-06-17,Basic,Verified,Moderate,YouTube,1
3413,Rohan Reddy,rohan.reddy3413@mailbox.com,9608551834,Jaipur,Rajasthan,India,2025-10-28,Pro,Verified,Conservative,Agent,1
3414,Vihaan Patel,vihaan.patel3414@mailbox.com,9154384601,Hyderabad,Telangana,India,2024-10-28,Premium,Verified,Aggressive,Agent,1
3415,Vikram Choudhary,vikram.choudhary3415@mailbox.com,9550604411,Jaipur,Rajasthan,India,2025-09-16,Basic,Verified,Moderate,Agent,1
3416,Aadhya Verma,aadhya.verma3416@mailbox.com,9452017625,Kanpur,Uttar Pradesh,India,2024-03-19,Basic,Verified,Aggressive,Google Ads,1
3417,Neha Iyer,neha.iyer3417@mailbox.com,9506332937,Nagpur,Maharashtra,India,2023-09-28,Basic,Verified,Conservative,Google Ads,1
3418,Kiran Malhotra,kiran.malhotra3418@mailbox.com,9148604390,Indore,Madhya Pradesh,India,2023-09-19,Premium,Verified,Conservative,Agent,1
3419,Vihaan Trivedi,vihaan.trivedi3419@mailbox.com,9385616898,Jaipur,Rajasthan,India,2023-09-10,Basic,Verified,Aggressive,Social Media,1
3420,Diya Reddy,diya.reddy3420@mailbox.com,9999072091,Hyderabad,Telangana,India,2025-03-04,Basic,Rejected,Conservative,Social Media,1
3421,Rahul Trivedi,rahul.trivedi3421@mailbox.com,9141215406,Hyderabad,Telangana,India,2023-01-11,Basic,Verified,Moderate,Website,1
3422,Suresh Choudhary,suresh.choudhary3422@mailbox.com,9922950551,Hyderabad,Telangana,India,2025-10-03,Premium,Verified,Conservative,App Store,1
3423,Neha Rao,neha.rao3423@mailbox.com,9565777532,Indore,Madhya Pradesh,India,2025-04-05,Pro,Verified,Moderate,Google Ads,1
3424,Sara Agarwal,sara.agarwal3424@mailbox.com,9940164896,Kochi,Kerala,India,2024-02-10,Premium,Verified,Aggressive,Google Ads,1
3425,Neha Verma,neha.verma3425@mailbox.com,9296060116,Kochi,Kerala,India,2025-01-17,Premium,Verified,Aggressive,Social Media,1
3426,Aryan Malhotra,aryan.malhotra3426@mailbox.com,9985965087,Pune,Maharashtra,India,2023-05-24,Pro,Verified,Moderate,App Store,1
3427,Zara Rao,zara.rao3427@mailbox.com,9349099952,Delhi,Delhi,India,2024-04-04,Basic,Rejected,Moderate,App Store,0
3428,Kiran Singh,kiran.singh3428@mailbox.com,9414179743,Indore,Madhya Pradesh,India,2023-04-27,Basic,Verified,Conservative,Website,1
3429,Suresh Iyer,suresh.iyer3429@mailbox.com,9504589028,Mumbai,Maharashtra,India,2023-04-30,Basic,Verified,Conservative,Agent,1
3430,Isha Menon,isha.menon3430@mailbox.com,9641383203,Indore,Madhya Pradesh,India,2023-01-07,Basic,Pending,Aggressive,Google Ads,1
3431,Karan Gupta,karan.gupta3431@mailbox.com,9390502163,Ahmedabad,Gujarat,India,2025-04-27,Elite,Verified,Moderate,Website,1
3432,Rajesh Patel,rajesh.patel3432@mailbox.com,9119182514,Chandigarh,Chandigarh,India,2025-03-03,Basic,Verified,Conservative,App Store,0
3433,Rohan Gupta,rohan.gupta3433@mailbox.com,9699943445,Indore,Madhya Pradesh,India,2025-08-09,Pro,Verified,Aggressive,Referral,1
3434,Kavya Choudhary,kavya.choudhary3434@mailbox.com,9690630406,Bhopal,Madhya Pradesh,India,2025-11-11,Basic,Verified,Moderate,Referral,1
3435,Karan Agarwal,karan.agarwal3435@mailbox.com,9581098267,Jaipur,Rajasthan,India,2025-10-24,Premium,Verified,Conservative,Referral,1
3436,Neha Gupta,neha.gupta3436@mailbox.com,9652085112,Chandigarh,Chandigarh,India,2025-11-23,Basic,Verified,Moderate,YouTube,1
3437,Diya Patel,diya.patel3437@mailbox.com,9772914760,Kanpur,Uttar Pradesh,India,2023-01-17,Basic,Verified,Moderate,App Store,1
3438,Priya Yadav,priya.yadav3438@mailbox.com,9913879631,Indore,Madhya Pradesh,India,2025-04-15,Basic,Verified,Moderate,Website,1
3439,Varun Rao,varun.rao3439@mailbox.com,9296543891,Ahmedabad,Gujarat,India,2025-02-09,Premium,Verified,Conservative,Google Ads,1
3440,Anil Choudhary,anil.choudhary3440@mailbox.com,9529168635,Jaipur,Rajasthan,India,2023-06-22,Premium,Verified,Conservative,Social Media,1
3441,Varun Kapoor,varun.kapoor3441@mailbox.com,9976473312,Chandigarh,Chandigarh,India,2023-05-26,Pro,Verified,Aggressive,Google Ads,1
3442,Aarav Patel,aarav.patel3442@mailbox.com,9560365463,Ahmedabad,Gujarat,India,2025-11-07,Pro,Verified,Aggressive,Agent,1
3443,Riya Joshi,riya.joshi3443@mailbox.com,9633384499,Mumbai,Maharashtra,India,2025-07-28,Premium,Verified,Moderate,App Store,1
3444,Rohan Sharma,rohan.sharma3444@mailbox.com,9275225491,Ahmedabad,Gujarat,India,2023-12-16,Elite,Verified,Aggressive,App Store,1
3445,Nikhil Trivedi,nikhil.trivedi3445@mailbox.com,9474212443,Ahmedabad,Gujarat,India,2023-03-21,Basic,Verified,Aggressive,Referral,1
3446,Meera Agarwal,meera.agarwal3446@mailbox.com,9662986315,Jaipur,Rajasthan,India,2023-12-22,Basic,Verified,Aggressive,YouTube,1
3447,Isha Kapoor,isha.kapoor3447@mailbox.com,9485510690,Delhi,Delhi,India,2023-01-06,Basic,Verified,Aggressive,App Store,1
3448,Sanjay Kumar,sanjay.kumar3448@mailbox.com,9793029593,Bengaluru,Karnataka,India,2025-01-02,Premium,Verified,Aggressive,Google Ads,1
3449,Neha Shah,neha.shah3449@mailbox.com,9223051387,Pune,Maharashtra,India,2024-02-09,Premium,Verified,Aggressive,Social Media,1
3450,Zara Reddy,zara.reddy3450@mailbox.com,9238115541,Jaipur,Rajasthan,India,2023-02-22,Premium,Verified,Conservative,App Store,1
3451,Riya Iyer,riya.iyer3451@mailbox.com,9405090630,Mumbai,Maharashtra,India,2025-11-09,Pro,Verified,Aggressive,Social Media,1
3452,Aditya Mishra,aditya.mishra3452@mailbox.com,9386544895,Ahmedabad,Gujarat,India,2025-05-29,Basic,Verified,Conservative,Referral,1
3453,Riya Saxena,riya.saxena3453@mailbox.com,9833907970,Pune,Maharashtra,India,2025-08-21,Pro,Verified,Moderate,Website,1
3454,Kavya Pillai,kavya.pillai3454@mailbox.com,9881020880,Mumbai,Maharashtra,India,2025-11-28,Premium,Verified,Conservative,App Store,1
3455,Manoj Mishra,manoj.mishra3455@mailbox.com,9524762222,Kolkata,West Bengal,India,2023-01-16,Premium,Verified,Conservative,Google Ads,1
3456,Deepak Patel,deepak.patel3456@mailbox.com,9554978573,Kolkata,West Bengal,India,2025-04-05,Basic,Verified,Aggressive,Google Ads,1
3457,Rajesh Tiwari,rajesh.tiwari3457@mailbox.com,9364933296,Bengaluru,Karnataka,India,2025-04-18,Basic,Verified,Moderate,Agent,1
3458,Vivaan Iyer,vivaan.iyer3458@mailbox.com,9578652981,Patna,Bihar,India,2025-04-12,Basic,Pending,Conservative,Agent,1
3459,Anil Chopra,anil.chopra3459@mailbox.com,9735822018,Delhi,Delhi,India,2023-10-10,Pro,Verified,Aggressive,App Store,1
3460,Sara Rao,sara.rao3460@mailbox.com,9750167376,Nagpur,Maharashtra,India,2024-02-20,Premium,Verified,Aggressive,Referral,1
3461,Aadhya Trivedi,aadhya.trivedi3461@mailbox.com,9972071605,Surat,Gujarat,India,2025-09-16,Basic,Rejected,Conservative,Website,1
3462,Varun Yadav,varun.yadav3462@mailbox.com,9620103532,Chandigarh,Chandigarh,India,2023-03-12,Pro,Verified,Moderate,App Store,1
3463,Deepak Choudhary,deepak.choudhary3463@mailbox.com,9406286528,Kanpur,Uttar Pradesh,India,2024-11-13,Premium,Verified,Conservative,App Store,1
3464,Aditya Sharma,aditya.sharma3464@mailbox.com,9719122763,Kanpur,Uttar Pradesh,India,2025-04-24,Elite,Verified,Aggressive,Website,1
3465,Myra Kapoor,myra.kapoor3465@mailbox.com,9823565539,Patna,Bihar,India,2025-04-29,Premium,Verified,Aggressive,Social Media,1
3466,Divya Saxena,divya.saxena3466@mailbox.com,9597166310,Kochi,Kerala,India,2024-09-27,Premium,Verified,Moderate,Website,1
3467,Amit Bansal,amit.bansal3467@mailbox.com,9930552432,Chennai,Tamil Nadu,India,2025-03-27,Premium,Verified,Aggressive,Social Media,0
3468,Ananya Bhatt,ananya.bhatt3468@mailbox.com,9385220063,Patna,Bihar,India,2025-08-26,Premium,Verified,Aggressive,YouTube,1
3469,Rahul Saxena,rahul.saxena3469@mailbox.com,9147949509,Lucknow,Uttar Pradesh,India,2025-03-26,Basic,Verified,Conservative,App Store,1
3470,Deepak Gupta,deepak.gupta3470@mailbox.com,9669831936,Delhi,Delhi,India,2023-05-04,Basic,Pending,Moderate,Google Ads,1
3471,Rohan Iyer,rohan.iyer3471@mailbox.com,9209124780,Indore,Madhya Pradesh,India,2023-09-18,Elite,Rejected,Aggressive,Website,1
3472,Divya Patel,divya.patel3472@mailbox.com,9175704342,Vadodara,Gujarat,India,2023-11-21,Premium,Verified,Moderate,YouTube,1
3473,Divya Kapoor,divya.kapoor3473@mailbox.com,9731777681,Bengaluru,Karnataka,India,2024-01-01,Premium,Verified,Conservative,App Store,1
3474,Kiran Bansal,kiran.bansal3474@mailbox.com,9490958655,Mumbai,Maharashtra,India,2024-01-20,Premium,Verified,Aggressive,Website,1
3475,Diya Shah,diya.shah3475@mailbox.com,9644026538,Coimbatore,Tamil Nadu,India,2023-08-23,Premium,Verified,Moderate,YouTube,1
3476,Rohan Mishra,rohan.mishra3476@mailbox.com,9772942736,Nagpur,Maharashtra,India,2024-12-28,Basic,Verified,Conservative,Social Media,1
3477,Amit Malhotra,amit.malhotra3477@mailbox.com,9444265298,Chennai,Tamil Nadu,India,2023-04-28,Basic,Verified,Aggressive,Agent,0
3478,Amit Iyer,amit.iyer3478@mailbox.com,9585323783,Patna,Bihar,India,2025-04-18,Basic,Verified,Aggressive,Google Ads,1
3479,Aadhya Pillai,aadhya.pillai3479@mailbox.com,9622017919,Ahmedabad,Gujarat,India,2024-12-02,Basic,Pending,Moderate,Agent,1
3480,Suresh Desai,suresh.desai3480@mailbox.com,9733004710,Pune,Maharashtra,India,2025-10-20,Basic,Verified,Aggressive,Social Media,1
3481,Suresh Desai,suresh.desai3481@mailbox.com,9442344171,Kolkata,West Bengal,India,2023-01-07,Pro,Verified,Conservative,Referral,1
3482,Karan Bhatt,karan.bhatt3482@mailbox.com,9632030193,Nagpur,Maharashtra,India,2023-11-11,Basic,Verified,Aggressive,Google Ads,1
3483,Suresh Yadav,suresh.yadav3483@mailbox.com,9226169491,Bengaluru,Karnataka,India,2025-08-14,Pro,Verified,Aggressive,Agent,0
3484,Karan Shah,karan.shah3484@mailbox.com,9290426243,Ahmedabad,Gujarat,India,2024-06-09,Pro,Verified,Conservative,Agent,1
3485,Aadhya Kumar,aadhya.kumar3485@mailbox.com,9278221593,Pune,Maharashtra,India,2024-08-20,Basic,Verified,Aggressive,Agent,1
3486,Vivaan Kapoor,vivaan.kapoor3486@mailbox.com,9494972861,Delhi,Delhi,India,2023-01-31,Premium,Verified,Conservative,Website,1
3487,Kavya Malhotra,kavya.malhotra3487@mailbox.com,9943858332,Patna,Bihar,India,2025-03-22,Premium,Verified,Moderate,Google Ads,1
3488,Yash Nair,yash.nair3488@mailbox.com,9930596280,Mumbai,Maharashtra,India,2023-09-27,Pro,Verified,Conservative,Google Ads,1
3489,Anika Nair,anika.nair3489@mailbox.com,9602001256,Vadodara,Gujarat,India,2025-10-22,Premium,Verified,Moderate,Website,1
3490,Meera Saxena,meera.saxena3490@mailbox.com,9282272376,Delhi,Delhi,India,2024-02-03,Basic,Verified,Moderate,Google Ads,0
3491,Arjun Chopra,arjun.chopra3491@mailbox.com,9422398061,Ahmedabad,Gujarat,India,2023-07-20,Basic,Verified,Aggressive,Website,1
3492,Pooja Rao,pooja.rao3492@mailbox.com,9917835551,Delhi,Delhi,India,2024-09-24,Pro,Verified,Conservative,YouTube,0
3493,Myra Malhotra,myra.malhotra3493@mailbox.com,9966253374,Ahmedabad,Gujarat,India,2024-05-23,Basic,Verified,Aggressive,Agent,1
3494,Divya Jain,divya.jain3494@mailbox.com,9449768939,Indore,Madhya Pradesh,India,2024-05-16,Pro,Verified,Aggressive,Social Media,1
3495,Varun Joshi,varun.joshi3495@mailbox.com,9537966434,Delhi,Delhi,India,2025-10-08,Basic,Verified,Conservative,YouTube,1
3496,Amit Sharma,amit.sharma3496@mailbox.com,9558231832,Kanpur,Uttar Pradesh,India,2024-01-24,Premium,Verified,Aggressive,Social Media,1
3497,Arjun Yadav,arjun.yadav3497@mailbox.com,9150623819,Patna,Bihar,India,2024-02-28,Premium,Verified,Aggressive,Social Media,1
3498,Zara Patel,zara.patel3498@mailbox.com,9204849397,Lucknow,Uttar Pradesh,India,2024-10-26,Basic,Verified,Conservative,YouTube,1
3499,Arjun Pillai,arjun.pillai3499@mailbox.com,9763660850,Bengaluru,Karnataka,India,2023-07-01,Basic,Verified,Conservative,Referral,1
3500,Anika Shah,anika.shah3500@mailbox.com,9301913579,Surat,Gujarat,India,2025-06-01,Basic,Verified,Aggressive,Google Ads,1
3501,Aditya Mehta,aditya.mehta3501@mailbox.com,9730272660,Hyderabad,Telangana,India,2023-09-02,Pro,Verified,Moderate,App Store,1
3502,Pooja Agarwal,pooja.agarwal3502@mailbox.com,9437748407,Mumbai,Maharashtra,India,2023-09-15,Premium,Verified,Conservative,Website,1
3503,Isha Mehta,isha.mehta3503@mailbox.com,9814819592,Jaipur,Rajasthan,India,2023-01-12,Basic,Verified,Moderate,Social Media,1
3504,Rohan Kumar,rohan.kumar3504@mailbox.com,9203976798,Kolkata,West Bengal,India,2024-01-01,Premium,Verified,Moderate,Agent,0
3505,Aarav Kumar,aarav.kumar3505@mailbox.com,9392672181,Mumbai,Maharashtra,India,2024-09-12,Basic,Pending,Aggressive,Google Ads,1
3506,Kiran Patel,kiran.patel3506@mailbox.com,9284336379,Patna,Bihar,India,2025-01-20,Premium,Verified,Conservative,Referral,0
3507,Anil Malhotra,anil.malhotra3507@mailbox.com,9492447896,Nagpur,Maharashtra,India,2025-08-14,Pro,Verified,Conservative,App Store,0
3508,Manoj Nair,manoj.nair3508@mailbox.com,9605784913,Coimbatore,Tamil Nadu,India,2025-04-08,Pro,Rejected,Aggressive,Referral,1
3509,Aditya Sharma,aditya.sharma3509@mailbox.com,9700297467,Lucknow,Uttar Pradesh,India,2023-12-08,Pro,Verified,Aggressive,YouTube,1
3510,Kavya Jain,kavya.jain3510@mailbox.com,9968054387,Jaipur,Rajasthan,India,2025-05-29,Basic,Verified,Aggressive,YouTube,1
3511,Yash Choudhary,yash.choudhary3511@mailbox.com,9138957840,Chandigarh,Chandigarh,India,2023-07-27,Basic,Verified,Aggressive,Social Media,1
3512,Vikram Gupta,vikram.gupta3512@mailbox.com,9177469612,Delhi,Delhi,India,2023-08-11,Pro,Verified,Conservative,App Store,1
3513,Reyansh Jain,reyansh.jain3513@mailbox.com,9956992758,Ahmedabad,Gujarat,India,2024-01-17,Basic,Verified,Aggressive,YouTube,1
3514,Reyansh Sharma,reyansh.sharma3514@mailbox.com,9684111972,Patna,Bihar,India,2024-07-28,Basic,Pending,Conservative,Google Ads,1
3515,Ananya Iyer,ananya.iyer3515@mailbox.com,9927678920,Kolkata,West Bengal,India,2023-08-05,Basic,Verified,Moderate,App Store,1
3516,Yash Malhotra,yash.malhotra3516@mailbox.com,9734731654,Kochi,Kerala,India,2025-08-16,Pro,Verified,Moderate,Referral,1
3517,Ishaan Nair,ishaan.nair3517@mailbox.com,9745591070,Kolkata,West Bengal,India,2023-10-15,Premium,Verified,Aggressive,YouTube,1
3518,Nikhil Tiwari,nikhil.tiwari3518@mailbox.com,9241962825,Jaipur,Rajasthan,India,2024-02-22,Elite,Verified,Moderate,Agent,0
3519,Sneha Pandey,sneha.pandey3519@mailbox.com,9560647385,Kochi,Kerala,India,2024-10-06,Basic,Verified,Conservative,Referral,1
3520,Nikhil Mehta,nikhil.mehta3520@mailbox.com,9428790884,Chennai,Tamil Nadu,India,2024-04-02,Basic,Verified,Conservative,Social Media,1
3521,Anil Menon,anil.menon3521@mailbox.com,9850263811,Vadodara,Gujarat,India,2024-03-06,Basic,Verified,Moderate,App Store,1
3522,Kavya Tiwari,kavya.tiwari3522@mailbox.com,9138813909,Mumbai,Maharashtra,India,2025-11-14,Pro,Verified,Aggressive,Google Ads,0
3523,Anil Saxena,anil.saxena3523@mailbox.com,9116350597,Kolkata,West Bengal,India,2024-04-09,Basic,Pending,Aggressive,Website,1
3524,Ishaan Mishra,ishaan.mishra3524@mailbox.com,9600947431,Nagpur,Maharashtra,India,2023-05-01,Elite,Verified,Aggressive,Referral,1
3525,Diya Malhotra,diya.malhotra3525@mailbox.com,9973398783,Nagpur,Maharashtra,India,2025-02-16,Premium,Verified,Conservative,YouTube,1
3526,Rohan Mehta,rohan.mehta3526@mailbox.com,9995444327,Coimbatore,Tamil Nadu,India,2025-01-21,Pro,Verified,Moderate,Social Media,1
3527,Reyansh Nair,reyansh.nair3527@mailbox.com,9634190175,Vadodara,Gujarat,India,2023-08-22,Pro,Verified,Moderate,Agent,1
3528,Vihaan Shah,vihaan.shah3528@mailbox.com,9486896460,Surat,Gujarat,India,2025-06-24,Premium,Verified,Aggressive,Agent,1
3529,Kabir Pandey,kabir.pandey3529@mailbox.com,9345630822,Surat,Gujarat,India,2024-02-22,Premium,Rejected,Conservative,Social Media,0
3530,Arjun Choudhary,arjun.choudhary3530@mailbox.com,9991007397,Pune,Maharashtra,India,2023-06-10,Basic,Verified,Aggressive,YouTube,1
3531,Sara Saxena,sara.saxena3531@mailbox.com,9213602881,Chandigarh,Chandigarh,India,2023-07-03,Pro,Verified,Conservative,YouTube,1
3532,Aditya Nair,aditya.nair3532@mailbox.com,9557506526,Indore,Madhya Pradesh,India,2025-01-30,Pro,Verified,Moderate,Referral,1
3533,Aditya Joshi,aditya.joshi3533@mailbox.com,9453208908,Mumbai,Maharashtra,India,2023-08-19,Premium,Verified,Aggressive,Google Ads,0
3534,Aryan Chopra,aryan.chopra3534@mailbox.com,9546225956,Chandigarh,Chandigarh,India,2024-05-15,Basic,Verified,Aggressive,Website,1
3535,Vihaan Kapoor,vihaan.kapoor3535@mailbox.com,9342829900,Ahmedabad,Gujarat,India,2025-02-20,Elite,Verified,Moderate,App Store,0
3536,Aditya Shah,aditya.shah3536@mailbox.com,9889025932,Lucknow,Uttar Pradesh,India,2025-06-27,Elite,Verified,Moderate,Website,1
3537,Vivaan Iyer,vivaan.iyer3537@mailbox.com,9290584879,Lucknow,Uttar Pradesh,India,2024-06-05,Premium,Verified,Aggressive,Social Media,1
3538,Reyansh Bhatt,reyansh.bhatt3538@mailbox.com,9391232419,Chandigarh,Chandigarh,India,2025-08-24,Elite,Verified,Moderate,Agent,1
3539,Amit Sharma,amit.sharma3539@mailbox.com,9104007729,Kolkata,West Bengal,India,2023-11-19,Premium,Verified,Moderate,App Store,1
3540,Anil Trivedi,anil.trivedi3540@mailbox.com,9710749524,Ahmedabad,Gujarat,India,2025-07-18,Basic,Pending,Conservative,Website,0
3541,Divya Nair,divya.nair3541@mailbox.com,9872614811,Mumbai,Maharashtra,India,2023-09-24,Premium,Verified,Aggressive,Social Media,1
3542,Vikram Yadav,vikram.yadav3542@mailbox.com,9897544153,Pune,Maharashtra,India,2023-03-10,Basic,Verified,Aggressive,App Store,1
3543,Vihaan Kapoor,vihaan.kapoor3543@mailbox.com,9250714003,Delhi,Delhi,India,2025-02-11,Premium,Pending,Moderate,Social Media,0
3544,Rajesh Kapoor,rajesh.kapoor3544@mailbox.com,9790189718,Nagpur,Maharashtra,India,2025-03-17,Premium,Pending,Conservative,Website,1
3545,Vivaan Singh,vivaan.singh3545@mailbox.com,9665628576,Kochi,Kerala,India,2025-09-13,Basic,Verified,Conservative,Referral,1
3546,Pooja Shah,pooja.shah3546@mailbox.com,9732158586,Lucknow,Uttar Pradesh,India,2025-09-08,Basic,Verified,Conservative,Website,1
3547,Aadhya Saxena,aadhya.saxena3547@mailbox.com,9237318052,Coimbatore,Tamil Nadu,India,2023-04-19,Premium,Verified,Conservative,Referral,1
3548,Kiran Jain,kiran.jain3548@mailbox.com,9199461455,Vadodara,Gujarat,India,2024-10-23,Pro,Verified,Moderate,Website,1
3549,Isha Gupta,isha.gupta3549@mailbox.com,9165702423,Delhi,Delhi,India,2025-01-20,Elite,Verified,Moderate,Google Ads,1
3550,Pooja Reddy,pooja.reddy3550@mailbox.com,9737524716,Kanpur,Uttar Pradesh,India,2024-10-01,Basic,Verified,Moderate,Google Ads,1
3551,Anika Mishra,anika.mishra3551@mailbox.com,9207413700,Kanpur,Uttar Pradesh,India,2023-01-20,Pro,Verified,Aggressive,App Store,1
3552,Rahul Verma,rahul.verma3552@mailbox.com,9550248098,Ahmedabad,Gujarat,India,2023-02-17,Basic,Verified,Conservative,App Store,1
3553,Varun Nair,varun.nair3553@mailbox.com,9314232993,Chandigarh,Chandigarh,India,2024-12-15,Basic,Verified,Aggressive,App Store,1
3554,Meera Chopra,meera.chopra3554@mailbox.com,9645073326,Ahmedabad,Gujarat,India,2025-06-30,Premium,Verified,Conservative,Google Ads,1
3555,Aadhya Tiwari,aadhya.tiwari3555@mailbox.com,9416992846,Delhi,Delhi,India,2023-07-10,Basic,Verified,Moderate,Agent,1
3556,Anika Jain,anika.jain3556@mailbox.com,9545968766,Kanpur,Uttar Pradesh,India,2023-02-19,Pro,Verified,Aggressive,Google Ads,1
3557,Meera Mishra,meera.mishra3557@mailbox.com,9451233071,Chennai,Tamil Nadu,India,2024-03-06,Basic,Verified,Aggressive,Referral,1
3558,Kavya Mehta,kavya.mehta3558@mailbox.com,9660144648,Ahmedabad,Gujarat,India,2023-11-30,Basic,Verified,Moderate,Google Ads,1
3559,Ishaan Menon,ishaan.menon3559@mailbox.com,9448562504,Kanpur,Uttar Pradesh,India,2025-11-12,Premium,Verified,Conservative,Referral,1
3560,Riya Saxena,riya.saxena3560@mailbox.com,9690760034,Bhopal,Madhya Pradesh,India,2025-09-13,Basic,Verified,Moderate,Google Ads,1
3561,Aditya Yadav,aditya.yadav3561@mailbox.com,9204159529,Kolkata,West Bengal,India,2024-08-17,Basic,Pending,Moderate,Referral,1
3562,Ishaan Sharma,ishaan.sharma3562@mailbox.com,9879031375,Ahmedabad,Gujarat,India,2025-10-08,Basic,Verified,Aggressive,App Store,1
3563,Aadhya Yadav,aadhya.yadav3563@mailbox.com,9515642048,Delhi,Delhi,India,2023-09-01,Basic,Verified,Moderate,Social Media,1
3564,Suresh Agarwal,suresh.agarwal3564@mailbox.com,9648238672,Ahmedabad,Gujarat,India,2025-11-22,Pro,Verified,Aggressive,Google Ads,1
3565,Suresh Singh,suresh.singh3565@mailbox.com,9765816164,Nagpur,Maharashtra,India,2024-04-21,Basic,Verified,Aggressive,Website,1
3566,Ananya Pillai,ananya.pillai3566@mailbox.com,9231491965,Indore,Madhya Pradesh,India,2024-05-22,Premium,Verified,Conservative,YouTube,1
3567,Aadhya Bhatt,aadhya.bhatt3567@mailbox.com,9975036320,Kolkata,West Bengal,India,2023-02-23,Premium,Verified,Aggressive,Social Media,1
3568,Ishaan Singh,ishaan.singh3568@mailbox.com,9481486961,Delhi,Delhi,India,2023-07-08,Premium,Verified,Moderate,Social Media,1
3569,Rajesh Verma,rajesh.verma3569@mailbox.com,9900740082,Nagpur,Maharashtra,India,2023-07-27,Premium,Verified,Moderate,Agent,1
3570,Karan Mishra,karan.mishra3570@mailbox.com,9475044320,Surat,Gujarat,India,2024-06-03,Premium,Verified,Conservative,Referral,1
3571,Suresh Tiwari,suresh.tiwari3571@mailbox.com,9465015152,Delhi,Delhi,India,2023-07-22,Pro,Verified,Moderate,App Store,1
3572,Anil Kumar,anil.kumar3572@mailbox.com,9640558789,Kanpur,Uttar Pradesh,India,2023-04-19,Basic,Pending,Moderate,Agent,1
3573,Sneha Pandey,sneha.pandey3573@mailbox.com,9271807315,Delhi,Delhi,India,2024-10-06,Pro,Verified,Conservative,Website,0
3574,Kavya Pandey,kavya.pandey3574@mailbox.com,9647982655,Lucknow,Uttar Pradesh,India,2025-07-18,Basic,Rejected,Aggressive,Social Media,1
3575,Yash Yadav,yash.yadav3575@mailbox.com,9680699922,Indore,Madhya Pradesh,India,2023-03-16,Premium,Verified,Aggressive,Referral,1
3576,Sneha Reddy,sneha.reddy3576@mailbox.com,9163059043,Bhopal,Madhya Pradesh,India,2024-08-19,Premium,Verified,Conservative,App Store,1
3577,Pooja Menon,pooja.menon3577@mailbox.com,9728112750,Bhopal,Madhya Pradesh,India,2025-10-19,Basic,Verified,Conservative,Social Media,1
3578,Deepak Yadav,deepak.yadav3578@mailbox.com,9130061044,Patna,Bihar,India,2024-03-06,Basic,Verified,Moderate,Social Media,1
3579,Kiran Pandey,kiran.pandey3579@mailbox.com,9193018641,Chennai,Tamil Nadu,India,2023-07-14,Basic,Verified,Aggressive,Social Media,1
3580,Vihaan Pillai,vihaan.pillai3580@mailbox.com,9356122490,Chandigarh,Chandigarh,India,2023-03-26,Basic,Verified,Conservative,Referral,0
3581,Kiran Patel,kiran.patel3581@mailbox.com,9103194987,Pune,Maharashtra,India,2025-09-24,Premium,Rejected,Aggressive,Google Ads,1
3582,Rajesh Gupta,rajesh.gupta3582@mailbox.com,9115613037,Ahmedabad,Gujarat,India,2024-03-07,Basic,Verified,Moderate,Social Media,1
3583,Rohan Rao,rohan.rao3583@mailbox.com,9810310657,Patna,Bihar,India,2023-04-22,Pro,Verified,Moderate,Website,1
3584,Isha Verma,isha.verma3584@mailbox.com,9509177360,Pune,Maharashtra,India,2025-07-11,Pro,Verified,Conservative,Google Ads,1
3585,Rajesh Patel,rajesh.patel3585@mailbox.com,9486487069,Delhi,Delhi,India,2025-05-04,Basic,Verified,Moderate,App Store,1
3586,Rohan Gupta,rohan.gupta3586@mailbox.com,9723642879,Bhopal,Madhya Pradesh,India,2025-01-19,Basic,Verified,Aggressive,Social Media,1
3587,Riya Trivedi,riya.trivedi3587@mailbox.com,9760894236,Surat,Gujarat,India,2023-03-31,Basic,Verified,Conservative,App Store,0
3588,Sneha Menon,sneha.menon3588@mailbox.com,9359327917,Nagpur,Maharashtra,India,2023-03-29,Pro,Verified,Moderate,Google Ads,1
3589,Priya Nair,priya.nair3589@mailbox.com,9250405251,Bengaluru,Karnataka,India,2023-08-22,Basic,Verified,Conservative,Website,1
3590,Nikhil Shah,nikhil.shah3590@mailbox.com,9963409502,Indore,Madhya Pradesh,India,2023-06-20,Basic,Verified,Conservative,Referral,1
3591,Arjun Chopra,arjun.chopra3591@mailbox.com,9668345010,Hyderabad,Telangana,India,2024-07-20,Elite,Verified,Conservative,Social Media,1
3592,Diya Chopra,diya.chopra3592@mailbox.com,9984659323,Nagpur,Maharashtra,India,2024-02-22,Premium,Verified,Aggressive,Website,1
3593,Aryan Reddy,aryan.reddy3593@mailbox.com,9376024777,Kanpur,Uttar Pradesh,India,2025-03-26,Basic,Verified,Aggressive,Google Ads,1
3594,Sanjay Malhotra,sanjay.malhotra3594@mailbox.com,9200139185,Patna,Bihar,India,2023-04-18,Pro,Verified,Conservative,Google Ads,0
3595,Karan Patel,karan.patel3595@mailbox.com,9443724826,Vadodara,Gujarat,India,2025-02-14,Pro,Verified,Aggressive,Referral,1
3596,Diya Menon,diya.menon3596@mailbox.com,9747358175,Hyderabad,Telangana,India,2025-09-21,Premium,Verified,Moderate,Referral,1
3597,Kavya Yadav,kavya.yadav3597@mailbox.com,9744513153,Bengaluru,Karnataka,India,2023-05-20,Basic,Pending,Aggressive,Social Media,1
3598,Sanjay Nair,sanjay.nair3598@mailbox.com,9164393243,Nagpur,Maharashtra,India,2024-11-25,Premium,Verified,Moderate,App Store,1
3599,Diya Mehta,diya.mehta3599@mailbox.com,9408504599,Vadodara,Gujarat,India,2024-06-26,Basic,Verified,Aggressive,Social Media,1
3600,Neha Choudhary,neha.choudhary3600@mailbox.com,9452190906,Hyderabad,Telangana,India,2023-04-11,Premium,Verified,Conservative,Website,1
3601,Anika Shah,anika.shah3601@mailbox.com,9583680390,Lucknow,Uttar Pradesh,India,2023-11-08,Basic,Verified,Conservative,Agent,1
3602,Neha Kapoor,neha.kapoor3602@mailbox.com,9744174379,Jaipur,Rajasthan,India,2025-04-19,Premium,Verified,Conservative,Social Media,1
3603,Ishaan Rao,ishaan.rao3603@mailbox.com,9364050086,Pune,Maharashtra,India,2025-07-14,Pro,Pending,Aggressive,Website,0
3604,Neha Saxena,neha.saxena3604@mailbox.com,9279301973,Surat,Gujarat,India,2024-01-28,Elite,Verified,Conservative,Agent,0
3605,Nikhil Patel,nikhil.patel3605@mailbox.com,9952671693,Kolkata,West Bengal,India,2023-04-24,Pro,Verified,Conservative,Agent,1
3606,Reyansh Yadav,reyansh.yadav3606@mailbox.com,9499604678,Lucknow,Uttar Pradesh,India,2023-09-18,Basic,Verified,Aggressive,Social Media,1
3607,Kavya Joshi,kavya.joshi3607@mailbox.com,9997985756,Chandigarh,Chandigarh,India,2025-06-17,Basic,Verified,Moderate,Social Media,1
3608,Sneha Agarwal,sneha.agarwal3608@mailbox.com,9266403116,Ahmedabad,Gujarat,India,2024-08-30,Premium,Verified,Aggressive,YouTube,1
3609,Neha Saxena,neha.saxena3609@mailbox.com,9837019125,Mumbai,Maharashtra,India,2024-04-03,Basic,Verified,Moderate,Agent,1
3610,Priya Sharma,priya.sharma3610@mailbox.com,9989384935,Kochi,Kerala,India,2023-01-15,Basic,Verified,Conservative,Google Ads,1
3611,Sanjay Reddy,sanjay.reddy3611@mailbox.com,9369741250,Kolkata,West Bengal,India,2025-04-13,Pro,Verified,Moderate,Social Media,1
3612,Sneha Singh,sneha.singh3612@mailbox.com,9233070258,Patna,Bihar,India,2024-05-10,Basic,Verified,Conservative,Agent,1
3613,Neha Bansal,neha.bansal3613@mailbox.com,9697479987,Patna,Bihar,India,2024-08-03,Basic,Verified,Moderate,Social Media,1
3614,Aditya Iyer,aditya.iyer3614@mailbox.com,9174833228,Kanpur,Uttar Pradesh,India,2025-06-17,Premium,Verified,Aggressive,Social Media,1
3615,Rajesh Patel,rajesh.patel3615@mailbox.com,9676650232,Delhi,Delhi,India,2024-08-21,Elite,Verified,Conservative,Website,1
3616,Anika Agarwal,anika.agarwal3616@mailbox.com,9128812867,Vadodara,Gujarat,India,2025-09-15,Premium,Verified,Conservative,Referral,0
3617,Aditya Bhatt,aditya.bhatt3617@mailbox.com,9564393583,Surat,Gujarat,India,2024-08-18,Basic,Verified,Aggressive,Website,1
3618,Aadhya Tiwari,aadhya.tiwari3618@mailbox.com,9169286160,Jaipur,Rajasthan,India,2023-12-31,Premium,Verified,Conservative,Agent,1
3619,Anika Sharma,anika.sharma3619@mailbox.com,9258795249,Kochi,Kerala,India,2025-09-09,Pro,Verified,Moderate,YouTube,1
3620,Vihaan Pillai,vihaan.pillai3620@mailbox.com,9537714125,Patna,Bihar,India,2024-11-15,Basic,Verified,Aggressive,YouTube,0
3621,Aryan Sharma,aryan.sharma3621@mailbox.com,9394674903,Patna,Bihar,India,2025-03-20,Premium,Verified,Conservative,Website,1
3622,Rohan Nair,rohan.nair3622@mailbox.com,9176622534,Hyderabad,Telangana,India,2023-08-30,Premium,Verified,Conservative,Agent,1
3623,Kavya Mishra,kavya.mishra3623@mailbox.com,9820668469,Indore,Madhya Pradesh,India,2024-12-15,Premium,Verified,Aggressive,Agent,1
3624,Anika Bhatt,anika.bhatt3624@mailbox.com,9282666221,Kolkata,West Bengal,India,2024-08-19,Basic,Verified,Aggressive,Referral,1
3625,Anil Reddy,anil.reddy3625@mailbox.com,9883204089,Delhi,Delhi,India,2023-04-23,Pro,Verified,Aggressive,YouTube,1
3626,Divya Rao,divya.rao3626@mailbox.com,9259068537,Pune,Maharashtra,India,2023-09-28,Basic,Verified,Conservative,Social Media,1
3627,Rajesh Bhatt,rajesh.bhatt3627@mailbox.com,9567742047,Bengaluru,Karnataka,India,2025-08-28,Basic,Verified,Moderate,YouTube,1
3628,Karan Shah,karan.shah3628@mailbox.com,9754331707,Bengaluru,Karnataka,India,2024-08-31,Basic,Verified,Aggressive,Google Ads,1
3629,Anil Mehta,anil.mehta3629@mailbox.com,9532280349,Bhopal,Madhya Pradesh,India,2025-04-04,Premium,Verified,Aggressive,Referral,0
3630,Anil Sharma,anil.sharma3630@mailbox.com,9475388157,Kanpur,Uttar Pradesh,India,2023-07-02,Basic,Verified,Moderate,Website,1
3631,Riya Malhotra,riya.malhotra3631@mailbox.com,9110600548,Ahmedabad,Gujarat,India,2023-08-21,Pro,Verified,Moderate,Website,1
3632,Amit Pillai,amit.pillai3632@mailbox.com,9843570659,Hyderabad,Telangana,India,2025-09-29,Pro,Verified,Conservative,Referral,1
3633,Vivaan Malhotra,vivaan.malhotra3633@mailbox.com,9720906934,Patna,Bihar,India,2024-03-23,Basic,Rejected,Conservative,Google Ads,1
3634,Rajesh Tiwari,rajesh.tiwari3634@mailbox.com,9788362130,Indore,Madhya Pradesh,India,2025-08-02,Pro,Verified,Moderate,Google Ads,1
3635,Yash Shah,yash.shah3635@mailbox.com,9478870742,Nagpur,Maharashtra,India,2025-05-10,Elite,Verified,Conservative,Agent,1
3636,Riya Bhatt,riya.bhatt3636@mailbox.com,9445985244,Hyderabad,Telangana,India,2023-12-25,Basic,Verified,Aggressive,App Store,1
3637,Amit Sharma,amit.sharma3637@mailbox.com,9614727200,Bengaluru,Karnataka,India,2025-10-08,Premium,Verified,Conservative,App Store,0
3638,Zara Jain,zara.jain3638@mailbox.com,9677733184,Bengaluru,Karnataka,India,2025-04-07,Elite,Verified,Moderate,YouTube,1
3639,Vihaan Trivedi,vihaan.trivedi3639@mailbox.com,9871623916,Mumbai,Maharashtra,India,2023-05-16,Pro,Verified,Moderate,YouTube,1
3640,Neha Bansal,neha.bansal3640@mailbox.com,9148502206,Vadodara,Gujarat,India,2023-04-12,Premium,Verified,Conservative,App Store,1
3641,Meera Menon,meera.menon3641@mailbox.com,9236584570,Ahmedabad,Gujarat,India,2023-05-15,Pro,Verified,Moderate,App Store,1
3642,Varun Shah,varun.shah3642@mailbox.com,9951955224,Surat,Gujarat,India,2025-02-27,Premium,Verified,Aggressive,Referral,1
3643,Varun Pandey,varun.pandey3643@mailbox.com,9150956995,Vadodara,Gujarat,India,2023-06-02,Basic,Verified,Conservative,Website,1
3644,Zara Iyer,zara.iyer3644@mailbox.com,9194168433,Coimbatore,Tamil Nadu,India,2023-10-28,Basic,Verified,Conservative,Google Ads,0
3645,Yash Verma,yash.verma3645@mailbox.com,9467989556,Pune,Maharashtra,India,2024-04-07,Premium,Verified,Conservative,YouTube,1
3646,Amit Pillai,amit.pillai3646@mailbox.com,9745592327,Lucknow,Uttar Pradesh,India,2023-05-25,Basic,Verified,Conservative,Social Media,1
3647,Pooja Choudhary,pooja.choudhary3647@mailbox.com,9795053874,Lucknow,Uttar Pradesh,India,2023-12-18,Basic,Verified,Aggressive,Social Media,1
3648,Neha Verma,neha.verma3648@mailbox.com,9905216238,Mumbai,Maharashtra,India,2024-12-23,Basic,Verified,Conservative,Google Ads,1
3649,Aryan Shah,aryan.shah3649@mailbox.com,9277325598,Patna,Bihar,India,2025-11-01,Pro,Verified,Conservative,Referral,1
3650,Divya Reddy,divya.reddy3650@mailbox.com,9281654061,Nagpur,Maharashtra,India,2024-05-15,Premium,Verified,Aggressive,Agent,0
3651,Arjun Mishra,arjun.mishra3651@mailbox.com,9587698435,Ahmedabad,Gujarat,India,2025-03-06,Basic,Verified,Aggressive,Website,1
3652,Aditya Iyer,aditya.iyer3652@mailbox.com,9592229563,Nagpur,Maharashtra,India,2024-07-18,Basic,Verified,Conservative,Google Ads,1
3653,Aadhya Joshi,aadhya.joshi3653@mailbox.com,9132927159,Bhopal,Madhya Pradesh,India,2024-05-11,Basic,Verified,Moderate,Social Media,1
3654,Rahul Verma,rahul.verma3654@mailbox.com,9502457930,Mumbai,Maharashtra,India,2024-07-08,Basic,Verified,Conservative,Google Ads,1
3655,Priya Sharma,priya.sharma3655@mailbox.com,9907884990,Indore,Madhya Pradesh,India,2025-10-17,Premium,Verified,Conservative,Referral,1
3656,Zara Trivedi,zara.trivedi3656@mailbox.com,9247507018,Kochi,Kerala,India,2023-03-05,Basic,Verified,Aggressive,Google Ads,1
3657,Rahul Bansal,rahul.bansal3657@mailbox.com,9838004224,Bhopal,Madhya Pradesh,India,2024-06-30,Elite,Verified,Moderate,YouTube,1
3658,Nikhil Jain,nikhil.jain3658@mailbox.com,9502516301,Indore,Madhya Pradesh,India,2023-02-24,Basic,Pending,Moderate,Referral,1
3659,Kavya Reddy,kavya.reddy3659@mailbox.com,9571968271,Delhi,Delhi,India,2025-07-20,Basic,Verified,Conservative,Social Media,1
3660,Zara Pandey,zara.pandey3660@mailbox.com,9677447462,Bhopal,Madhya Pradesh,India,2024-10-02,Pro,Verified,Conservative,Website,1
3661,Sanjay Tiwari,sanjay.tiwari3661@mailbox.com,9735208295,Patna,Bihar,India,2023-02-20,Basic,Verified,Moderate,App Store,1
3662,Riya Singh,riya.singh3662@mailbox.com,9673744081,Lucknow,Uttar Pradesh,India,2024-10-26,Basic,Verified,Moderate,Google Ads,1
3663,Yash Desai,yash.desai3663@mailbox.com,9365802636,Nagpur,Maharashtra,India,2024-04-09,Basic,Verified,Aggressive,YouTube,1
3664,Yash Tiwari,yash.tiwari3664@mailbox.com,9860688545,Indore,Madhya Pradesh,India,2023-02-20,Premium,Verified,Conservative,Website,1
3665,Rahul Joshi,rahul.joshi3665@mailbox.com,9136131543,Bengaluru,Karnataka,India,2025-11-07,Basic,Verified,Moderate,Google Ads,1
3666,Riya Gupta,riya.gupta3666@mailbox.com,9743735377,Kolkata,West Bengal,India,2024-02-08,Pro,Verified,Moderate,Social Media,1
3667,Vikram Mishra,vikram.mishra3667@mailbox.com,9207970656,Patna,Bihar,India,2023-01-26,Premium,Verified,Aggressive,YouTube,1
3668,Kabir Kapoor,kabir.kapoor3668@mailbox.com,9982620355,Vadodara,Gujarat,India,2024-10-14,Pro,Verified,Moderate,Google Ads,1
3669,Anika Sharma,anika.sharma3669@mailbox.com,9127937225,Kolkata,West Bengal,India,2024-02-04,Premium,Verified,Moderate,Referral,1
3670,Rohan Jain,rohan.jain3670@mailbox.com,9120277399,Jaipur,Rajasthan,India,2024-11-30,Pro,Verified,Moderate,Google Ads,1
3671,Reyansh Choudhary,reyansh.choudhary3671@mailbox.com,9665659775,Coimbatore,Tamil Nadu,India,2023-06-22,Premium,Verified,Moderate,Website,1
3672,Vihaan Gupta,vihaan.gupta3672@mailbox.com,9254579496,Hyderabad,Telangana,India,2025-06-01,Premium,Verified,Aggressive,Social Media,1
3673,Vikram Rao,vikram.rao3673@mailbox.com,9816175330,Kolkata,West Bengal,India,2024-03-23,Premium,Verified,Conservative,Social Media,1
3674,Aarav Sharma,aarav.sharma3674@mailbox.com,9747331883,Delhi,Delhi,India,2024-03-24,Premium,Pending,Moderate,Referral,1
3675,Pooja Tiwari,pooja.tiwari3675@mailbox.com,9306798462,Chennai,Tamil Nadu,India,2025-05-06,Basic,Pending,Conservative,Referral,1
3676,Anika Sharma,anika.sharma3676@mailbox.com,9163365628,Indore,Madhya Pradesh,India,2024-08-06,Premium,Verified,Conservative,Social Media,1
3677,Myra Bhatt,myra.bhatt3677@mailbox.com,9539120261,Pune,Maharashtra,India,2023-01-02,Basic,Verified,Conservative,Agent,0
3678,Rajesh Nair,rajesh.nair3678@mailbox.com,9172990794,Vadodara,Gujarat,India,2024-09-08,Premium,Verified,Moderate,Agent,1
3679,Amit Menon,amit.menon3679@mailbox.com,9202213117,Kochi,Kerala,India,2024-11-18,Basic,Verified,Conservative,Agent,1
3680,Divya Shah,divya.shah3680@mailbox.com,9994608517,Kochi,Kerala,India,2023-11-29,Basic,Verified,Aggressive,App Store,1
3681,Meera Mishra,meera.mishra3681@mailbox.com,9665057551,Bhopal,Madhya Pradesh,India,2023-07-12,Basic,Verified,Moderate,Social Media,1
3682,Vivaan Singh,vivaan.singh3682@mailbox.com,9348864615,Bhopal,Madhya Pradesh,India,2023-02-27,Basic,Verified,Aggressive,Referral,1
3683,Rohan Sharma,rohan.sharma3683@mailbox.com,9395465877,Kanpur,Uttar Pradesh,India,2025-06-20,Basic,Verified,Aggressive,YouTube,1
3684,Sanjay Singh,sanjay.singh3684@mailbox.com,9651275343,Vadodara,Gujarat,India,2023-01-05,Basic,Verified,Aggressive,Referral,1
3685,Aryan Choudhary,aryan.choudhary3685@mailbox.com,9566739166,Delhi,Delhi,India,2024-09-13,Premium,Verified,Moderate,Google Ads,1
3686,Ishaan Menon,ishaan.menon3686@mailbox.com,9792023709,Bhopal,Madhya Pradesh,India,2025-06-09,Basic,Verified,Aggressive,Google Ads,1
3687,Arjun Gupta,arjun.gupta3687@mailbox.com,9857907647,Bengaluru,Karnataka,India,2024-01-11,Elite,Verified,Moderate,Google Ads,1
3688,Varun Rao,varun.rao3688@mailbox.com,9153219601,Pune,Maharashtra,India,2023-08-02,Pro,Verified,Aggressive,Social Media,0
3689,Yash Iyer,yash.iyer3689@mailbox.com,9359730646,Kolkata,West Bengal,India,2025-01-31,Basic,Verified,Conservative,Google Ads,1
3690,Ishaan Saxena,ishaan.saxena3690@mailbox.com,9266782473,Indore,Madhya Pradesh,India,2024-11-02,Basic,Verified,Aggressive,Social Media,1
3691,Aadhya Agarwal,aadhya.agarwal3691@mailbox.com,9955561162,Patna,Bihar,India,2023-01-16,Basic,Verified,Conservative,Google Ads,1
3692,Pooja Tiwari,pooja.tiwari3692@mailbox.com,9925382372,Delhi,Delhi,India,2024-09-06,Basic,Verified,Moderate,Website,1
3693,Kabir Yadav,kabir.yadav3693@mailbox.com,9399327226,Indore,Madhya Pradesh,India,2023-01-01,Premium,Verified,Moderate,Website,1
3694,Kavya Trivedi,kavya.trivedi3694@mailbox.com,9466386830,Chennai,Tamil Nadu,India,2024-03-01,Premium,Verified,Conservative,Website,1
3695,Sara Malhotra,sara.malhotra3695@mailbox.com,9495465022,Delhi,Delhi,India,2023-11-20,Premium,Verified,Conservative,YouTube,1
3696,Pooja Mishra,pooja.mishra3696@mailbox.com,9442606387,Jaipur,Rajasthan,India,2025-06-06,Basic,Verified,Moderate,App Store,1
3697,Isha Saxena,isha.saxena3697@mailbox.com,9305369711,Nagpur,Maharashtra,India,2025-11-06,Premium,Verified,Conservative,App Store,1
3698,Aadhya Nair,aadhya.nair3698@mailbox.com,9373706927,Chennai,Tamil Nadu,India,2025-01-13,Basic,Verified,Conservative,Social Media,1
3699,Diya Malhotra,diya.malhotra3699@mailbox.com,9196380759,Ahmedabad,Gujarat,India,2025-02-21,Pro,Verified,Aggressive,Social Media,1
3700,Rajesh Shah,rajesh.shah3700@mailbox.com,9828578236,Vadodara,Gujarat,India,2023-01-25,Elite,Verified,Conservative,Agent,1
3701,Ishaan Iyer,ishaan.iyer3701@mailbox.com,9689305185,Pune,Maharashtra,India,2023-03-10,Basic,Verified,Aggressive,Google Ads,1
3702,Karan Patel,karan.patel3702@mailbox.com,9937348272,Vadodara,Gujarat,India,2025-04-07,Pro,Verified,Conservative,Social Media,1
3703,Karan Yadav,karan.yadav3703@mailbox.com,9667988991,Chandigarh,Chandigarh,India,2024-04-01,Pro,Verified,Conservative,Website,1
3704,Nikhil Gupta,nikhil.gupta3704@mailbox.com,9604355547,Ahmedabad,Gujarat,India,2024-06-23,Premium,Verified,Moderate,Website,1
3705,Varun Choudhary,varun.choudhary3705@mailbox.com,9661267117,Nagpur,Maharashtra,India,2025-01-06,Basic,Verified,Moderate,Social Media,1
3706,Rahul Desai,rahul.desai3706@mailbox.com,9990737415,Bhopal,Madhya Pradesh,India,2024-01-05,Pro,Verified,Aggressive,Website,1
3707,Ishaan Menon,ishaan.menon3707@mailbox.com,9226929275,Lucknow,Uttar Pradesh,India,2024-12-27,Basic,Verified,Aggressive,Google Ads,1
3708,Rajesh Verma,rajesh.verma3708@mailbox.com,9111235374,Jaipur,Rajasthan,India,2025-02-13,Basic,Verified,Moderate,Social Media,1
3709,Zara Kapoor,zara.kapoor3709@mailbox.com,9542813849,Pune,Maharashtra,India,2023-09-13,Premium,Verified,Conservative,Social Media,1
3710,Anil Mishra,anil.mishra3710@mailbox.com,9256543838,Bengaluru,Karnataka,India,2024-12-31,Basic,Verified,Conservative,App Store,1
3711,Myra Rao,myra.rao3711@mailbox.com,9226997751,Mumbai,Maharashtra,India,2023-06-30,Basic,Verified,Aggressive,YouTube,1
3712,Aryan Choudhary,aryan.choudhary3712@mailbox.com,9232694518,Pune,Maharashtra,India,2023-11-27,Elite,Rejected,Aggressive,Website,0
3713,Manoj Jain,manoj.jain3713@mailbox.com,9349275799,Patna,Bihar,India,2025-04-10,Basic,Verified,Conservative,Agent,1
3714,Rohan Tiwari,rohan.tiwari3714@mailbox.com,9204293802,Chennai,Tamil Nadu,India,2025-11-12,Premium,Verified,Moderate,Social Media,1
3715,Divya Nair,divya.nair3715@mailbox.com,9537317936,Hyderabad,Telangana,India,2023-03-10,Premium,Verified,Conservative,YouTube,1
3716,Diya Joshi,diya.joshi3716@mailbox.com,9688642583,Pune,Maharashtra,India,2024-11-21,Basic,Verified,Conservative,App Store,1
3717,Kavya Choudhary,kavya.choudhary3717@mailbox.com,9222714056,Nagpur,Maharashtra,India,2024-08-29,Premium,Verified,Aggressive,YouTube,1
3718,Ananya Kapoor,ananya.kapoor3718@mailbox.com,9615182927,Chennai,Tamil Nadu,India,2024-10-07,Premium,Verified,Conservative,Google Ads,0
3719,Sneha Pillai,sneha.pillai3719@mailbox.com,9444323355,Chennai,Tamil Nadu,India,2025-04-17,Premium,Verified,Conservative,YouTube,1
3720,Ananya Trivedi,ananya.trivedi3720@mailbox.com,9468959187,Bengaluru,Karnataka,India,2023-03-16,Premium,Verified,Conservative,App Store,0
3721,Pooja Saxena,pooja.saxena3721@mailbox.com,9324120396,Pune,Maharashtra,India,2025-02-26,Elite,Verified,Aggressive,Referral,1
3722,Vikram Rao,vikram.rao3722@mailbox.com,9231274490,Chennai,Tamil Nadu,India,2023-10-25,Pro,Verified,Aggressive,Social Media,1
3723,Rajesh Trivedi,rajesh.trivedi3723@mailbox.com,9602206539,Chandigarh,Chandigarh,India,2023-06-14,Basic,Verified,Aggressive,Website,1
3724,Aryan Iyer,aryan.iyer3724@mailbox.com,9231515087,Coimbatore,Tamil Nadu,India,2024-04-21,Basic,Verified,Conservative,App Store,1
3725,Aarav Pandey,aarav.pandey3725@mailbox.com,9712490191,Ahmedabad,Gujarat,India,2023-01-29,Premium,Verified,Conservative,Referral,1
3726,Aryan Desai,aryan.desai3726@mailbox.com,9330585135,Delhi,Delhi,India,2024-11-02,Pro,Verified,Aggressive,Agent,1
3727,Arjun Mishra,arjun.mishra3727@mailbox.com,9608893124,Delhi,Delhi,India,2024-08-24,Pro,Verified,Moderate,Google Ads,1
3728,Amit Yadav,amit.yadav3728@mailbox.com,9583164786,Pune,Maharashtra,India,2024-06-30,Basic,Verified,Conservative,YouTube,1
3729,Kavya Yadav,kavya.yadav3729@mailbox.com,9670077313,Lucknow,Uttar Pradesh,India,2023-02-02,Pro,Verified,Conservative,Website,1
3730,Pooja Trivedi,pooja.trivedi3730@mailbox.com,9782286039,Kanpur,Uttar Pradesh,India,2025-03-23,Basic,Verified,Aggressive,YouTube,1
3731,Meera Menon,meera.menon3731@mailbox.com,9604538491,Pune,Maharashtra,India,2023-02-07,Basic,Verified,Aggressive,YouTube,0
3732,Deepak Singh,deepak.singh3732@mailbox.com,9867498977,Ahmedabad,Gujarat,India,2023-10-07,Premium,Verified,Conservative,Google Ads,1
3733,Aadhya Bansal,aadhya.bansal3733@mailbox.com,9333103499,Kolkata,West Bengal,India,2024-02-26,Basic,Verified,Moderate,YouTube,1
3734,Varun Kapoor,varun.kapoor3734@mailbox.com,9776276063,Kanpur,Uttar Pradesh,India,2025-01-17,Premium,Verified,Moderate,Social Media,1
3735,Isha Bhatt,isha.bhatt3735@mailbox.com,9408671232,Surat,Gujarat,India,2024-03-10,Basic,Verified,Moderate,Google Ads,1
3736,Rohan Menon,rohan.menon3736@mailbox.com,9542797731,Mumbai,Maharashtra,India,2025-05-19,Pro,Rejected,Moderate,YouTube,1
3737,Sara Malhotra,sara.malhotra3737@mailbox.com,9916862118,Lucknow,Uttar Pradesh,India,2025-09-22,Elite,Verified,Conservative,Social Media,0
3738,Amit Kumar,amit.kumar3738@mailbox.com,9344089098,Indore,Madhya Pradesh,India,2025-03-25,Basic,Verified,Moderate,Website,1
3739,Priya Saxena,priya.saxena3739@mailbox.com,9567763121,Surat,Gujarat,India,2023-02-11,Premium,Pending,Aggressive,Website,1
3740,Anil Chopra,anil.chopra3740@mailbox.com,9470458494,Nagpur,Maharashtra,India,2025-03-31,Premium,Verified,Aggressive,Referral,1
3741,Rohan Verma,rohan.verma3741@mailbox.com,9108908796,Kanpur,Uttar Pradesh,India,2023-08-08,Basic,Verified,Conservative,YouTube,1
3742,Isha Mehta,isha.mehta3742@mailbox.com,9394645780,Surat,Gujarat,India,2025-08-04,Pro,Verified,Aggressive,Agent,0
3743,Varun Mishra,varun.mishra3743@mailbox.com,9535643368,Ahmedabad,Gujarat,India,2025-11-08,Premium,Verified,Moderate,Social Media,1
3744,Anika Singh,anika.singh3744@mailbox.com,9447324687,Nagpur,Maharashtra,India,2023-03-31,Basic,Verified,Conservative,Website,1
3745,Karan Chopra,karan.chopra3745@mailbox.com,9233485553,Pune,Maharashtra,India,2023-04-16,Pro,Verified,Conservative,App Store,0
3746,Aryan Nair,aryan.nair3746@mailbox.com,9743161593,Jaipur,Rajasthan,India,2025-01-12,Basic,Verified,Aggressive,Agent,1
3747,Anika Gupta,anika.gupta3747@mailbox.com,9816937884,Bengaluru,Karnataka,India,2023-06-02,Basic,Verified,Moderate,YouTube,1
3748,Aryan Kumar,aryan.kumar3748@mailbox.com,9509266749,Ahmedabad,Gujarat,India,2025-10-28,Basic,Verified,Conservative,YouTube,1
3749,Nikhil Tiwari,nikhil.tiwari3749@mailbox.com,9149831275,Bengaluru,Karnataka,India,2024-07-29,Pro,Verified,Aggressive,Social Media,1
3750,Nikhil Menon,nikhil.menon3750@mailbox.com,9156161588,Chennai,Tamil Nadu,India,2024-09-02,Elite,Verified,Aggressive,YouTube,1
3751,Vikram Reddy,vikram.reddy3751@mailbox.com,9707216718,Jaipur,Rajasthan,India,2025-07-05,Basic,Verified,Moderate,Agent,1
3752,Suresh Patel,suresh.patel3752@mailbox.com,9878014172,Kanpur,Uttar Pradesh,India,2023-08-20,Basic,Verified,Moderate,Social Media,1
3753,Yash Chopra,yash.chopra3753@mailbox.com,9464943132,Coimbatore,Tamil Nadu,India,2024-08-14,Basic,Verified,Moderate,Agent,1
3754,Ananya Saxena,ananya.saxena3754@mailbox.com,9547685511,Mumbai,Maharashtra,India,2025-11-29,Premium,Verified,Conservative,Google Ads,1
3755,Vivaan Saxena,vivaan.saxena3755@mailbox.com,9163180703,Kochi,Kerala,India,2023-01-24,Basic,Verified,Conservative,Website,1
3756,Isha Patel,isha.patel3756@mailbox.com,9789203118,Pune,Maharashtra,India,2023-07-06,Basic,Verified,Conservative,Website,1
3757,Pooja Saxena,pooja.saxena3757@mailbox.com,9485575714,Bhopal,Madhya Pradesh,India,2023-06-05,Basic,Verified,Moderate,Social Media,1
3758,Amit Mishra,amit.mishra3758@mailbox.com,9547185148,Surat,Gujarat,India,2023-12-24,Premium,Verified,Conservative,Website,1
3759,Vihaan Reddy,vihaan.reddy3759@mailbox.com,9986985386,Vadodara,Gujarat,India,2023-05-19,Premium,Verified,Conservative,Agent,1
3760,Sanjay Sharma,sanjay.sharma3760@mailbox.com,9834591127,Bengaluru,Karnataka,India,2023-07-03,Premium,Verified,Aggressive,Website,1
3761,Ishaan Tiwari,ishaan.tiwari3761@mailbox.com,9722138680,Vadodara,Gujarat,India,2025-06-27,Basic,Verified,Aggressive,Referral,1
3762,Rahul Nair,rahul.nair3762@mailbox.com,9450238575,Delhi,Delhi,India,2024-05-09,Premium,Verified,Conservative,Referral,1
3763,Vikram Bhatt,vikram.bhatt3763@mailbox.com,9749223823,Kochi,Kerala,India,2024-01-17,Premium,Verified,Moderate,Social Media,1
3764,Pooja Joshi,pooja.joshi3764@mailbox.com,9564244226,Surat,Gujarat,India,2024-03-22,Premium,Verified,Conservative,Website,1
3765,Aadhya Mehta,aadhya.mehta3765@mailbox.com,9230524811,Lucknow,Uttar Pradesh,India,2025-10-30,Basic,Verified,Aggressive,Referral,1
3766,Aadhya Reddy,aadhya.reddy3766@mailbox.com,9738472828,Ahmedabad,Gujarat,India,2024-06-07,Basic,Verified,Aggressive,Social Media,1
3767,Sneha Reddy,sneha.reddy3767@mailbox.com,9154440806,Delhi,Delhi,India,2024-05-14,Premium,Verified,Conservative,Referral,1
3768,Divya Kapoor,divya.kapoor3768@mailbox.com,9750313878,Chandigarh,Chandigarh,India,2025-09-15,Basic,Verified,Conservative,YouTube,1
3769,Manoj Singh,manoj.singh3769@mailbox.com,9643315992,Bhopal,Madhya Pradesh,India,2023-02-09,Premium,Verified,Conservative,Social Media,1
3770,Kavya Jain,kavya.jain3770@mailbox.com,9159722992,Coimbatore,Tamil Nadu,India,2024-05-24,Basic,Verified,Conservative,Agent,1
3771,Aadhya Nair,aadhya.nair3771@mailbox.com,9555490099,Bhopal,Madhya Pradesh,India,2025-03-07,Basic,Verified,Moderate,Referral,1
3772,Kavya Pandey,kavya.pandey3772@mailbox.com,9300345871,Vadodara,Gujarat,India,2024-07-02,Premium,Verified,Aggressive,Referral,1
3773,Amit Nair,amit.nair3773@mailbox.com,9528519859,Kochi,Kerala,India,2025-07-13,Basic,Verified,Aggressive,Referral,0
3774,Reyansh Joshi,reyansh.joshi3774@mailbox.com,9111670799,Jaipur,Rajasthan,India,2025-08-02,Basic,Pending,Conservative,Social Media,1
3775,Anika Nair,anika.nair3775@mailbox.com,9749631672,Bhopal,Madhya Pradesh,India,2023-12-25,Pro,Verified,Moderate,Website,1
3776,Kabir Kumar,kabir.kumar3776@mailbox.com,9558826664,Kolkata,West Bengal,India,2025-05-20,Basic,Verified,Aggressive,Social Media,1
3777,Amit Shah,amit.shah3777@mailbox.com,9426053599,Patna,Bihar,India,2023-09-17,Pro,Verified,Aggressive,Agent,1
3778,Deepak Saxena,deepak.saxena3778@mailbox.com,9888219868,Indore,Madhya Pradesh,India,2023-09-13,Basic,Pending,Moderate,Social Media,1
3779,Aryan Kumar,aryan.kumar3779@mailbox.com,9680439612,Jaipur,Rajasthan,India,2025-11-07,Pro,Verified,Aggressive,Agent,1
3780,Anika Menon,anika.menon3780@mailbox.com,9648599080,Indore,Madhya Pradesh,India,2023-01-14,Pro,Verified,Conservative,App Store,1
3781,Aditya Iyer,aditya.iyer3781@mailbox.com,9232410385,Kolkata,West Bengal,India,2024-01-12,Basic,Verified,Aggressive,Referral,1
3782,Karan Reddy,karan.reddy3782@mailbox.com,9550186774,Indore,Madhya Pradesh,India,2024-11-01,Premium,Verified,Moderate,Website,0
3783,Arjun Singh,arjun.singh3783@mailbox.com,9933369261,Lucknow,Uttar Pradesh,India,2024-03-16,Premium,Verified,Aggressive,Referral,1
3784,Rajesh Trivedi,rajesh.trivedi3784@mailbox.com,9643823912,Pune,Maharashtra,India,2025-06-18,Premium,Verified,Conservative,Agent,1
3785,Aryan Rao,aryan.rao3785@mailbox.com,9254996659,Vadodara,Gujarat,India,2023-09-25,Basic,Verified,Conservative,Website,1
3786,Sanjay Nair,sanjay.nair3786@mailbox.com,9710169687,Delhi,Delhi,India,2024-08-11,Elite,Verified,Moderate,Social Media,1
3787,Kabir Rao,kabir.rao3787@mailbox.com,9381640664,Patna,Bihar,India,2023-05-14,Premium,Verified,Moderate,Social Media,1
3788,Aarav Desai,aarav.desai3788@mailbox.com,9925575161,Chennai,Tamil Nadu,India,2023-08-13,Elite,Verified,Moderate,YouTube,1
3789,Aryan Verma,aryan.verma3789@mailbox.com,9912503578,Chennai,Tamil Nadu,India,2023-07-04,Pro,Verified,Aggressive,Website,0
3790,Isha Agarwal,isha.agarwal3790@mailbox.com,9417186183,Hyderabad,Telangana,India,2025-02-28,Pro,Pending,Aggressive,YouTube,1
3791,Arjun Iyer,arjun.iyer3791@mailbox.com,9714675236,Bengaluru,Karnataka,India,2023-08-04,Premium,Verified,Conservative,App Store,1
3792,Kabir Malhotra,kabir.malhotra3792@mailbox.com,9730023648,Bengaluru,Karnataka,India,2024-12-14,Premium,Verified,Moderate,Agent,0
3793,Ananya Pillai,ananya.pillai3793@mailbox.com,9321381245,Chandigarh,Chandigarh,India,2024-01-04,Pro,Verified,Conservative,YouTube,1
3794,Priya Patel,priya.patel3794@mailbox.com,9948347826,Coimbatore,Tamil Nadu,India,2024-08-24,Premium,Verified,Aggressive,YouTube,1
3795,Kiran Malhotra,kiran.malhotra3795@mailbox.com,9788811715,Nagpur,Maharashtra,India,2025-07-19,Basic,Verified,Conservative,Social Media,1
3796,Diya Trivedi,diya.trivedi3796@mailbox.com,9502923331,Mumbai,Maharashtra,India,2025-07-08,Premium,Pending,Conservative,Social Media,1
3797,Sneha Agarwal,sneha.agarwal3797@mailbox.com,9706505124,Kochi,Kerala,India,2023-01-12,Basic,Verified,Moderate,Website,1
3798,Aditya Kumar,aditya.kumar3798@mailbox.com,9598966889,Indore,Madhya Pradesh,India,2025-04-15,Elite,Verified,Aggressive,YouTube,1
3799,Aarav Jain,aarav.jain3799@mailbox.com,9300620191,Kanpur,Uttar Pradesh,India,2025-10-14,Premium,Verified,Moderate,YouTube,1
3800,Aditya Bhatt,aditya.bhatt3800@mailbox.com,9186366404,Coimbatore,Tamil Nadu,India,2024-12-12,Premium,Verified,Conservative,YouTube,1
3801,Nikhil Choudhary,nikhil.choudhary3801@mailbox.com,9561780253,Jaipur,Rajasthan,India,2023-07-19,Basic,Pending,Conservative,YouTube,0
3802,Vikram Bhatt,vikram.bhatt3802@mailbox.com,9853497056,Ahmedabad,Gujarat,India,2024-12-08,Premium,Verified,Aggressive,Website,1
3803,Manoj Bhatt,manoj.bhatt3803@mailbox.com,9840318616,Patna,Bihar,India,2024-11-08,Basic,Verified,Moderate,Google Ads,1
3804,Aarav Trivedi,aarav.trivedi3804@mailbox.com,9347301039,Kanpur,Uttar Pradesh,India,2024-12-06,Premium,Verified,Moderate,Google Ads,1
3805,Aarav Nair,aarav.nair3805@mailbox.com,9874234201,Bhopal,Madhya Pradesh,India,2024-04-01,Premium,Verified,Aggressive,YouTube,1
3806,Anil Sharma,anil.sharma3806@mailbox.com,9420345069,Surat,Gujarat,India,2024-07-13,Premium,Pending,Conservative,Google Ads,1
3807,Arjun Menon,arjun.menon3807@mailbox.com,9605287103,Chandigarh,Chandigarh,India,2024-11-25,Basic,Verified,Moderate,App Store,1
3808,Ishaan Mehta,ishaan.mehta3808@mailbox.com,9391937513,Pune,Maharashtra,India,2024-05-09,Premium,Verified,Moderate,Social Media,1
3809,Rahul Bhatt,rahul.bhatt3809@mailbox.com,9570514458,Delhi,Delhi,India,2025-04-03,Premium,Verified,Conservative,Agent,1
3810,Neha Kapoor,neha.kapoor3810@mailbox.com,9576455989,Lucknow,Uttar Pradesh,India,2025-01-25,Pro,Verified,Aggressive,Agent,0
3811,Karan Pandey,karan.pandey3811@mailbox.com,9727915444,Indore,Madhya Pradesh,India,2023-11-19,Pro,Verified,Aggressive,Google Ads,1
3812,Anika Menon,anika.menon3812@mailbox.com,9524679971,Chandigarh,Chandigarh,India,2024-10-12,Pro,Pending,Aggressive,Social Media,1
3813,Priya Iyer,priya.iyer3813@mailbox.com,9575423959,Kolkata,West Bengal,India,2025-03-16,Basic,Verified,Conservative,YouTube,1
3814,Anika Pandey,anika.pandey3814@mailbox.com,9475912933,Bhopal,Madhya Pradesh,India,2024-06-05,Basic,Verified,Aggressive,Agent,1
3815,Sara Kapoor,sara.kapoor3815@mailbox.com,9882839868,Chandigarh,Chandigarh,India,2025-01-31,Pro,Verified,Moderate,YouTube,0
3816,Aditya Bansal,aditya.bansal3816@mailbox.com,9213444707,Chandigarh,Chandigarh,India,2023-05-15,Elite,Verified,Moderate,Agent,1
3817,Riya Bansal,riya.bansal3817@mailbox.com,9885659183,Chandigarh,Chandigarh,India,2024-02-16,Basic,Verified,Conservative,App Store,1
3818,Manoj Mishra,manoj.mishra3818@mailbox.com,9784247920,Vadodara,Gujarat,India,2025-01-17,Premium,Verified,Moderate,Google Ads,1
3819,Pooja Trivedi,pooja.trivedi3819@mailbox.com,9952895918,Surat,Gujarat,India,2025-08-11,Basic,Rejected,Aggressive,Google Ads,1
3820,Kiran Kumar,kiran.kumar3820@mailbox.com,9122197657,Ahmedabad,Gujarat,India,2024-11-18,Basic,Verified,Conservative,App Store,1
3821,Reyansh Kapoor,reyansh.kapoor3821@mailbox.com,9295449036,Jaipur,Rajasthan,India,2024-12-07,Elite,Rejected,Moderate,YouTube,1
3822,Aarav Bansal,aarav.bansal3822@mailbox.com,9475827298,Bhopal,Madhya Pradesh,India,2023-12-31,Elite,Verified,Moderate,Website,1
3823,Amit Desai,amit.desai3823@mailbox.com,9914179219,Chennai,Tamil Nadu,India,2025-01-16,Elite,Verified,Moderate,YouTube,1
3824,Kabir Verma,kabir.verma3824@mailbox.com,9733597401,Indore,Madhya Pradesh,India,2024-01-15,Basic,Verified,Conservative,Referral,1
3825,Vikram Saxena,vikram.saxena3825@mailbox.com,9863560241,Nagpur,Maharashtra,India,2023-02-25,Premium,Verified,Conservative,YouTube,1
3826,Nikhil Trivedi,nikhil.trivedi3826@mailbox.com,9103791449,Surat,Gujarat,India,2023-09-20,Pro,Verified,Aggressive,YouTube,0
3827,Kavya Reddy,kavya.reddy3827@mailbox.com,9808897518,Jaipur,Rajasthan,India,2024-10-12,Premium,Verified,Moderate,App Store,1
3828,Amit Kumar,amit.kumar3828@mailbox.com,9380839036,Bhopal,Madhya Pradesh,India,2025-10-21,Basic,Verified,Aggressive,YouTube,1
3829,Sneha Pillai,sneha.pillai3829@mailbox.com,9721836867,Delhi,Delhi,India,2024-06-12,Premium,Verified,Moderate,App Store,1
3830,Ishaan Rao,ishaan.rao3830@mailbox.com,9786986613,Bhopal,Madhya Pradesh,India,2025-07-05,Basic,Verified,Moderate,Social Media,1
3831,Kiran Tiwari,kiran.tiwari3831@mailbox.com,9717175586,Chandigarh,Chandigarh,India,2025-04-08,Premium,Verified,Conservative,Google Ads,1
3832,Rohan Bhatt,rohan.bhatt3832@mailbox.com,9475840719,Kochi,Kerala,India,2024-08-20,Pro,Verified,Moderate,Website,1
3833,Manoj Tiwari,manoj.tiwari3833@mailbox.com,9650432090,Coimbatore,Tamil Nadu,India,2025-05-06,Basic,Verified,Aggressive,App Store,1
3834,Priya Iyer,priya.iyer3834@mailbox.com,9521918039,Pune,Maharashtra,India,2024-03-03,Basic,Verified,Conservative,Agent,1
3835,Reyansh Tiwari,reyansh.tiwari3835@mailbox.com,9665484328,Mumbai,Maharashtra,India,2024-04-16,Premium,Verified,Conservative,Social Media,1
3836,Meera Sharma,meera.sharma3836@mailbox.com,9512919154,Surat,Gujarat,India,2025-02-23,Premium,Verified,Conservative,YouTube,1
3837,Kabir Mehta,kabir.mehta3837@mailbox.com,9454649854,Delhi,Delhi,India,2024-11-11,Basic,Verified,Moderate,Social Media,1
3838,Vikram Sharma,vikram.sharma3838@mailbox.com,9281920962,Kolkata,West Bengal,India,2024-07-16,Basic,Verified,Conservative,Social Media,1
3839,Yash Choudhary,yash.choudhary3839@mailbox.com,9749252293,Bhopal,Madhya Pradesh,India,2024-04-06,Premium,Verified,Aggressive,Agent,1
3840,Yash Nair,yash.nair3840@mailbox.com,9192705697,Nagpur,Maharashtra,India,2025-11-05,Basic,Pending,Conservative,YouTube,1
3841,Deepak Mehta,deepak.mehta3841@mailbox.com,9264517077,Indore,Madhya Pradesh,India,2023-03-11,Premium,Verified,Moderate,Referral,1
3842,Zara Joshi,zara.joshi3842@mailbox.com,9556525994,Patna,Bihar,India,2023-02-28,Premium,Verified,Conservative,Social Media,1
3843,Sanjay Desai,sanjay.desai3843@mailbox.com,9732320220,Hyderabad,Telangana,India,2024-05-25,Basic,Verified,Moderate,Referral,1
3844,Isha Patel,isha.patel3844@mailbox.com,9252960244,Patna,Bihar,India,2023-02-06,Premium,Rejected,Aggressive,App Store,1
3845,Nikhil Nair,nikhil.nair3845@mailbox.com,9392392919,Nagpur,Maharashtra,India,2023-12-30,Premium,Verified,Aggressive,YouTube,1
3846,Zara Pillai,zara.pillai3846@mailbox.com,9141879528,Jaipur,Rajasthan,India,2024-08-28,Premium,Verified,Aggressive,Social Media,0
3847,Rajesh Rao,rajesh.rao3847@mailbox.com,9147331911,Lucknow,Uttar Pradesh,India,2024-03-07,Premium,Verified,Moderate,Referral,1
3848,Myra Reddy,myra.reddy3848@mailbox.com,9228919495,Kanpur,Uttar Pradesh,India,2023-08-05,Basic,Verified,Moderate,Agent,1
3849,Divya Agarwal,divya.agarwal3849@mailbox.com,9756256582,Nagpur,Maharashtra,India,2023-10-31,Basic,Verified,Conservative,Agent,1
3850,Rohan Menon,rohan.menon3850@mailbox.com,9882401441,Pune,Maharashtra,India,2024-10-05,Premium,Verified,Aggressive,YouTube,1
3851,Divya Rao,divya.rao3851@mailbox.com,9548966809,Chennai,Tamil Nadu,India,2025-10-10,Premium,Verified,Aggressive,Social Media,1
3852,Vivaan Bansal,vivaan.bansal3852@mailbox.com,9929290927,Hyderabad,Telangana,India,2025-04-12,Basic,Verified,Aggressive,App Store,1
3853,Arjun Iyer,arjun.iyer3853@mailbox.com,9350532287,Pune,Maharashtra,India,2024-08-05,Basic,Verified,Aggressive,Social Media,1
3854,Myra Patel,myra.patel3854@mailbox.com,9239221743,Kolkata,West Bengal,India,2023-05-28,Premium,Verified,Conservative,Social Media,1
3855,Zara Menon,zara.menon3855@mailbox.com,9224285309,Kanpur,Uttar Pradesh,India,2023-09-16,Basic,Verified,Conservative,Google Ads,1
3856,Meera Kumar,meera.kumar3856@mailbox.com,9417762232,Coimbatore,Tamil Nadu,India,2024-04-14,Pro,Verified,Moderate,Website,1
3857,Myra Kumar,myra.kumar3857@mailbox.com,9761990590,Bengaluru,Karnataka,India,2023-09-20,Premium,Verified,Conservative,Referral,0
3858,Aarav Rao,aarav.rao3858@mailbox.com,9457397399,Pune,Maharashtra,India,2025-01-03,Basic,Verified,Aggressive,YouTube,1
3859,Kavya Mehta,kavya.mehta3859@mailbox.com,9949271533,Mumbai,Maharashtra,India,2024-01-25,Premium,Verified,Moderate,App Store,1
3860,Anika Sharma,anika.sharma3860@mailbox.com,9715242602,Vadodara,Gujarat,India,2025-06-07,Basic,Verified,Conservative,Agent,0
3861,Amit Tiwari,amit.tiwari3861@mailbox.com,9697892123,Bhopal,Madhya Pradesh,India,2023-10-14,Pro,Verified,Moderate,Website,1
3862,Pooja Joshi,pooja.joshi3862@mailbox.com,9493856014,Chennai,Tamil Nadu,India,2024-06-12,Elite,Verified,Moderate,Google Ads,1
3863,Karan Shah,karan.shah3863@mailbox.com,9578250297,Jaipur,Rajasthan,India,2025-01-30,Pro,Verified,Conservative,Referral,1
3864,Neha Pandey,neha.pandey3864@mailbox.com,9896494145,Bhopal,Madhya Pradesh,India,2023-08-08,Premium,Verified,Aggressive,YouTube,1
3865,Pooja Shah,pooja.shah3865@mailbox.com,9690967837,Vadodara,Gujarat,India,2025-03-21,Pro,Verified,Aggressive,Referral,1
3866,Suresh Shah,suresh.shah3866@mailbox.com,9832397604,Nagpur,Maharashtra,India,2024-09-15,Premium,Verified,Aggressive,Website,1
3867,Rahul Singh,rahul.singh3867@mailbox.com,9136382844,Kolkata,West Bengal,India,2024-11-20,Pro,Verified,Conservative,Social Media,1
3868,Manoj Bansal,manoj.bansal3868@mailbox.com,9873620613,Surat,Gujarat,India,2024-04-29,Basic,Verified,Aggressive,YouTube,1
3869,Rohan Trivedi,rohan.trivedi3869@mailbox.com,9955594232,Surat,Gujarat,India,2025-09-22,Pro,Verified,Conservative,Website,1
3870,Meera Menon,meera.menon3870@mailbox.com,9701291275,Indore,Madhya Pradesh,India,2025-04-02,Premium,Rejected,Aggressive,Agent,1
3871,Vivaan Sharma,vivaan.sharma3871@mailbox.com,9960786648,Mumbai,Maharashtra,India,2023-07-24,Basic,Verified,Aggressive,YouTube,1
3872,Arjun Menon,arjun.menon3872@mailbox.com,9610964972,Bhopal,Madhya Pradesh,India,2024-08-14,Elite,Verified,Conservative,App Store,1
3873,Deepak Shah,deepak.shah3873@mailbox.com,9348525881,Mumbai,Maharashtra,India,2025-08-19,Premium,Verified,Conservative,Agent,1
3874,Zara Shah,zara.shah3874@mailbox.com,9645662531,Coimbatore,Tamil Nadu,India,2023-10-25,Pro,Verified,Aggressive,YouTube,1
3875,Neha Bansal,neha.bansal3875@mailbox.com,9665465933,Kochi,Kerala,India,2024-07-25,Basic,Verified,Conservative,App Store,1
3876,Neha Rao,neha.rao3876@mailbox.com,9281723719,Nagpur,Maharashtra,India,2025-03-14,Premium,Verified,Aggressive,Social Media,1
3877,Sneha Joshi,sneha.joshi3877@mailbox.com,9362260817,Indore,Madhya Pradesh,India,2023-10-19,Premium,Verified,Aggressive,Google Ads,1
3878,Karan Mehta,karan.mehta3878@mailbox.com,9592724614,Delhi,Delhi,India,2024-07-05,Basic,Verified,Conservative,YouTube,1
3879,Kabir Agarwal,kabir.agarwal3879@mailbox.com,9793710314,Kochi,Kerala,India,2024-08-11,Pro,Verified,Aggressive,Referral,0
3880,Vivaan Joshi,vivaan.joshi3880@mailbox.com,9198524374,Kolkata,West Bengal,India,2023-07-09,Premium,Verified,Conservative,Google Ads,1
3881,Deepak Malhotra,deepak.malhotra3881@mailbox.com,9945839551,Kolkata,West Bengal,India,2023-07-09,Basic,Verified,Moderate,App Store,1
3882,Rohan Verma,rohan.verma3882@mailbox.com,9708222315,Bhopal,Madhya Pradesh,India,2024-08-22,Premium,Pending,Conservative,Agent,0
3883,Vikram Mehta,vikram.mehta3883@mailbox.com,9405295230,Coimbatore,Tamil Nadu,India,2023-07-10,Basic,Verified,Conservative,App Store,1
3884,Riya Joshi,riya.joshi3884@mailbox.com,9435284635,Lucknow,Uttar Pradesh,India,2025-10-06,Pro,Verified,Aggressive,Referral,1
3885,Ishaan Kumar,ishaan.kumar3885@mailbox.com,9724154735,Kanpur,Uttar Pradesh,India,2024-07-11,Pro,Verified,Conservative,Social Media,1
3886,Aadhya Mishra,aadhya.mishra3886@mailbox.com,9179909290,Kanpur,Uttar Pradesh,India,2025-01-21,Premium,Verified,Aggressive,App Store,1
3887,Vihaan Choudhary,vihaan.choudhary3887@mailbox.com,9744784402,Kolkata,West Bengal,India,2024-02-27,Premium,Verified,Conservative,Google Ads,1
3888,Kabir Pandey,kabir.pandey3888@mailbox.com,9596953273,Nagpur,Maharashtra,India,2023-11-15,Basic,Verified,Aggressive,YouTube,0
3889,Reyansh Iyer,reyansh.iyer3889@mailbox.com,9299033920,Vadodara,Gujarat,India,2024-06-02,Basic,Verified,Aggressive,Social Media,1
3890,Manoj Singh,manoj.singh3890@mailbox.com,9907562072,Ahmedabad,Gujarat,India,2025-01-27,Pro,Rejected,Conservative,Referral,1
3891,Sanjay Pandey,sanjay.pandey3891@mailbox.com,9666128917,Patna,Bihar,India,2024-02-28,Basic,Verified,Moderate,YouTube,1
3892,Varun Malhotra,varun.malhotra3892@mailbox.com,9247293524,Patna,Bihar,India,2023-10-28,Basic,Rejected,Moderate,App Store,1
3893,Anika Choudhary,anika.choudhary3893@mailbox.com,9689879159,Kochi,Kerala,India,2023-06-03,Basic,Verified,Moderate,Google Ads,1
3894,Rohan Bansal,rohan.bansal3894@mailbox.com,9787668494,Bhopal,Madhya Pradesh,India,2024-07-31,Premium,Verified,Conservative,YouTube,1
3895,Neha Kapoor,neha.kapoor3895@mailbox.com,9542903085,Coimbatore,Tamil Nadu,India,2024-12-24,Pro,Verified,Aggressive,Agent,1
3896,Varun Kapoor,varun.kapoor3896@mailbox.com,9999952530,Bhopal,Madhya Pradesh,India,2024-07-14,Basic,Verified,Aggressive,Social Media,1
3897,Amit Mehta,amit.mehta3897@mailbox.com,9136209132,Vadodara,Gujarat,India,2023-09-29,Basic,Verified,Moderate,YouTube,1
3898,Aarav Iyer,aarav.iyer3898@mailbox.com,9469867592,Bhopal,Madhya Pradesh,India,2023-09-21,Basic,Verified,Moderate,Website,1
3899,Isha Trivedi,isha.trivedi3899@mailbox.com,9505224012,Chandigarh,Chandigarh,India,2024-02-06,Basic,Verified,Conservative,Agent,0
3900,Nikhil Sharma,nikhil.sharma3900@mailbox.com,9230570588,Kochi,Kerala,India,2024-01-06,Basic,Verified,Aggressive,YouTube,1
3901,Rahul Singh,rahul.singh3901@mailbox.com,9582100596,Vadodara,Gujarat,India,2023-08-06,Pro,Pending,Moderate,Social Media,1
3902,Yash Jain,yash.jain3902@mailbox.com,9238990646,Nagpur,Maharashtra,India,2025-09-30,Premium,Verified,Conservative,Social Media,1
3903,Rahul Menon,rahul.menon3903@mailbox.com,9660828873,Bhopal,Madhya Pradesh,India,2023-12-18,Basic,Verified,Conservative,Website,1
3904,Aarav Yadav,aarav.yadav3904@mailbox.com,9508823793,Vadodara,Gujarat,India,2023-09-24,Premium,Verified,Conservative,App Store,1
3905,Deepak Pillai,deepak.pillai3905@mailbox.com,9993716854,Ahmedabad,Gujarat,India,2024-10-08,Pro,Verified,Aggressive,Social Media,1
3906,Rajesh Desai,rajesh.desai3906@mailbox.com,9890682899,Bengaluru,Karnataka,India,2025-05-03,Basic,Verified,Conservative,Website,1
3907,Meera Mishra,meera.mishra3907@mailbox.com,9640194840,Kochi,Kerala,India,2024-05-09,Basic,Pending,Moderate,Referral,1
3908,Yash Desai,yash.desai3908@mailbox.com,9503850941,Indore,Madhya Pradesh,India,2024-12-11,Pro,Verified,Aggressive,Website,1
3909,Kabir Joshi,kabir.joshi3909@mailbox.com,9744286778,Jaipur,Rajasthan,India,2023-04-12,Basic,Verified,Conservative,Referral,1
3910,Nikhil Nair,nikhil.nair3910@mailbox.com,9701632357,Bhopal,Madhya Pradesh,India,2024-07-21,Pro,Pending,Conservative,Google Ads,0
3911,Karan Rao,karan.rao3911@mailbox.com,9225400757,Mumbai,Maharashtra,India,2023-03-12,Pro,Verified,Aggressive,Google Ads,1
3912,Yash Agarwal,yash.agarwal3912@mailbox.com,9438849227,Lucknow,Uttar Pradesh,India,2023-05-27,Pro,Verified,Aggressive,Social Media,1
3913,Kabir Choudhary,kabir.choudhary3913@mailbox.com,9992958147,Kolkata,West Bengal,India,2024-09-22,Basic,Verified,Conservative,Google Ads,1
3914,Sanjay Kumar,sanjay.kumar3914@mailbox.com,9387696983,Kolkata,West Bengal,India,2023-08-06,Basic,Verified,Conservative,Referral,1
3915,Suresh Choudhary,suresh.choudhary3915@mailbox.com,9111926738,Vadodara,Gujarat,India,2023-02-08,Pro,Verified,Moderate,Social Media,1
3916,Vihaan Menon,vihaan.menon3916@mailbox.com,9850811665,Nagpur,Maharashtra,India,2023-07-10,Premium,Verified,Moderate,App Store,1
3917,Aditya Joshi,aditya.joshi3917@mailbox.com,9939557313,Bengaluru,Karnataka,India,2025-04-03,Basic,Verified,Moderate,Referral,1
3918,Anil Verma,anil.verma3918@mailbox.com,9689992758,Ahmedabad,Gujarat,India,2024-09-16,Premium,Verified,Conservative,Referral,1
3919,Aditya Saxena,aditya.saxena3919@mailbox.com,9671491849,Chennai,Tamil Nadu,India,2024-02-11,Basic,Verified,Moderate,Referral,1
3920,Neha Shah,neha.shah3920@mailbox.com,9415805758,Coimbatore,Tamil Nadu,India,2025-11-02,Premium,Verified,Conservative,YouTube,1
3921,Varun Saxena,varun.saxena3921@mailbox.com,9423450656,Kolkata,West Bengal,India,2024-02-15,Elite,Verified,Aggressive,YouTube,1
3922,Neha Chopra,neha.chopra3922@mailbox.com,9548660407,Ahmedabad,Gujarat,India,2025-07-23,Premium,Pending,Moderate,Referral,1
3923,Zara Desai,zara.desai3923@mailbox.com,9381797719,Pune,Maharashtra,India,2024-01-03,Premium,Verified,Moderate,YouTube,1
3924,Aadhya Chopra,aadhya.chopra3924@mailbox.com,9269447272,Hyderabad,Telangana,India,2023-01-27,Elite,Verified,Moderate,Google Ads,1
3925,Pooja Agarwal,pooja.agarwal3925@mailbox.com,9109810524,Patna,Bihar,India,2023-04-28,Premium,Verified,Moderate,Referral,1
3926,Sanjay Joshi,sanjay.joshi3926@mailbox.com,9534899675,Nagpur,Maharashtra,India,2023-10-19,Basic,Pending,Moderate,YouTube,1
3927,Rahul Reddy,rahul.reddy3927@mailbox.com,9598474456,Jaipur,Rajasthan,India,2023-07-18,Premium,Verified,Conservative,App Store,0
3928,Ishaan Yadav,ishaan.yadav3928@mailbox.com,9707229493,Ahmedabad,Gujarat,India,2023-06-17,Basic,Verified,Moderate,Referral,0
3929,Priya Desai,priya.desai3929@mailbox.com,9430401329,Surat,Gujarat,India,2024-02-13,Basic,Verified,Conservative,Agent,1
3930,Divya Patel,divya.patel3930@mailbox.com,9250119923,Delhi,Delhi,India,2025-11-05,Premium,Verified,Conservative,YouTube,1
3931,Meera Jain,meera.jain3931@mailbox.com,9859406261,Coimbatore,Tamil Nadu,India,2023-08-02,Basic,Verified,Aggressive,YouTube,1
3932,Vihaan Kumar,vihaan.kumar3932@mailbox.com,9786215638,Nagpur,Maharashtra,India,2023-09-08,Basic,Verified,Moderate,YouTube,1
3933,Meera Menon,meera.menon3933@mailbox.com,9579829581,Chennai,Tamil Nadu,India,2025-11-25,Premium,Verified,Aggressive,YouTube,1
3934,Divya Kumar,divya.kumar3934@mailbox.com,9135253139,Kanpur,Uttar Pradesh,India,2023-08-03,Basic,Verified,Moderate,Social Media,1
3935,Kabir Agarwal,kabir.agarwal3935@mailbox.com,9520988301,Kochi,Kerala,India,2025-06-03,Premium,Verified,Aggressive,Referral,0
3936,Anil Desai,anil.desai3936@mailbox.com,9657357017,Hyderabad,Telangana,India,2024-10-23,Basic,Verified,Conservative,Referral,1
3937,Rahul Yadav,rahul.yadav3937@mailbox.com,9872840279,Kanpur,Uttar Pradesh,India,2025-09-14,Premium,Verified,Moderate,App Store,1
3938,Riya Yadav,riya.yadav3938@mailbox.com,9557366248,Nagpur,Maharashtra,India,2024-08-15,Pro,Verified,Moderate,App Store,1
3939,Meera Mishra,meera.mishra3939@mailbox.com,9516626025,Chandigarh,Chandigarh,India,2024-09-24,Basic,Verified,Conservative,YouTube,1
3940,Rahul Rao,rahul.rao3940@mailbox.com,9441980096,Nagpur,Maharashtra,India,2023-08-29,Pro,Verified,Conservative,Google Ads,0
3941,Amit Gupta,amit.gupta3941@mailbox.com,9472969127,Bhopal,Madhya Pradesh,India,2024-09-04,Basic,Verified,Conservative,Website,1
3942,Isha Pandey,isha.pandey3942@mailbox.com,9114735009,Patna,Bihar,India,2024-12-14,Basic,Verified,Conservative,Google Ads,1
3943,Varun Pandey,varun.pandey3943@mailbox.com,9193344755,Kochi,Kerala,India,2025-11-16,Basic,Verified,Moderate,Website,1
3944,Yash Mehta,yash.mehta3944@mailbox.com,9780633702,Ahmedabad,Gujarat,India,2023-04-14,Basic,Verified,Conservative,Social Media,1
3945,Reyansh Sharma,reyansh.sharma3945@mailbox.com,9426242690,Bhopal,Madhya Pradesh,India,2023-06-16,Basic,Rejected,Aggressive,App Store,1
3946,Divya Desai,divya.desai3946@mailbox.com,9865733146,Chennai,Tamil Nadu,India,2023-01-21,Pro,Verified,Moderate,Referral,1
3947,Aarav Gupta,aarav.gupta3947@mailbox.com,9457343469,Chandigarh,Chandigarh,India,2025-04-21,Pro,Verified,Aggressive,Agent,1
3948,Myra Verma,myra.verma3948@mailbox.com,9997170447,Vadodara,Gujarat,India,2023-03-29,Elite,Pending,Conservative,Agent,1
3949,Yash Tiwari,yash.tiwari3949@mailbox.com,9262560086,Kolkata,West Bengal,India,2025-09-01,Elite,Pending,Conservative,Referral,1
3950,Ishaan Kapoor,ishaan.kapoor3950@mailbox.com,9269260055,Nagpur,Maharashtra,India,2024-01-24,Basic,Verified,Aggressive,Referral,1
3951,Sara Singh,sara.singh3951@mailbox.com,9629040880,Chandigarh,Chandigarh,India,2023-11-04,Basic,Verified,Moderate,Agent,1
3952,Rohan Desai,rohan.desai3952@mailbox.com,9822401326,Mumbai,Maharashtra,India,2025-11-04,Basic,Verified,Aggressive,Referral,1
3953,Divya Bansal,divya.bansal3953@mailbox.com,9229457863,Bhopal,Madhya Pradesh,India,2025-02-06,Premium,Verified,Conservative,App Store,1
3954,Riya Iyer,riya.iyer3954@mailbox.com,9552578783,Chandigarh,Chandigarh,India,2024-08-05,Pro,Pending,Conservative,App Store,1
3955,Vikram Mishra,vikram.mishra3955@mailbox.com,9301320809,Kochi,Kerala,India,2025-08-04,Basic,Verified,Moderate,Referral,1
3956,Varun Rao,varun.rao3956@mailbox.com,9763460267,Hyderabad,Telangana,India,2025-03-14,Basic,Verified,Moderate,Google Ads,1
3957,Rahul Desai,rahul.desai3957@mailbox.com,9604982786,Patna,Bihar,India,2024-11-09,Basic,Verified,Conservative,App Store,1
3958,Divya Shah,divya.shah3958@mailbox.com,9688820678,Patna,Bihar,India,2023-12-09,Pro,Verified,Conservative,Agent,0
3959,Vihaan Chopra,vihaan.chopra3959@mailbox.com,9342085207,Mumbai,Maharashtra,India,2025-11-16,Premium,Verified,Conservative,Social Media,1
3960,Rohan Yadav,rohan.yadav3960@mailbox.com,9675701478,Bhopal,Madhya Pradesh,India,2025-02-05,Premium,Verified,Conservative,Website,1
3961,Varun Malhotra,varun.malhotra3961@mailbox.com,9417634281,Indore,Madhya Pradesh,India,2025-10-04,Premium,Verified,Aggressive,App Store,1
3962,Deepak Malhotra,deepak.malhotra3962@mailbox.com,9721461818,Vadodara,Gujarat,India,2025-10-25,Basic,Verified,Aggressive,Referral,1
3963,Priya Mishra,priya.mishra3963@mailbox.com,9238577448,Mumbai,Maharashtra,India,2024-08-07,Basic,Verified,Conservative,Social Media,1
3964,Sara Desai,sara.desai3964@mailbox.com,9371161369,Vadodara,Gujarat,India,2024-01-17,Pro,Verified,Moderate,Website,1
3965,Kabir Mishra,kabir.mishra3965@mailbox.com,9178648913,Nagpur,Maharashtra,India,2025-10-05,Pro,Verified,Moderate,YouTube,1
3966,Deepak Bhatt,deepak.bhatt3966@mailbox.com,9336187908,Kolkata,West Bengal,India,2025-11-29,Basic,Verified,Conservative,Social Media,1
3967,Suresh Saxena,suresh.saxena3967@mailbox.com,9540506649,Ahmedabad,Gujarat,India,2023-05-10,Basic,Verified,Moderate,Social Media,1
3968,Karan Rao,karan.rao3968@mailbox.com,9229981651,Patna,Bihar,India,2024-11-10,Basic,Verified,Aggressive,YouTube,0
3969,Vikram Bansal,vikram.bansal3969@mailbox.com,9183608577,Vadodara,Gujarat,India,2024-10-03,Basic,Verified,Moderate,Referral,1
3970,Neha Jain,neha.jain3970@mailbox.com,9889556617,Pune,Maharashtra,India,2025-03-08,Basic,Pending,Aggressive,Referral,1
3971,Zara Pillai,zara.pillai3971@mailbox.com,9563712112,Vadodara,Gujarat,India,2025-11-04,Basic,Verified,Moderate,Google Ads,1
3972,Varun Mehta,varun.mehta3972@mailbox.com,9744017319,Indore,Madhya Pradesh,India,2023-09-26,Premium,Verified,Moderate,Agent,1
3973,Arjun Joshi,arjun.joshi3973@mailbox.com,9191440292,Hyderabad,Telangana,India,2025-11-05,Pro,Verified,Aggressive,App Store,0
3974,Ananya Bhatt,ananya.bhatt3974@mailbox.com,9658296811,Nagpur,Maharashtra,India,2024-11-15,Premium,Pending,Aggressive,Google Ads,1
3975,Vihaan Patel,vihaan.patel3975@mailbox.com,9874609839,Chandigarh,Chandigarh,India,2023-03-29,Premium,Verified,Aggressive,Referral,1
3976,Sneha Singh,sneha.singh3976@mailbox.com,9503440876,Delhi,Delhi,India,2024-06-28,Elite,Verified,Aggressive,Social Media,1
3977,Pooja Trivedi,pooja.trivedi3977@mailbox.com,9951272691,Delhi,Delhi,India,2023-05-23,Elite,Verified,Conservative,App Store,1
3978,Aryan Mehta,aryan.mehta3978@mailbox.com,9591770469,Mumbai,Maharashtra,India,2025-10-15,Basic,Verified,Aggressive,Social Media,1
3979,Amit Trivedi,amit.trivedi3979@mailbox.com,9191572509,Nagpur,Maharashtra,India,2025-03-23,Basic,Verified,Aggressive,YouTube,1
3980,Ishaan Iyer,ishaan.iyer3980@mailbox.com,9655716613,Delhi,Delhi,India,2025-08-21,Basic,Verified,Moderate,App Store,0
3981,Riya Yadav,riya.yadav3981@mailbox.com,9892001355,Coimbatore,Tamil Nadu,India,2024-10-03,Pro,Verified,Moderate,Social Media,1
3982,Vihaan Nair,vihaan.nair3982@mailbox.com,9621384785,Bengaluru,Karnataka,India,2024-02-27,Basic,Verified,Aggressive,Website,1
3983,Priya Mishra,priya.mishra3983@mailbox.com,9820115984,Delhi,Delhi,India,2024-04-01,Basic,Verified,Conservative,Referral,1
3984,Priya Jain,priya.jain3984@mailbox.com,9581822855,Kolkata,West Bengal,India,2025-10-05,Premium,Verified,Moderate,Website,1
3985,Deepak Reddy,deepak.reddy3985@mailbox.com,9477764721,Patna,Bihar,India,2023-06-11,Premium,Verified,Aggressive,Referral,1
3986,Kavya Yadav,kavya.yadav3986@mailbox.com,9951020918,Coimbatore,Tamil Nadu,India,2025-07-31,Premium,Verified,Conservative,Google Ads,1
3987,Isha Trivedi,isha.trivedi3987@mailbox.com,9237580454,Kolkata,West Bengal,India,2024-03-25,Pro,Verified,Conservative,Agent,1
3988,Aditya Singh,aditya.singh3988@mailbox.com,9502846509,Kanpur,Uttar Pradesh,India,2024-09-20,Premium,Verified,Conservative,YouTube,1
3989,Aadhya Sharma,aadhya.sharma3989@mailbox.com,9240280106,Patna,Bihar,India,2024-12-11,Pro,Verified,Conservative,Referral,0
3990,Zara Mehta,zara.mehta3990@mailbox.com,9689243901,Patna,Bihar,India,2023-03-29,Basic,Verified,Moderate,App Store,1
3991,Rajesh Sharma,rajesh.sharma3991@mailbox.com,9929625183,Hyderabad,Telangana,India,2023-06-08,Pro,Verified,Aggressive,Google Ads,1
3992,Rajesh Agarwal,rajesh.agarwal3992@mailbox.com,9998007942,Chandigarh,Chandigarh,India,2023-06-21,Premium,Verified,Conservative,YouTube,1
3993,Reyansh Yadav,reyansh.yadav3993@mailbox.com,9310334197,Kochi,Kerala,India,2025-04-09,Basic,Verified,Moderate,YouTube,1
3994,Diya Kapoor,diya.kapoor3994@mailbox.com,9886704136,Bhopal,Madhya Pradesh,India,2023-03-23,Elite,Verified,Conservative,Social Media,1
3995,Rahul Sharma,rahul.sharma3995@mailbox.com,9850346886,Kanpur,Uttar Pradesh,India,2024-10-12,Elite,Verified,Aggressive,YouTube,1
3996,Kavya Kapoor,kavya.kapoor3996@mailbox.com,9552965697,Ahmedabad,Gujarat,India,2023-04-26,Pro,Verified,Moderate,Google Ads,1
3997,Vivaan Reddy,vivaan.reddy3997@mailbox.com,9257032039,Kochi,Kerala,India,2025-03-28,Pro,Rejected,Moderate,Referral,1
3998,Anil Jain,anil.jain3998@mailbox.com,9515561172,Kochi,Kerala,India,2025-11-06,Basic,Verified,Aggressive,App Store,1
3999,Divya Gupta,divya.gupta3999@mailbox.com,9798413339,Kanpur,Uttar Pradesh,India,2024-03-16,Basic,Verified,Aggressive,Social Media,1
4000,Rahul Bhatt,rahul.bhatt4000@mailbox.com,9449441826,Bhopal,Madhya Pradesh,India,2023-08-14,Basic,Verified,Conservative,Website,0
4001,Isha Malhotra,isha.malhotra4001@mailbox.com,9293535174,Ahmedabad,Gujarat,India,2024-04-18,Pro,Verified,Conservative,YouTube,1
4002,Anil Sharma,anil.sharma4002@mailbox.com,9524878497,Bhopal,Madhya Pradesh,India,2025-01-05,Pro,Verified,Conservative,Agent,1
4003,Vivaan Choudhary,vivaan.choudhary4003@mailbox.com,9944635993,Delhi,Delhi,India,2025-02-13,Elite,Pending,Moderate,Website,1
4004,Anika Malhotra,anika.malhotra4004@mailbox.com,9108212970,Coimbatore,Tamil Nadu,India,2024-11-08,Pro,Verified,Aggressive,Website,1
4005,Manoj Bhatt,manoj.bhatt4005@mailbox.com,9314431235,Kanpur,Uttar Pradesh,India,2024-09-11,Premium,Verified,Moderate,Website,0
4006,Yash Pillai,yash.pillai4006@mailbox.com,9927841799,Nagpur,Maharashtra,India,2024-11-03,Basic,Verified,Moderate,Referral,1
4007,Ananya Bhatt,ananya.bhatt4007@mailbox.com,9929425201,Hyderabad,Telangana,India,2023-08-20,Basic,Verified,Aggressive,Social Media,1
4008,Priya Malhotra,priya.malhotra4008@mailbox.com,9372254398,Kanpur,Uttar Pradesh,India,2023-08-09,Premium,Verified,Aggressive,Google Ads,1
4009,Kabir Sharma,kabir.sharma4009@mailbox.com,9994788725,Mumbai,Maharashtra,India,2025-09-18,Pro,Verified,Conservative,App Store,1
4010,Arjun Singh,arjun.singh4010@mailbox.com,9290422217,Kochi,Kerala,India,2024-09-09,Basic,Verified,Moderate,Agent,1
4011,Myra Malhotra,myra.malhotra4011@mailbox.com,9146716469,Bhopal,Madhya Pradesh,India,2025-07-06,Pro,Verified,Aggressive,Social Media,0
4012,Kiran Bansal,kiran.bansal4012@mailbox.com,9578241209,Lucknow,Uttar Pradesh,India,2024-10-28,Premium,Pending,Moderate,YouTube,1
4013,Sneha Bhatt,sneha.bhatt4013@mailbox.com,9105414134,Chandigarh,Chandigarh,India,2024-04-29,Basic,Verified,Conservative,App Store,1
4014,Zara Chopra,zara.chopra4014@mailbox.com,9254637369,Chandigarh,Chandigarh,India,2024-08-30,Pro,Verified,Conservative,Referral,1
4015,Diya Jain,diya.jain4015@mailbox.com,9811812183,Bengaluru,Karnataka,India,2025-01-06,Premium,Verified,Conservative,Google Ads,1
4016,Reyansh Patel,reyansh.patel4016@mailbox.com,9659542829,Delhi,Delhi,India,2023-07-18,Premium,Verified,Moderate,Agent,1
4017,Ananya Bansal,ananya.bansal4017@mailbox.com,9644758715,Kolkata,West Bengal,India,2024-05-07,Basic,Verified,Aggressive,Referral,1
4018,Ishaan Trivedi,ishaan.trivedi4018@mailbox.com,9990588377,Mumbai,Maharashtra,India,2025-02-09,Basic,Verified,Moderate,Website,1
4019,Kabir Singh,kabir.singh4019@mailbox.com,9305551529,Nagpur,Maharashtra,India,2023-04-03,Basic,Verified,Aggressive,App Store,1
4020,Sneha Joshi,sneha.joshi4020@mailbox.com,9907192804,Kanpur,Uttar Pradesh,India,2023-03-20,Premium,Verified,Conservative,Social Media,1
4021,Reyansh Trivedi,reyansh.trivedi4021@mailbox.com,9419679930,Kanpur,Uttar Pradesh,India,2023-06-20,Pro,Verified,Aggressive,Social Media,1
4022,Vivaan Menon,vivaan.menon4022@mailbox.com,9932363614,Delhi,Delhi,India,2024-09-21,Elite,Verified,Conservative,Website,1
4023,Amit Bhatt,amit.bhatt4023@mailbox.com,9804855176,Coimbatore,Tamil Nadu,India,2023-09-11,Pro,Verified,Moderate,Website,1
4024,Diya Nair,diya.nair4024@mailbox.com,9292014831,Vadodara,Gujarat,India,2024-04-09,Basic,Verified,Moderate,App Store,1
4025,Riya Jain,riya.jain4025@mailbox.com,9288449282,Nagpur,Maharashtra,India,2023-05-23,Elite,Verified,Aggressive,App Store,1
4026,Reyansh Mishra,reyansh.mishra4026@mailbox.com,9588087638,Mumbai,Maharashtra,India,2023-09-24,Basic,Verified,Aggressive,App Store,1
4027,Rohan Yadav,rohan.yadav4027@mailbox.com,9552477561,Ahmedabad,Gujarat,India,2023-01-19,Basic,Verified,Moderate,Google Ads,1
4028,Anika Singh,anika.singh4028@mailbox.com,9311347914,Bhopal,Madhya Pradesh,India,2025-05-09,Premium,Verified,Moderate,Agent,0
4029,Sneha Menon,sneha.menon4029@mailbox.com,9334338367,Bhopal,Madhya Pradesh,India,2024-05-11,Pro,Verified,Aggressive,Google Ads,1
4030,Aadhya Singh,aadhya.singh4030@mailbox.com,9909482235,Chennai,Tamil Nadu,India,2023-07-07,Elite,Verified,Aggressive,YouTube,1
4031,Amit Reddy,amit.reddy4031@mailbox.com,9272038593,Chandigarh,Chandigarh,India,2024-07-14,Pro,Verified,Moderate,App Store,1
4032,Rahul Joshi,rahul.joshi4032@mailbox.com,9752717909,Vadodara,Gujarat,India,2025-09-20,Basic,Verified,Aggressive,Social Media,1
4033,Ananya Desai,ananya.desai4033@mailbox.com,9238563020,Kanpur,Uttar Pradesh,India,2025-05-28,Basic,Rejected,Aggressive,Agent,1
4034,Diya Chopra,diya.chopra4034@mailbox.com,9500502829,Ahmedabad,Gujarat,India,2025-07-31,Basic,Verified,Conservative,App Store,1
4035,Anika Jain,anika.jain4035@mailbox.com,9110946368,Kanpur,Uttar Pradesh,India,2024-03-08,Premium,Verified,Moderate,Social Media,1
4036,Vivaan Mehta,vivaan.mehta4036@mailbox.com,9263753073,Mumbai,Maharashtra,India,2024-01-20,Premium,Verified,Aggressive,App Store,1
4037,Sneha Pillai,sneha.pillai4037@mailbox.com,9312467812,Kanpur,Uttar Pradesh,India,2023-12-03,Basic,Verified,Conservative,Agent,1
4038,Neha Trivedi,neha.trivedi4038@mailbox.com,9270786561,Mumbai,Maharashtra,India,2023-11-21,Premium,Verified,Aggressive,Social Media,1
4039,Isha Yadav,isha.yadav4039@mailbox.com,9265068708,Mumbai,Maharashtra,India,2025-09-06,Premium,Verified,Moderate,YouTube,1
4040,Myra Rao,myra.rao4040@mailbox.com,9169741168,Nagpur,Maharashtra,India,2023-05-27,Premium,Verified,Conservative,Website,1
4041,Kavya Trivedi,kavya.trivedi4041@mailbox.com,9599024428,Kanpur,Uttar Pradesh,India,2025-06-25,Basic,Verified,Moderate,Referral,0
4042,Priya Gupta,priya.gupta4042@mailbox.com,9371365316,Vadodara,Gujarat,India,2025-09-02,Basic,Verified,Moderate,Google Ads,1
4043,Rajesh Iyer,rajesh.iyer4043@mailbox.com,9801998026,Kanpur,Uttar Pradesh,India,2025-06-17,Premium,Verified,Conservative,Google Ads,1
4044,Arjun Chopra,arjun.chopra4044@mailbox.com,9589221123,Vadodara,Gujarat,India,2024-10-30,Premium,Verified,Conservative,App Store,1
4045,Aadhya Tiwari,aadhya.tiwari4045@mailbox.com,9329033347,Chandigarh,Chandigarh,India,2025-06-30,Basic,Pending,Aggressive,Referral,1
4046,Aarav Bhatt,aarav.bhatt4046@mailbox.com,9155517744,Pune,Maharashtra,India,2023-02-03,Basic,Verified,Aggressive,Agent,1
4047,Riya Pandey,riya.pandey4047@mailbox.com,9804931932,Coimbatore,Tamil Nadu,India,2025-05-20,Elite,Verified,Aggressive,Referral,0
4048,Karan Jain,karan.jain4048@mailbox.com,9120619177,Lucknow,Uttar Pradesh,India,2024-06-28,Pro,Verified,Moderate,Google Ads,0
4049,Kavya Chopra,kavya.chopra4049@mailbox.com,9479948091,Nagpur,Maharashtra,India,2025-10-17,Basic,Verified,Aggressive,App Store,1
4050,Riya Trivedi,riya.trivedi4050@mailbox.com,9130830313,Bengaluru,Karnataka,India,2023-04-02,Premium,Verified,Moderate,Social Media,1
4051,Isha Sharma,isha.sharma4051@mailbox.com,9797968277,Chennai,Tamil Nadu,India,2025-09-17,Premium,Verified,Aggressive,Google Ads,1
4052,Sara Iyer,sara.iyer4052@mailbox.com,9990842447,Kanpur,Uttar Pradesh,India,2024-09-03,Basic,Verified,Aggressive,Agent,1
4053,Rajesh Verma,rajesh.verma4053@mailbox.com,9382248290,Kolkata,West Bengal,India,2023-04-21,Basic,Verified,Moderate,Referral,1
4054,Manoj Saxena,manoj.saxena4054@mailbox.com,9608188803,Nagpur,Maharashtra,India,2024-06-26,Elite,Verified,Moderate,App Store,0
4055,Aarav Yadav,aarav.yadav4055@mailbox.com,9551791102,Delhi,Delhi,India,2023-02-09,Premium,Verified,Aggressive,Google Ads,1
4056,Sara Choudhary,sara.choudhary4056@mailbox.com,9443449487,Kolkata,West Bengal,India,2023-03-30,Basic,Verified,Conservative,Social Media,1
4057,Anil Jain,anil.jain4057@mailbox.com,9429292370,Surat,Gujarat,India,2024-07-20,Pro,Verified,Conservative,App Store,0
4058,Amit Rao,amit.rao4058@mailbox.com,9627069594,Indore,Madhya Pradesh,India,2025-05-18,Premium,Pending,Moderate,App Store,1
4059,Rohan Yadav,rohan.yadav4059@mailbox.com,9760949400,Vadodara,Gujarat,India,2023-04-26,Premium,Verified,Conservative,YouTube,1
4060,Vikram Iyer,vikram.iyer4060@mailbox.com,9777796411,Kochi,Kerala,India,2023-10-07,Basic,Verified,Aggressive,Referral,1
4061,Reyansh Choudhary,reyansh.choudhary4061@mailbox.com,9632812961,Chandigarh,Chandigarh,India,2024-02-21,Basic,Verified,Conservative,Agent,1
4062,Aarav Bhatt,aarav.bhatt4062@mailbox.com,9418021704,Mumbai,Maharashtra,India,2024-07-30,Basic,Verified,Moderate,YouTube,1
4063,Pooja Desai,pooja.desai4063@mailbox.com,9566840590,Indore,Madhya Pradesh,India,2023-01-01,Elite,Verified,Aggressive,App Store,1
4064,Rahul Joshi,rahul.joshi4064@mailbox.com,9376892268,Chennai,Tamil Nadu,India,2024-11-11,Premium,Verified,Moderate,Website,1
4065,Rajesh Pillai,rajesh.pillai4065@mailbox.com,9787400737,Kolkata,West Bengal,India,2024-06-14,Pro,Verified,Aggressive,Agent,1
4066,Kavya Desai,kavya.desai4066@mailbox.com,9266676885,Chennai,Tamil Nadu,India,2025-10-21,Basic,Verified,Moderate,App Store,1
4067,Deepak Jain,deepak.jain4067@mailbox.com,9149047834,Lucknow,Uttar Pradesh,India,2023-11-17,Pro,Verified,Moderate,Referral,1
4068,Aadhya Kapoor,aadhya.kapoor4068@mailbox.com,9542028783,Bengaluru,Karnataka,India,2024-06-09,Premium,Verified,Moderate,App Store,1
4069,Divya Nair,divya.nair4069@mailbox.com,9164699499,Kanpur,Uttar Pradesh,India,2023-03-28,Premium,Verified,Aggressive,App Store,0
4070,Arjun Nair,arjun.nair4070@mailbox.com,9272425710,Hyderabad,Telangana,India,2025-09-03,Basic,Verified,Aggressive,Referral,0
4071,Vihaan Singh,vihaan.singh4071@mailbox.com,9438600465,Kanpur,Uttar Pradesh,India,2025-06-07,Premium,Verified,Conservative,Google Ads,1
4072,Suresh Gupta,suresh.gupta4072@mailbox.com,9103755340,Indore,Madhya Pradesh,India,2024-01-13,Basic,Verified,Moderate,YouTube,1
4073,Anil Sharma,anil.sharma4073@mailbox.com,9301124440,Hyderabad,Telangana,India,2024-05-05,Basic,Pending,Aggressive,Google Ads,0
4074,Varun Desai,varun.desai4074@mailbox.com,9590295939,Bengaluru,Karnataka,India,2025-07-02,Pro,Pending,Moderate,Agent,1
4075,Isha Chopra,isha.chopra4075@mailbox.com,9184377771,Chandigarh,Chandigarh,India,2023-11-11,Basic,Verified,Moderate,App Store,1
4076,Aarav Jain,aarav.jain4076@mailbox.com,9747752221,Bhopal,Madhya Pradesh,India,2023-09-09,Basic,Verified,Aggressive,Website,1
4077,Aryan Saxena,aryan.saxena4077@mailbox.com,9632807226,Kolkata,West Bengal,India,2023-09-15,Pro,Verified,Moderate,Website,1
4078,Neha Kumar,neha.kumar4078@mailbox.com,9679819987,Kochi,Kerala,India,2025-01-23,Basic,Verified,Conservative,Google Ads,1
4079,Karan Singh,karan.singh4079@mailbox.com,9704566454,Chennai,Tamil Nadu,India,2023-08-13,Premium,Verified,Conservative,Social Media,1
4080,Rajesh Agarwal,rajesh.agarwal4080@mailbox.com,9147121819,Coimbatore,Tamil Nadu,India,2023-04-05,Pro,Verified,Conservative,YouTube,1
4081,Nikhil Pandey,nikhil.pandey4081@mailbox.com,9812656456,Bengaluru,Karnataka,India,2023-06-26,Premium,Verified,Aggressive,Website,1
4082,Diya Verma,diya.verma4082@mailbox.com,9398226122,Surat,Gujarat,India,2025-11-16,Basic,Verified,Aggressive,Agent,1
4083,Rajesh Patel,rajesh.patel4083@mailbox.com,9685470643,Mumbai,Maharashtra,India,2025-07-18,Premium,Verified,Moderate,Referral,1
4084,Suresh Sharma,suresh.sharma4084@mailbox.com,9941435401,Hyderabad,Telangana,India,2025-10-12,Premium,Verified,Aggressive,Google Ads,1
4085,Rahul Chopra,rahul.chopra4085@mailbox.com,9890170502,Jaipur,Rajasthan,India,2023-10-23,Basic,Verified,Aggressive,Social Media,1
4086,Pooja Yadav,pooja.yadav4086@mailbox.com,9753698813,Delhi,Delhi,India,2024-04-15,Pro,Verified,Moderate,Referral,1
4087,Ananya Choudhary,ananya.choudhary4087@mailbox.com,9584683939,Lucknow,Uttar Pradesh,India,2024-06-06,Elite,Verified,Aggressive,YouTube,1
4088,Varun Kapoor,varun.kapoor4088@mailbox.com,9574913120,Chennai,Tamil Nadu,India,2024-07-11,Basic,Verified,Conservative,Referral,1
4089,Aryan Kumar,aryan.kumar4089@mailbox.com,9969052899,Delhi,Delhi,India,2023-01-29,Basic,Verified,Aggressive,Website,1
4090,Aryan Agarwal,aryan.agarwal4090@mailbox.com,9958672226,Vadodara,Gujarat,India,2024-09-28,Premium,Pending,Conservative,Website,1
4091,Divya Nair,divya.nair4091@mailbox.com,9684077487,Vadodara,Gujarat,India,2023-02-11,Premium,Verified,Aggressive,Referral,1
4092,Vivaan Mehta,vivaan.mehta4092@mailbox.com,9654516138,Vadodara,Gujarat,India,2023-10-20,Pro,Verified,Conservative,Referral,1
4093,Myra Saxena,myra.saxena4093@mailbox.com,9632548471,Hyderabad,Telangana,India,2023-11-08,Basic,Verified,Aggressive,Agent,1
4094,Anika Yadav,anika.yadav4094@mailbox.com,9831229615,Ahmedabad,Gujarat,India,2024-12-19,Basic,Verified,Moderate,Google Ads,0
4095,Yash Reddy,yash.reddy4095@mailbox.com,9714996998,Pune,Maharashtra,India,2025-08-12,Premium,Verified,Conservative,Referral,1
4096,Amit Rao,amit.rao4096@mailbox.com,9185346525,Pune,Maharashtra,India,2025-01-13,Elite,Verified,Moderate,Website,1
4097,Amit Singh,amit.singh4097@mailbox.com,9803012287,Jaipur,Rajasthan,India,2024-04-08,Basic,Verified,Aggressive,App Store,1
4098,Reyansh Saxena,reyansh.saxena4098@mailbox.com,9755859893,Kanpur,Uttar Pradesh,India,2024-07-13,Pro,Verified,Conservative,Website,1
4099,Suresh Malhotra,suresh.malhotra4099@mailbox.com,9138497141,Lucknow,Uttar Pradesh,India,2024-06-29,Basic,Verified,Conservative,Agent,1
4100,Kavya Mehta,kavya.mehta4100@mailbox.com,9667166951,Kolkata,West Bengal,India,2023-06-07,Basic,Pending,Moderate,Social Media,1
4101,Vihaan Reddy,vihaan.reddy4101@mailbox.com,9940974817,Vadodara,Gujarat,India,2025-10-16,Premium,Verified,Conservative,Website,0
4102,Aryan Gupta,aryan.gupta4102@mailbox.com,9594370711,Vadodara,Gujarat,India,2025-09-05,Basic,Verified,Aggressive,Social Media,1
4103,Kabir Kapoor,kabir.kapoor4103@mailbox.com,9892398611,Pune,Maharashtra,India,2023-09-13,Premium,Verified,Moderate,Website,1
4104,Aarav Choudhary,aarav.choudhary4104@mailbox.com,9896488736,Chennai,Tamil Nadu,India,2023-05-03,Basic,Verified,Aggressive,App Store,0
4105,Vihaan Rao,vihaan.rao4105@mailbox.com,9673855718,Kanpur,Uttar Pradesh,India,2023-06-25,Premium,Pending,Moderate,Website,1
4106,Riya Sharma,riya.sharma4106@mailbox.com,9616351575,Ahmedabad,Gujarat,India,2024-11-01,Basic,Verified,Aggressive,Social Media,1
4107,Arjun Kapoor,arjun.kapoor4107@mailbox.com,9260622468,Vadodara,Gujarat,India,2023-02-01,Pro,Pending,Conservative,App Store,1
4108,Anil Choudhary,anil.choudhary4108@mailbox.com,9926811490,Jaipur,Rajasthan,India,2023-04-20,Pro,Verified,Moderate,Agent,1
4109,Rahul Agarwal,rahul.agarwal4109@mailbox.com,9365673388,Mumbai,Maharashtra,India,2024-11-21,Basic,Verified,Moderate,Google Ads,1
4110,Isha Rao,isha.rao4110@mailbox.com,9476039804,Bengaluru,Karnataka,India,2023-06-05,Basic,Verified,Moderate,Website,1
4111,Aarav Kumar,aarav.kumar4111@mailbox.com,9367750179,Delhi,Delhi,India,2023-03-15,Elite,Verified,Conservative,Agent,1
4112,Zara Trivedi,zara.trivedi4112@mailbox.com,9972677894,Ahmedabad,Gujarat,India,2023-01-22,Basic,Verified,Moderate,YouTube,1
4113,Ishaan Jain,ishaan.jain4113@mailbox.com,9534816674,Pune,Maharashtra,India,2025-01-21,Pro,Verified,Aggressive,Website,1
4114,Aryan Bhatt,aryan.bhatt4114@mailbox.com,9202621401,Kochi,Kerala,India,2024-01-22,Premium,Verified,Conservative,Agent,1
4115,Diya Nair,diya.nair4115@mailbox.com,9312216766,Kochi,Kerala,India,2023-10-30,Pro,Verified,Aggressive,Website,1
4116,Riya Saxena,riya.saxena4116@mailbox.com,9907114401,Bengaluru,Karnataka,India,2024-11-12,Basic,Verified,Aggressive,Agent,1
4117,Aarav Bansal,aarav.bansal4117@mailbox.com,9685502708,Coimbatore,Tamil Nadu,India,2023-07-01,Basic,Verified,Conservative,YouTube,1
4118,Reyansh Sharma,reyansh.sharma4118@mailbox.com,9302270728,Nagpur,Maharashtra,India,2024-07-09,Basic,Verified,Aggressive,Social Media,1
4119,Rohan Bansal,rohan.bansal4119@mailbox.com,9900358819,Pune,Maharashtra,India,2024-05-30,Basic,Verified,Moderate,Referral,1
4120,Aditya Saxena,aditya.saxena4120@mailbox.com,9368035708,Jaipur,Rajasthan,India,2024-12-19,Basic,Verified,Moderate,Google Ads,1
4121,Divya Desai,divya.desai4121@mailbox.com,9998009792,Jaipur,Rajasthan,India,2024-10-26,Elite,Verified,Conservative,YouTube,1
4122,Varun Yadav,varun.yadav4122@mailbox.com,9639567981,Hyderabad,Telangana,India,2024-12-19,Basic,Verified,Conservative,YouTube,1
4123,Aryan Yadav,aryan.yadav4123@mailbox.com,9152663804,Kochi,Kerala,India,2023-08-15,Basic,Verified,Conservative,Website,0
4124,Ananya Rao,ananya.rao4124@mailbox.com,9334126998,Mumbai,Maharashtra,India,2023-05-30,Basic,Verified,Conservative,Website,1
4125,Suresh Sharma,suresh.sharma4125@mailbox.com,9152466975,Delhi,Delhi,India,2024-07-22,Basic,Verified,Moderate,Google Ads,1
4126,Rahul Mehta,rahul.mehta4126@mailbox.com,9867793236,Kolkata,West Bengal,India,2023-03-03,Premium,Verified,Aggressive,YouTube,1
4127,Vivaan Mishra,vivaan.mishra4127@mailbox.com,9201842665,Bengaluru,Karnataka,India,2024-04-28,Basic,Verified,Aggressive,App Store,1
4128,Vihaan Shah,vihaan.shah4128@mailbox.com,9212039712,Delhi,Delhi,India,2024-10-28,Pro,Verified,Conservative,Website,1
4129,Amit Gupta,amit.gupta4129@mailbox.com,9976815081,Ahmedabad,Gujarat,India,2025-05-24,Pro,Rejected,Moderate,Google Ads,1
4130,Aadhya Kumar,aadhya.kumar4130@mailbox.com,9973503875,Ahmedabad,Gujarat,India,2024-11-26,Basic,Verified,Conservative,Social Media,1
4131,Aarav Iyer,aarav.iyer4131@mailbox.com,9743353708,Bengaluru,Karnataka,India,2025-11-25,Pro,Verified,Conservative,App Store,1
4132,Varun Desai,varun.desai4132@mailbox.com,9553541198,Chandigarh,Chandigarh,India,2024-08-15,Basic,Verified,Moderate,App Store,1
4133,Divya Yadav,divya.yadav4133@mailbox.com,9186985483,Kochi,Kerala,India,2024-04-20,Basic,Verified,Conservative,Referral,1
4134,Rahul Trivedi,rahul.trivedi4134@mailbox.com,9814228288,Bhopal,Madhya Pradesh,India,2023-09-19,Elite,Verified,Aggressive,Referral,0
4135,Aryan Reddy,aryan.reddy4135@mailbox.com,9116376341,Kanpur,Uttar Pradesh,India,2024-12-17,Pro,Verified,Conservative,YouTube,1
4136,Yash Verma,yash.verma4136@mailbox.com,9823548372,Coimbatore,Tamil Nadu,India,2025-05-13,Basic,Verified,Conservative,Website,1
4137,Yash Desai,yash.desai4137@mailbox.com,9806792072,Ahmedabad,Gujarat,India,2023-12-08,Premium,Verified,Aggressive,App Store,1
4138,Ananya Iyer,ananya.iyer4138@mailbox.com,9858398043,Jaipur,Rajasthan,India,2023-03-22,Basic,Verified,Conservative,YouTube,1
4139,Kiran Pandey,kiran.pandey4139@mailbox.com,9392413523,Mumbai,Maharashtra,India,2023-01-12,Premium,Verified,Conservative,Website,1
4140,Rahul Menon,rahul.menon4140@mailbox.com,9514805191,Bhopal,Madhya Pradesh,India,2024-11-04,Premium,Verified,Aggressive,Agent,1
4141,Divya Nair,divya.nair4141@mailbox.com,9488706711,Delhi,Delhi,India,2024-12-07,Basic,Verified,Aggressive,YouTube,0
4142,Deepak Joshi,deepak.joshi4142@mailbox.com,9819761124,Surat,Gujarat,India,2023-05-09,Pro,Pending,Aggressive,Social Media,1
4143,Ishaan Gupta,ishaan.gupta4143@mailbox.com,9303406353,Patna,Bihar,India,2023-01-25,Premium,Verified,Moderate,Google Ads,0
4144,Anika Mishra,anika.mishra4144@mailbox.com,9532379987,Chennai,Tamil Nadu,India,2024-11-27,Basic,Verified,Moderate,Social Media,1
4145,Reyansh Shah,reyansh.shah4145@mailbox.com,9839484333,Indore,Madhya Pradesh,India,2024-02-28,Pro,Verified,Aggressive,Website,1
4146,Diya Kumar,diya.kumar4146@mailbox.com,9246694850,Pune,Maharashtra,India,2024-03-20,Premium,Verified,Aggressive,App Store,1
4147,Aadhya Saxena,aadhya.saxena4147@mailbox.com,9406196249,Ahmedabad,Gujarat,India,2023-10-07,Basic,Verified,Moderate,YouTube,1
4148,Deepak Agarwal,deepak.agarwal4148@mailbox.com,9700311395,Kanpur,Uttar Pradesh,India,2025-02-03,Premium,Rejected,Conservative,Referral,1
4149,Deepak Malhotra,deepak.malhotra4149@mailbox.com,9529168321,Chennai,Tamil Nadu,India,2025-03-04,Pro,Pending,Aggressive,Website,1
4150,Sara Jain,sara.jain4150@mailbox.com,9645156164,Patna,Bihar,India,2023-02-25,Elite,Verified,Aggressive,YouTube,1
4151,Kavya Jain,kavya.jain4151@mailbox.com,9575216548,Ahmedabad,Gujarat,India,2023-04-05,Basic,Verified,Aggressive,YouTube,1
4152,Amit Patel,amit.patel4152@mailbox.com,9829064230,Lucknow,Uttar Pradesh,India,2024-08-14,Premium,Verified,Moderate,Agent,1
4153,Nikhil Joshi,nikhil.joshi4153@mailbox.com,9887731409,Chandigarh,Chandigarh,India,2024-10-04,Pro,Pending,Moderate,Referral,1
4154,Aryan Shah,aryan.shah4154@mailbox.com,9504576344,Chennai,Tamil Nadu,India,2023-06-04,Elite,Verified,Aggressive,Social Media,1
4155,Karan Pandey,karan.pandey4155@mailbox.com,9488451995,Lucknow,Uttar Pradesh,India,2023-06-18,Basic,Verified,Moderate,Social Media,1
4156,Kabir Gupta,kabir.gupta4156@mailbox.com,9350783679,Vadodara,Gujarat,India,2024-12-27,Premium,Verified,Aggressive,YouTube,1
4157,Meera Jain,meera.jain4157@mailbox.com,9852755822,Ahmedabad,Gujarat,India,2024-04-29,Pro,Verified,Aggressive,App Store,1
4158,Isha Kapoor,isha.kapoor4158@mailbox.com,9551487616,Bengaluru,Karnataka,India,2023-05-08,Basic,Verified,Conservative,App Store,1
4159,Kabir Menon,kabir.menon4159@mailbox.com,9721897372,Kolkata,West Bengal,India,2024-10-11,Basic,Verified,Conservative,App Store,1
4160,Vivaan Gupta,vivaan.gupta4160@mailbox.com,9476566566,Vadodara,Gujarat,India,2023-03-20,Premium,Verified,Conservative,YouTube,1
4161,Aadhya Choudhary,aadhya.choudhary4161@mailbox.com,9736038246,Patna,Bihar,India,2023-09-03,Premium,Verified,Moderate,Social Media,1
4162,Sara Choudhary,sara.choudhary4162@mailbox.com,9741187962,Chandigarh,Chandigarh,India,2025-01-29,Premium,Verified,Aggressive,Website,0
4163,Sanjay Desai,sanjay.desai4163@mailbox.com,9575276113,Kolkata,West Bengal,India,2023-08-25,Basic,Verified,Aggressive,App Store,1
4164,Rohan Bhatt,rohan.bhatt4164@mailbox.com,9941048814,Chandigarh,Chandigarh,India,2023-03-09,Pro,Verified,Conservative,App Store,1
4165,Meera Tiwari,meera.tiwari4165@mailbox.com,9888380752,Ahmedabad,Gujarat,India,2025-10-19,Basic,Verified,Conservative,Website,1
4166,Sneha Jain,sneha.jain4166@mailbox.com,9242576575,Patna,Bihar,India,2023-08-28,Pro,Verified,Aggressive,Website,0
4167,Riya Trivedi,riya.trivedi4167@mailbox.com,9305005156,Kochi,Kerala,India,2024-07-02,Basic,Verified,Conservative,Referral,1
4168,Kabir Yadav,kabir.yadav4168@mailbox.com,9959317266,Chennai,Tamil Nadu,India,2025-05-28,Basic,Pending,Moderate,App Store,0
4169,Rahul Choudhary,rahul.choudhary4169@mailbox.com,9461522822,Coimbatore,Tamil Nadu,India,2025-11-20,Elite,Verified,Conservative,Social Media,1
4170,Priya Choudhary,priya.choudhary4170@mailbox.com,9379354739,Indore,Madhya Pradesh,India,2025-05-12,Pro,Verified,Conservative,Website,1
4171,Myra Iyer,myra.iyer4171@mailbox.com,9816609313,Bhopal,Madhya Pradesh,India,2023-12-28,Basic,Verified,Moderate,Google Ads,1
4172,Ananya Bhatt,ananya.bhatt4172@mailbox.com,9641933219,Patna,Bihar,India,2025-06-28,Basic,Verified,Aggressive,Referral,1
4173,Rahul Gupta,rahul.gupta4173@mailbox.com,9219664811,Hyderabad,Telangana,India,2023-01-14,Premium,Verified,Aggressive,Agent,1
4174,Myra Nair,myra.nair4174@mailbox.com,9182604457,Bhopal,Madhya Pradesh,India,2023-12-14,Elite,Verified,Moderate,Google Ads,0
4175,Aadhya Chopra,aadhya.chopra4175@mailbox.com,9827298542,Chennai,Tamil Nadu,India,2023-08-01,Basic,Verified,Moderate,App Store,1
4176,Kavya Pandey,kavya.pandey4176@mailbox.com,9788374445,Kolkata,West Bengal,India,2024-07-16,Elite,Verified,Aggressive,Website,0
4177,Isha Gupta,isha.gupta4177@mailbox.com,9876207980,Bengaluru,Karnataka,India,2025-08-07,Basic,Verified,Moderate,App Store,1
4178,Meera Desai,meera.desai4178@mailbox.com,9212953328,Hyderabad,Telangana,India,2025-04-03,Premium,Verified,Conservative,Social Media,1
4179,Riya Patel,riya.patel4179@mailbox.com,9882130617,Vadodara,Gujarat,India,2025-11-29,Basic,Verified,Aggressive,Social Media,1
4180,Riya Mishra,riya.mishra4180@mailbox.com,9171234536,Pune,Maharashtra,India,2023-05-26,Basic,Verified,Conservative,App Store,1
4181,Priya Jain,priya.jain4181@mailbox.com,9672463409,Ahmedabad,Gujarat,India,2025-03-12,Elite,Pending,Conservative,Website,1
4182,Myra Rao,myra.rao4182@mailbox.com,9858725845,Lucknow,Uttar Pradesh,India,2025-02-10,Basic,Verified,Conservative,Agent,1
4183,Arjun Mishra,arjun.mishra4183@mailbox.com,9657370879,Bhopal,Madhya Pradesh,India,2024-05-01,Elite,Verified,Moderate,YouTube,1
4184,Deepak Kapoor,deepak.kapoor4184@mailbox.com,9409432486,Nagpur,Maharashtra,India,2023-04-14,Basic,Verified,Conservative,Google Ads,1
4185,Aditya Yadav,aditya.yadav4185@mailbox.com,9359237210,Kanpur,Uttar Pradesh,India,2023-04-22,Basic,Verified,Moderate,Referral,1
4186,Sanjay Saxena,sanjay.saxena4186@mailbox.com,9339338947,Chandigarh,Chandigarh,India,2025-08-30,Pro,Verified,Moderate,Website,1
4187,Ananya Verma,ananya.verma4187@mailbox.com,9349597272,Lucknow,Uttar Pradesh,India,2023-11-11,Premium,Rejected,Conservative,Website,1
4188,Rohan Reddy,rohan.reddy4188@mailbox.com,9291688871,Patna,Bihar,India,2024-11-09,Basic,Verified,Moderate,Website,1
4189,Vivaan Chopra,vivaan.chopra4189@mailbox.com,9249362661,Coimbatore,Tamil Nadu,India,2025-10-04,Premium,Verified,Moderate,Referral,1
4190,Nikhil Reddy,nikhil.reddy4190@mailbox.com,9759750085,Surat,Gujarat,India,2024-06-09,Basic,Verified,Conservative,App Store,1
4191,Anika Singh,anika.singh4191@mailbox.com,9584065113,Mumbai,Maharashtra,India,2023-08-12,Pro,Verified,Aggressive,App Store,1
4192,Kavya Yadav,kavya.yadav4192@mailbox.com,9294006775,Kolkata,West Bengal,India,2024-05-31,Basic,Verified,Aggressive,YouTube,1
4193,Divya Mishra,divya.mishra4193@mailbox.com,9294488669,Indore,Madhya Pradesh,India,2023-09-02,Premium,Pending,Aggressive,Referral,1
4194,Vivaan Malhotra,vivaan.malhotra4194@mailbox.com,9807021028,Lucknow,Uttar Pradesh,India,2023-07-13,Basic,Verified,Conservative,Social Media,1
4195,Sanjay Reddy,sanjay.reddy4195@mailbox.com,9631120337,Kolkata,West Bengal,India,2025-05-13,Premium,Pending,Moderate,Website,1
4196,Zara Patel,zara.patel4196@mailbox.com,9637173718,Pune,Maharashtra,India,2024-01-04,Elite,Verified,Moderate,Google Ads,1
4197,Sanjay Pandey,sanjay.pandey4197@mailbox.com,9435551552,Delhi,Delhi,India,2024-12-30,Pro,Verified,Conservative,Referral,1
4198,Arjun Joshi,arjun.joshi4198@mailbox.com,9720081592,Chennai,Tamil Nadu,India,2025-02-13,Basic,Verified,Aggressive,Social Media,1
4199,Yash Sharma,yash.sharma4199@mailbox.com,9441751642,Patna,Bihar,India,2024-08-08,Basic,Verified,Moderate,App Store,1
4200,Karan Bansal,karan.bansal4200@mailbox.com,9688141421,Mumbai,Maharashtra,India,2024-07-30,Basic,Verified,Moderate,Website,1
4201,Sneha Malhotra,sneha.malhotra4201@mailbox.com,9301198917,Chandigarh,Chandigarh,India,2023-07-12,Pro,Verified,Aggressive,Google Ads,1
4202,Divya Pillai,divya.pillai4202@mailbox.com,9611739239,Pune,Maharashtra,India,2024-07-17,Basic,Verified,Conservative,App Store,1
4203,Kavya Agarwal,kavya.agarwal4203@mailbox.com,9780634680,Chandigarh,Chandigarh,India,2025-03-11,Premium,Verified,Moderate,Website,1
4204,Reyansh Pandey,reyansh.pandey4204@mailbox.com,9969467452,Kolkata,West Bengal,India,2023-07-27,Basic,Verified,Aggressive,Referral,1
4205,Diya Desai,diya.desai4205@mailbox.com,9424262737,Chandigarh,Chandigarh,India,2023-09-05,Elite,Verified,Aggressive,Agent,1
4206,Manoj Yadav,manoj.yadav4206@mailbox.com,9525464660,Nagpur,Maharashtra,India,2025-01-05,Premium,Verified,Moderate,Social Media,1
4207,Nikhil Bansal,nikhil.bansal4207@mailbox.com,9528707576,Kochi,Kerala,India,2025-11-11,Premium,Verified,Moderate,App Store,1
4208,Varun Desai,varun.desai4208@mailbox.com,9874122856,Delhi,Delhi,India,2024-02-22,Pro,Verified,Conservative,Website,1
4209,Karan Agarwal,karan.agarwal4209@mailbox.com,9966305064,Patna,Bihar,India,2025-06-01,Elite,Verified,Conservative,App Store,0
4210,Neha Choudhary,neha.choudhary4210@mailbox.com,9681408918,Kolkata,West Bengal,India,2023-07-14,Premium,Verified,Conservative,Referral,1
4211,Ishaan Trivedi,ishaan.trivedi4211@mailbox.com,9839932702,Ahmedabad,Gujarat,India,2024-08-29,Pro,Verified,Aggressive,Website,0
4212,Meera Joshi,meera.joshi4212@mailbox.com,9175745746,Mumbai,Maharashtra,India,2025-10-02,Premium,Verified,Aggressive,Referral,1
4213,Aadhya Tiwari,aadhya.tiwari4213@mailbox.com,9783348137,Vadodara,Gujarat,India,2024-04-15,Basic,Verified,Conservative,Referral,1
4214,Meera Jain,meera.jain4214@mailbox.com,9829079613,Indore,Madhya Pradesh,India,2024-06-23,Basic,Verified,Conservative,Google Ads,1
4215,Sneha Mishra,sneha.mishra4215@mailbox.com,9743412105,Vadodara,Gujarat,India,2023-06-15,Premium,Verified,Moderate,Social Media,1
4216,Aryan Reddy,aryan.reddy4216@mailbox.com,9625949686,Nagpur,Maharashtra,India,2024-07-16,Premium,Verified,Aggressive,Referral,1
4217,Zara Saxena,zara.saxena4217@mailbox.com,9909621420,Hyderabad,Telangana,India,2024-09-15,Basic,Verified,Moderate,YouTube,1
4218,Kavya Singh,kavya.singh4218@mailbox.com,9688173092,Pune,Maharashtra,India,2025-11-11,Basic,Pending,Conservative,Website,1
4219,Amit Singh,amit.singh4219@mailbox.com,9262204691,Jaipur,Rajasthan,India,2023-08-03,Premium,Rejected,Moderate,YouTube,1
4220,Ishaan Yadav,ishaan.yadav4220@mailbox.com,9698847640,Bengaluru,Karnataka,India,2024-01-26,Basic,Verified,Conservative,Referral,1
4221,Arjun Kumar,arjun.kumar4221@mailbox.com,9881478048,Coimbatore,Tamil Nadu,India,2024-11-20,Premium,Pending,Moderate,YouTube,1
4222,Rahul Jain,rahul.jain4222@mailbox.com,9892524225,Vadodara,Gujarat,India,2025-10-01,Premium,Verified,Aggressive,Google Ads,1
4223,Anil Chopra,anil.chopra4223@mailbox.com,9859587203,Nagpur,Maharashtra,India,2023-09-11,Basic,Pending,Conservative,Referral,1
4224,Amit Joshi,amit.joshi4224@mailbox.com,9293888073,Nagpur,Maharashtra,India,2025-01-10,Basic,Verified,Aggressive,Referral,1
4225,Suresh Gupta,suresh.gupta4225@mailbox.com,9543073411,Bhopal,Madhya Pradesh,India,2025-07-25,Basic,Verified,Moderate,Website,1
4226,Kabir Choudhary,kabir.choudhary4226@mailbox.com,9100112415,Surat,Gujarat,India,2024-11-05,Basic,Verified,Conservative,Website,1
4227,Anika Saxena,anika.saxena4227@mailbox.com,9981670860,Delhi,Delhi,India,2024-03-30,Premium,Verified,Conservative,App Store,0
4228,Neha Kapoor,neha.kapoor4228@mailbox.com,9331757840,Kanpur,Uttar Pradesh,India,2023-09-07,Premium,Verified,Conservative,Social Media,1
4229,Kavya Shah,kavya.shah4229@mailbox.com,9661988702,Patna,Bihar,India,2023-11-03,Pro,Verified,Aggressive,YouTube,1
4230,Aarav Joshi,aarav.joshi4230@mailbox.com,9538788203,Chandigarh,Chandigarh,India,2023-02-25,Basic,Verified,Aggressive,Referral,0
4231,Aditya Iyer,aditya.iyer4231@mailbox.com,9914162013,Nagpur,Maharashtra,India,2023-06-11,Premium,Pending,Moderate,Website,1
4232,Varun Mehta,varun.mehta4232@mailbox.com,9839150237,Kochi,Kerala,India,2024-04-11,Basic,Verified,Moderate,Website,1
4233,Neha Menon,neha.menon4233@mailbox.com,9799237174,Nagpur,Maharashtra,India,2023-05-30,Pro,Verified,Moderate,YouTube,1
4234,Ananya Kumar,ananya.kumar4234@mailbox.com,9678961809,Ahmedabad,Gujarat,India,2023-01-11,Basic,Verified,Moderate,Website,1
4235,Ananya Kapoor,ananya.kapoor4235@mailbox.com,9207443445,Jaipur,Rajasthan,India,2025-01-07,Premium,Pending,Moderate,Social Media,1
4236,Vivaan Iyer,vivaan.iyer4236@mailbox.com,9156367964,Surat,Gujarat,India,2023-03-17,Premium,Verified,Conservative,App Store,0
4237,Varun Iyer,varun.iyer4237@mailbox.com,9510007987,Kochi,Kerala,India,2023-05-31,Basic,Verified,Aggressive,Agent,1
4238,Arjun Malhotra,arjun.malhotra4238@mailbox.com,9441481438,Chennai,Tamil Nadu,India,2024-09-26,Elite,Verified,Aggressive,Referral,1
4239,Rajesh Desai,rajesh.desai4239@mailbox.com,9451733700,Kolkata,West Bengal,India,2025-09-08,Basic,Verified,Aggressive,YouTube,1
4240,Karan Nair,karan.nair4240@mailbox.com,9979509917,Surat,Gujarat,India,2025-02-10,Basic,Verified,Conservative,Google Ads,1
4241,Kavya Mehta,kavya.mehta4241@mailbox.com,9308276394,Patna,Bihar,India,2023-02-04,Premium,Verified,Moderate,Social Media,0
4242,Ananya Reddy,ananya.reddy4242@mailbox.com,9621962558,Ahmedabad,Gujarat,India,2023-06-28,Premium,Verified,Conservative,Agent,0
4243,Manoj Desai,manoj.desai4243@mailbox.com,9296256235,Indore,Madhya Pradesh,India,2025-02-27,Basic,Verified,Moderate,Google Ads,1
4244,Vivaan Tiwari,vivaan.tiwari4244@mailbox.com,9920393202,Mumbai,Maharashtra,India,2025-02-19,Basic,Verified,Conservative,Google Ads,1
4245,Myra Trivedi,myra.trivedi4245@mailbox.com,9762498906,Kolkata,West Bengal,India,2024-02-21,Basic,Verified,Moderate,Agent,1
4246,Diya Desai,diya.desai4246@mailbox.com,9473358730,Vadodara,Gujarat,India,2025-10-08,Pro,Pending,Conservative,Referral,1
4247,Ananya Pandey,ananya.pandey4247@mailbox.com,9172323210,Nagpur,Maharashtra,India,2025-08-04,Premium,Verified,Moderate,YouTube,1
4248,Kabir Mishra,kabir.mishra4248@mailbox.com,9237424439,Kochi,Kerala,India,2025-03-02,Basic,Verified,Moderate,Social Media,1
4249,Nikhil Nair,nikhil.nair4249@mailbox.com,9465660533,Chennai,Tamil Nadu,India,2025-03-07,Basic,Verified,Moderate,Agent,1
4250,Sara Singh,sara.singh4250@mailbox.com,9897305732,Kolkata,West Bengal,India,2025-04-15,Pro,Verified,Moderate,Social Media,1
4251,Aadhya Desai,aadhya.desai4251@mailbox.com,9207616735,Vadodara,Gujarat,India,2023-06-08,Pro,Verified,Aggressive,App Store,1
4252,Sara Pillai,sara.pillai4252@mailbox.com,9619228735,Vadodara,Gujarat,India,2025-01-16,Basic,Pending,Moderate,Agent,0
4253,Aryan Mehta,aryan.mehta4253@mailbox.com,9412588358,Kochi,Kerala,India,2025-09-27,Premium,Verified,Conservative,Referral,1
4254,Kavya Jain,kavya.jain4254@mailbox.com,9657395384,Pune,Maharashtra,India,2023-08-28,Basic,Verified,Moderate,Referral,1
4255,Kavya Mishra,kavya.mishra4255@mailbox.com,9733829542,Chandigarh,Chandigarh,India,2023-01-16,Basic,Verified,Moderate,Agent,1
4256,Kavya Joshi,kavya.joshi4256@mailbox.com,9963532210,Lucknow,Uttar Pradesh,India,2024-01-20,Pro,Verified,Conservative,Google Ads,1
4257,Kavya Kapoor,kavya.kapoor4257@mailbox.com,9556014130,Chandigarh,Chandigarh,India,2023-10-15,Pro,Verified,Moderate,Referral,1
4258,Vihaan Patel,vihaan.patel4258@mailbox.com,9869069553,Kochi,Kerala,India,2025-10-07,Basic,Verified,Aggressive,Website,1
4259,Neha Patel,neha.patel4259@mailbox.com,9714190484,Jaipur,Rajasthan,India,2024-04-19,Pro,Verified,Moderate,Website,1
4260,Vivaan Rao,vivaan.rao4260@mailbox.com,9949050198,Pune,Maharashtra,India,2024-12-05,Premium,Verified,Moderate,Agent,1
4261,Karan Agarwal,karan.agarwal4261@mailbox.com,9104001928,Vadodara,Gujarat,India,2025-11-11,Pro,Verified,Aggressive,App Store,0
4262,Rohan Mehta,rohan.mehta4262@mailbox.com,9533418194,Lucknow,Uttar Pradesh,India,2025-04-20,Pro,Verified,Conservative,YouTube,1
4263,Diya Kumar,diya.kumar4263@mailbox.com,9230052010,Jaipur,Rajasthan,India,2025-03-08,Premium,Verified,Aggressive,Website,1
4264,Rajesh Malhotra,rajesh.malhotra4264@mailbox.com,9732009059,Surat,Gujarat,India,2025-10-28,Elite,Verified,Conservative,Website,1
4265,Vikram Pillai,vikram.pillai4265@mailbox.com,9533969700,Coimbatore,Tamil Nadu,India,2025-01-03,Basic,Verified,Moderate,YouTube,1
4266,Aryan Joshi,aryan.joshi4266@mailbox.com,9558382759,Bengaluru,Karnataka,India,2023-09-04,Premium,Verified,Moderate,Social Media,1
4267,Myra Iyer,myra.iyer4267@mailbox.com,9535240864,Vadodara,Gujarat,India,2025-02-13,Basic,Verified,Conservative,App Store,1
4268,Varun Mehta,varun.mehta4268@mailbox.com,9772702746,Jaipur,Rajasthan,India,2023-12-09,Pro,Verified,Aggressive,App Store,1
4269,Vivaan Saxena,vivaan.saxena4269@mailbox.com,9969492628,Mumbai,Maharashtra,India,2023-12-19,Basic,Verified,Conservative,YouTube,1
4270,Rahul Desai,rahul.desai4270@mailbox.com,9561580478,Pune,Maharashtra,India,2024-11-17,Basic,Verified,Moderate,YouTube,1
4271,Suresh Tiwari,suresh.tiwari4271@mailbox.com,9240033790,Lucknow,Uttar Pradesh,India,2023-12-02,Pro,Verified,Moderate,App Store,1
4272,Amit Verma,amit.verma4272@mailbox.com,9394646149,Surat,Gujarat,India,2023-01-26,Basic,Verified,Aggressive,Website,1
4273,Varun Jain,varun.jain4273@mailbox.com,9546427901,Nagpur,Maharashtra,India,2025-11-30,Basic,Verified,Conservative,Website,1
4274,Isha Agarwal,isha.agarwal4274@mailbox.com,9193294581,Bengaluru,Karnataka,India,2024-08-31,Basic,Verified,Conservative,Google Ads,0
4275,Vivaan Verma,vivaan.verma4275@mailbox.com,9306196819,Lucknow,Uttar Pradesh,India,2024-12-14,Premium,Verified,Moderate,Agent,1
4276,Rajesh Choudhary,rajesh.choudhary4276@mailbox.com,9282359888,Chennai,Tamil Nadu,India,2025-05-11,Basic,Verified,Aggressive,Social Media,1
4277,Aditya Patel,aditya.patel4277@mailbox.com,9460702071,Kolkata,West Bengal,India,2024-11-06,Basic,Verified,Aggressive,Google Ads,1
4278,Rajesh Patel,rajesh.patel4278@mailbox.com,9891140125,Bhopal,Madhya Pradesh,India,2024-10-12,Premium,Verified,Conservative,Social Media,1
4279,Divya Yadav,divya.yadav4279@mailbox.com,9596308876,Chandigarh,Chandigarh,India,2025-04-23,Elite,Verified,Moderate,YouTube,1
4280,Anil Reddy,anil.reddy4280@mailbox.com,9555481511,Hyderabad,Telangana,India,2023-11-11,Pro,Pending,Conservative,Google Ads,1
4281,Zara Iyer,zara.iyer4281@mailbox.com,9944773661,Indore,Madhya Pradesh,India,2025-06-01,Basic,Verified,Aggressive,Website,1
4282,Kiran Reddy,kiran.reddy4282@mailbox.com,9722756962,Jaipur,Rajasthan,India,2025-02-10,Pro,Verified,Moderate,Agent,1
4283,Ishaan Singh,ishaan.singh4283@mailbox.com,9315748158,Pune,Maharashtra,India,2023-07-13,Pro,Verified,Moderate,Website,1
4284,Anika Sharma,anika.sharma4284@mailbox.com,9353482780,Bhopal,Madhya Pradesh,India,2023-06-05,Premium,Verified,Conservative,Website,1
4285,Arjun Sharma,arjun.sharma4285@mailbox.com,9699476444,Chennai,Tamil Nadu,India,2025-07-25,Premium,Verified,Moderate,Agent,1
4286,Rajesh Kapoor,rajesh.kapoor4286@mailbox.com,9102017333,Patna,Bihar,India,2025-08-10,Basic,Verified,Moderate,Google Ads,1
4287,Meera Malhotra,meera.malhotra4287@mailbox.com,9237291320,Jaipur,Rajasthan,India,2025-11-24,Premium,Verified,Conservative,App Store,1
4288,Manoj Verma,manoj.verma4288@mailbox.com,9166893019,Delhi,Delhi,India,2023-04-18,Premium,Verified,Conservative,YouTube,0
4289,Rajesh Agarwal,rajesh.agarwal4289@mailbox.com,9497209648,Patna,Bihar,India,2025-08-11,Basic,Verified,Aggressive,Referral,1
4290,Isha Mehta,isha.mehta4290@mailbox.com,9110206789,Kochi,Kerala,India,2025-07-08,Basic,Verified,Aggressive,YouTube,1
4291,Aditya Menon,aditya.menon4291@mailbox.com,9767491316,Nagpur,Maharashtra,India,2025-03-28,Basic,Verified,Moderate,Google Ads,1
4292,Varun Yadav,varun.yadav4292@mailbox.com,9746773323,Bhopal,Madhya Pradesh,India,2024-06-14,Premium,Verified,Aggressive,Google Ads,1
4293,Zara Choudhary,zara.choudhary4293@mailbox.com,9246895890,Bengaluru,Karnataka,India,2024-06-25,Basic,Verified,Aggressive,App Store,1
4294,Vihaan Pandey,vihaan.pandey4294@mailbox.com,9262292001,Pune,Maharashtra,India,2024-04-01,Premium,Verified,Moderate,Social Media,1
4295,Varun Patel,varun.patel4295@mailbox.com,9603016869,Pune,Maharashtra,India,2023-02-01,Pro,Verified,Conservative,YouTube,1
4296,Aryan Reddy,aryan.reddy4296@mailbox.com,9296850164,Patna,Bihar,India,2024-06-17,Basic,Verified,Moderate,YouTube,0
4297,Anika Trivedi,anika.trivedi4297@mailbox.com,9437870390,Ahmedabad,Gujarat,India,2023-09-10,Basic,Verified,Aggressive,Referral,1
4298,Rajesh Joshi,rajesh.joshi4298@mailbox.com,9146978207,Bhopal,Madhya Pradesh,India,2023-08-02,Basic,Verified,Conservative,Referral,1
4299,Vivaan Jain,vivaan.jain4299@mailbox.com,9709401483,Pune,Maharashtra,India,2023-03-01,Basic,Pending,Moderate,Website,1
4300,Vihaan Malhotra,vihaan.malhotra4300@mailbox.com,9377999993,Indore,Madhya Pradesh,India,2024-05-02,Pro,Verified,Aggressive,YouTube,1
4301,Diya Reddy,diya.reddy4301@mailbox.com,9583991994,Chennai,Tamil Nadu,India,2023-02-20,Premium,Verified,Moderate,Website,1
4302,Priya Jain,priya.jain4302@mailbox.com,9958120343,Nagpur,Maharashtra,India,2025-06-23,Pro,Verified,Moderate,Google Ads,1
4303,Reyansh Iyer,reyansh.iyer4303@mailbox.com,9311153866,Delhi,Delhi,India,2025-08-05,Elite,Verified,Conservative,Referral,1
4304,Vivaan Shah,vivaan.shah4304@mailbox.com,9361590489,Bhopal,Madhya Pradesh,India,2025-05-03,Basic,Verified,Moderate,Agent,1
4305,Priya Malhotra,priya.malhotra4305@mailbox.com,9207994476,Mumbai,Maharashtra,India,2023-11-17,Premium,Verified,Conservative,App Store,1
4306,Rajesh Singh,rajesh.singh4306@mailbox.com,9587842681,Vadodara,Gujarat,India,2023-06-23,Premium,Verified,Conservative,Website,1
4307,Divya Choudhary,divya.choudhary4307@mailbox.com,9283457790,Chandigarh,Chandigarh,India,2024-06-21,Premium,Verified,Moderate,Agent,1
4308,Suresh Singh,suresh.singh4308@mailbox.com,9361848824,Nagpur,Maharashtra,India,2024-12-18,Basic,Verified,Conservative,Referral,1
4309,Manoj Desai,manoj.desai4309@mailbox.com,9697762730,Coimbatore,Tamil Nadu,India,2023-01-22,Basic,Verified,Moderate,Social Media,1
4310,Neha Chopra,neha.chopra4310@mailbox.com,9270294859,Chandigarh,Chandigarh,India,2025-07-01,Premium,Verified,Moderate,Agent,0
4311,Rahul Bhatt,rahul.bhatt4311@mailbox.com,9390499251,Bengaluru,Karnataka,India,2024-04-12,Premium,Verified,Moderate,Website,1
4312,Deepak Mishra,deepak.mishra4312@mailbox.com,9254077124,Bhopal,Madhya Pradesh,India,2025-05-23,Basic,Rejected,Aggressive,App Store,1
4313,Kavya Chopra,kavya.chopra4313@mailbox.com,9597193014,Ahmedabad,Gujarat,India,2023-03-25,Basic,Verified,Moderate,Website,1
4314,Vihaan Mishra,vihaan.mishra4314@mailbox.com,9124995094,Kochi,Kerala,India,2024-03-29,Premium,Verified,Aggressive,Google Ads,1
4315,Rajesh Singh,rajesh.singh4315@mailbox.com,9174692013,Kochi,Kerala,India,2024-05-03,Premium,Verified,Moderate,Agent,1
4316,Diya Singh,diya.singh4316@mailbox.com,9551281461,Vadodara,Gujarat,India,2023-02-21,Premium,Pending,Aggressive,Google Ads,1
4317,Aryan Yadav,aryan.yadav4317@mailbox.com,9591117761,Lucknow,Uttar Pradesh,India,2025-01-23,Basic,Verified,Aggressive,YouTube,1
4318,Aadhya Menon,aadhya.menon4318@mailbox.com,9474838026,Hyderabad,Telangana,India,2025-09-18,Basic,Verified,Moderate,App Store,1
4319,Deepak Malhotra,deepak.malhotra4319@mailbox.com,9782140335,Bengaluru,Karnataka,India,2024-07-29,Pro,Verified,Aggressive,YouTube,1
4320,Vivaan Kumar,vivaan.kumar4320@mailbox.com,9501806340,Hyderabad,Telangana,India,2024-02-26,Premium,Verified,Moderate,App Store,1
4321,Priya Mehta,priya.mehta4321@mailbox.com,9863112557,Vadodara,Gujarat,India,2024-11-08,Basic,Verified,Aggressive,Website,0
4322,Anika Choudhary,anika.choudhary4322@mailbox.com,9295324256,Nagpur,Maharashtra,India,2024-01-20,Premium,Verified,Aggressive,Referral,1
4323,Riya Shah,riya.shah4323@mailbox.com,9279654869,Ahmedabad,Gujarat,India,2024-01-19,Basic,Verified,Moderate,Google Ads,1
4324,Ananya Pandey,ananya.pandey4324@mailbox.com,9463353005,Jaipur,Rajasthan,India,2025-03-19,Premium,Verified,Conservative,Google Ads,0
4325,Yash Chopra,yash.chopra4325@mailbox.com,9173382314,Hyderabad,Telangana,India,2024-09-21,Basic,Verified,Aggressive,App Store,1
4326,Sara Malhotra,sara.malhotra4326@mailbox.com,9451501282,Nagpur,Maharashtra,India,2023-10-09,Premium,Pending,Moderate,App Store,1
4327,Deepak Kumar,deepak.kumar4327@mailbox.com,9429759933,Jaipur,Rajasthan,India,2024-03-09,Elite,Verified,Aggressive,Referral,1
4328,Anika Gupta,anika.gupta4328@mailbox.com,9580735366,Patna,Bihar,India,2025-06-08,Basic,Verified,Aggressive,Google Ads,1
4329,Vivaan Malhotra,vivaan.malhotra4329@mailbox.com,9173894031,Mumbai,Maharashtra,India,2024-07-17,Basic,Verified,Conservative,YouTube,1
4330,Kiran Menon,kiran.menon4330@mailbox.com,9974995917,Coimbatore,Tamil Nadu,India,2023-03-22,Basic,Rejected,Conservative,Agent,1
4331,Kabir Singh,kabir.singh4331@mailbox.com,9616578220,Delhi,Delhi,India,2025-07-01,Basic,Verified,Aggressive,Social Media,1
4332,Ananya Chopra,ananya.chopra4332@mailbox.com,9521850838,Jaipur,Rajasthan,India,2025-02-27,Elite,Pending,Conservative,App Store,1
4333,Deepak Desai,deepak.desai4333@mailbox.com,9942963430,Pune,Maharashtra,India,2023-10-12,Elite,Verified,Aggressive,YouTube,1
4334,Kiran Shah,kiran.shah4334@mailbox.com,9468452010,Bhopal,Madhya Pradesh,India,2025-10-25,Basic,Verified,Moderate,Agent,1
4335,Nikhil Tiwari,nikhil.tiwari4335@mailbox.com,9932256788,Surat,Gujarat,India,2025-10-10,Pro,Verified,Aggressive,Google Ads,1
4336,Anika Agarwal,anika.agarwal4336@mailbox.com,9174244755,Hyderabad,Telangana,India,2025-11-26,Basic,Verified,Moderate,App Store,1
4337,Rajesh Bansal,rajesh.bansal4337@mailbox.com,9387741793,Lucknow,Uttar Pradesh,India,2024-02-07,Premium,Verified,Conservative,Website,1
4338,Kavya Mishra,kavya.mishra4338@mailbox.com,9371741518,Kanpur,Uttar Pradesh,India,2025-09-10,Premium,Verified,Conservative,App Store,1
4339,Divya Choudhary,divya.choudhary4339@mailbox.com,9645304475,Lucknow,Uttar Pradesh,India,2025-05-08,Basic,Verified,Aggressive,Website,1
4340,Rahul Mehta,rahul.mehta4340@mailbox.com,9525349037,Mumbai,Maharashtra,India,2025-07-16,Premium,Verified,Conservative,Social Media,0
4341,Aditya Choudhary,aditya.choudhary4341@mailbox.com,9330422588,Hyderabad,Telangana,India,2024-08-05,Premium,Verified,Conservative,YouTube,1
4342,Aadhya Kumar,aadhya.kumar4342@mailbox.com,9556182570,Kanpur,Uttar Pradesh,India,2023-10-25,Basic,Verified,Conservative,Referral,1
4343,Riya Malhotra,riya.malhotra4343@mailbox.com,9342089606,Kolkata,West Bengal,India,2023-08-30,Elite,Verified,Moderate,Social Media,1
4344,Ananya Joshi,ananya.joshi4344@mailbox.com,9547731852,Kanpur,Uttar Pradesh,India,2025-10-26,Basic,Verified,Aggressive,Social Media,1
4345,Myra Yadav,myra.yadav4345@mailbox.com,9405615235,Hyderabad,Telangana,India,2024-06-19,Basic,Verified,Aggressive,YouTube,1
4346,Rahul Verma,rahul.verma4346@mailbox.com,9899759930,Bhopal,Madhya Pradesh,India,2025-09-15,Elite,Verified,Aggressive,Website,1
4347,Vivaan Jain,vivaan.jain4347@mailbox.com,9771527600,Hyderabad,Telangana,India,2024-08-13,Basic,Verified,Aggressive,Website,1
4348,Ishaan Mehta,ishaan.mehta4348@mailbox.com,9257743441,Indore,Madhya Pradesh,India,2024-07-23,Basic,Verified,Aggressive,Referral,1
4349,Rajesh Verma,rajesh.verma4349@mailbox.com,9946119909,Chandigarh,Chandigarh,India,2023-03-20,Basic,Verified,Moderate,Social Media,1
4350,Myra Desai,myra.desai4350@mailbox.com,9692903656,Ahmedabad,Gujarat,India,2024-03-04,Basic,Verified,Aggressive,Google Ads,1
4351,Neha Choudhary,neha.choudhary4351@mailbox.com,9415338969,Bengaluru,Karnataka,India,2024-08-15,Basic,Verified,Moderate,Referral,1
4352,Sanjay Kumar,sanjay.kumar4352@mailbox.com,9577414536,Mumbai,Maharashtra,India,2023-04-27,Basic,Verified,Conservative,Agent,1
4353,Sanjay Verma,sanjay.verma4353@mailbox.com,9275939235,Ahmedabad,Gujarat,India,2023-06-22,Premium,Verified,Conservative,App Store,1
4354,Aadhya Singh,aadhya.singh4354@mailbox.com,9142141663,Bengaluru,Karnataka,India,2024-09-21,Premium,Verified,Conservative,Google Ads,1
4355,Zara Chopra,zara.chopra4355@mailbox.com,9478573256,Kochi,Kerala,India,2023-09-22,Pro,Verified,Moderate,Website,1
4356,Manoj Singh,manoj.singh4356@mailbox.com,9803957839,Vadodara,Gujarat,India,2025-01-16,Pro,Verified,Moderate,Agent,1
4357,Yash Saxena,yash.saxena4357@mailbox.com,9416655723,Vadodara,Gujarat,India,2024-05-05,Basic,Verified,Moderate,YouTube,1
4358,Ananya Gupta,ananya.gupta4358@mailbox.com,9445824419,Coimbatore,Tamil Nadu,India,2024-03-06,Elite,Pending,Moderate,Website,1
4359,Priya Bhatt,priya.bhatt4359@mailbox.com,9991022421,Nagpur,Maharashtra,India,2023-05-06,Pro,Pending,Moderate,Website,1
4360,Yash Mishra,yash.mishra4360@mailbox.com,9517481431,Pune,Maharashtra,India,2024-03-08,Pro,Verified,Aggressive,Referral,1
4361,Aarav Saxena,aarav.saxena4361@mailbox.com,9139767237,Jaipur,Rajasthan,India,2024-07-31,Premium,Verified,Aggressive,Referral,1
4362,Suresh Tiwari,suresh.tiwari4362@mailbox.com,9711355016,Kolkata,West Bengal,India,2024-09-02,Basic,Pending,Conservative,Referral,1
4363,Zara Tiwari,zara.tiwari4363@mailbox.com,9922409258,Chandigarh,Chandigarh,India,2023-10-15,Basic,Verified,Conservative,App Store,1
4364,Yash Verma,yash.verma4364@mailbox.com,9953248056,Jaipur,Rajasthan,India,2023-01-30,Pro,Verified,Aggressive,Referral,1
4365,Vikram Agarwal,vikram.agarwal4365@mailbox.com,9666155418,Ahmedabad,Gujarat,India,2025-09-22,Premium,Verified,Aggressive,Google Ads,1
4366,Anil Trivedi,anil.trivedi4366@mailbox.com,9196416112,Surat,Gujarat,India,2025-10-17,Pro,Verified,Conservative,Website,1
4367,Ishaan Agarwal,ishaan.agarwal4367@mailbox.com,9745013003,Ahmedabad,Gujarat,India,2025-08-20,Premium,Verified,Moderate,Agent,1
4368,Reyansh Trivedi,reyansh.trivedi4368@mailbox.com,9492381355,Ahmedabad,Gujarat,India,2023-11-05,Basic,Verified,Moderate,YouTube,1
4369,Varun Bhatt,varun.bhatt4369@mailbox.com,9461688701,Chennai,Tamil Nadu,India,2024-10-03,Basic,Verified,Moderate,YouTube,0
4370,Amit Yadav,amit.yadav4370@mailbox.com,9738591678,Delhi,Delhi,India,2023-05-31,Elite,Verified,Aggressive,Referral,1
4371,Sanjay Joshi,sanjay.joshi4371@mailbox.com,9480114881,Mumbai,Maharashtra,India,2025-08-22,Basic,Verified,Conservative,YouTube,1
4372,Ishaan Agarwal,ishaan.agarwal4372@mailbox.com,9239302453,Jaipur,Rajasthan,India,2023-01-06,Premium,Verified,Moderate,YouTube,1
4373,Karan Sharma,karan.sharma4373@mailbox.com,9981392122,Vadodara,Gujarat,India,2024-05-16,Elite,Verified,Conservative,Social Media,1
4374,Manoj Mehta,manoj.mehta4374@mailbox.com,9350731911,Kolkata,West Bengal,India,2025-07-01,Basic,Verified,Aggressive,Google Ads,1
4375,Isha Mehta,isha.mehta4375@mailbox.com,9162383186,Indore,Madhya Pradesh,India,2025-02-11,Basic,Verified,Moderate,Agent,1
4376,Vikram Malhotra,vikram.malhotra4376@mailbox.com,9522041631,Pune,Maharashtra,India,2025-07-08,Premium,Rejected,Aggressive,App Store,0
4377,Isha Chopra,isha.chopra4377@mailbox.com,9243880340,Pune,Maharashtra,India,2024-06-12,Pro,Verified,Aggressive,Referral,1
4378,Ananya Jain,ananya.jain4378@mailbox.com,9320230638,Hyderabad,Telangana,India,2023-04-12,Premium,Verified,Aggressive,Social Media,1
4379,Ishaan Bhatt,ishaan.bhatt4379@mailbox.com,9260689778,Nagpur,Maharashtra,India,2023-01-09,Basic,Verified,Aggressive,YouTube,1
4380,Varun Saxena,varun.saxena4380@mailbox.com,9184646248,Surat,Gujarat,India,2023-06-12,Basic,Verified,Aggressive,YouTube,1
4381,Varun Sharma,varun.sharma4381@mailbox.com,9775914136,Ahmedabad,Gujarat,India,2023-03-03,Basic,Verified,Moderate,Agent,1
4382,Arjun Kapoor,arjun.kapoor4382@mailbox.com,9460579033,Kanpur,Uttar Pradesh,India,2024-04-22,Basic,Verified,Moderate,Social Media,1
4383,Myra Saxena,myra.saxena4383@mailbox.com,9672813885,Lucknow,Uttar Pradesh,India,2023-02-23,Basic,Verified,Moderate,App Store,1
4384,Sanjay Rao,sanjay.rao4384@mailbox.com,9180453070,Kolkata,West Bengal,India,2023-07-17,Pro,Verified,Moderate,Agent,1
4385,Sara Chopra,sara.chopra4385@mailbox.com,9396355597,Surat,Gujarat,India,2024-03-22,Basic,Verified,Moderate,Agent,1
4386,Meera Saxena,meera.saxena4386@mailbox.com,9472640235,Nagpur,Maharashtra,India,2025-02-22,Pro,Verified,Aggressive,Social Media,1
4387,Ananya Bhatt,ananya.bhatt4387@mailbox.com,9153656355,Delhi,Delhi,India,2024-12-19,Pro,Verified,Moderate,Social Media,1
4388,Aditya Jain,aditya.jain4388@mailbox.com,9477356461,Lucknow,Uttar Pradesh,India,2023-03-03,Premium,Verified,Moderate,Agent,1
4389,Kavya Chopra,kavya.chopra4389@mailbox.com,9523237475,Ahmedabad,Gujarat,India,2025-08-20,Premium,Verified,Moderate,App Store,1
4390,Vikram Bansal,vikram.bansal4390@mailbox.com,9463456521,Patna,Bihar,India,2024-08-08,Basic,Verified,Moderate,Agent,1
4391,Kabir Bansal,kabir.bansal4391@mailbox.com,9553842687,Pune,Maharashtra,India,2024-01-07,Premium,Verified,Aggressive,Social Media,1
4392,Manoj Choudhary,manoj.choudhary4392@mailbox.com,9817511017,Vadodara,Gujarat,India,2024-02-12,Basic,Pending,Moderate,Website,1
4393,Aarav Chopra,aarav.chopra4393@mailbox.com,9793586446,Indore,Madhya Pradesh,India,2025-06-22,Basic,Verified,Moderate,Google Ads,1
4394,Aditya Chopra,aditya.chopra4394@mailbox.com,9112690509,Bengaluru,Karnataka,India,2024-05-10,Premium,Verified,Conservative,Website,0
4395,Rahul Patel,rahul.patel4395@mailbox.com,9676260605,Jaipur,Rajasthan,India,2023-09-19,Basic,Verified,Moderate,Google Ads,1
4396,Rahul Kapoor,rahul.kapoor4396@mailbox.com,9913673361,Kochi,Kerala,India,2024-03-28,Basic,Verified,Moderate,Social Media,1
4397,Diya Rao,diya.rao4397@mailbox.com,9884132763,Kolkata,West Bengal,India,2023-03-14,Premium,Verified,Conservative,Social Media,1
4398,Ananya Nair,ananya.nair4398@mailbox.com,9804684589,Bhopal,Madhya Pradesh,India,2023-06-13,Premium,Pending,Aggressive,YouTube,1
4399,Aditya Mishra,aditya.mishra4399@mailbox.com,9429290004,Patna,Bihar,India,2023-12-02,Basic,Verified,Aggressive,Website,1
4400,Priya Bhatt,priya.bhatt4400@mailbox.com,9882229718,Surat,Gujarat,India,2023-08-23,Basic,Verified,Conservative,Social Media,1
4401,Sara Kapoor,sara.kapoor4401@mailbox.com,9668999280,Delhi,Delhi,India,2024-01-08,Basic,Verified,Aggressive,Referral,1
4402,Arjun Yadav,arjun.yadav4402@mailbox.com,9775998993,Ahmedabad,Gujarat,India,2023-03-11,Premium,Verified,Conservative,Referral,1
4403,Sara Yadav,sara.yadav4403@mailbox.com,9772557875,Pune,Maharashtra,India,2024-10-11,Premium,Verified,Moderate,Website,0
4404,Varun Malhotra,varun.malhotra4404@mailbox.com,9803211349,Pune,Maharashtra,India,2023-05-03,Basic,Verified,Conservative,YouTube,1
4405,Ananya Trivedi,ananya.trivedi4405@mailbox.com,9480116945,Kochi,Kerala,India,2023-08-20,Premium,Verified,Moderate,Website,1
4406,Kiran Agarwal,kiran.agarwal4406@mailbox.com,9605847656,Mumbai,Maharashtra,India,2025-11-07,Elite,Verified,Moderate,Website,0
4407,Ananya Mishra,ananya.mishra4407@mailbox.com,9683453792,Kanpur,Uttar Pradesh,India,2023-01-07,Premium,Verified,Conservative,Referral,1
4408,Kabir Bansal,kabir.bansal4408@mailbox.com,9870894882,Vadodara,Gujarat,India,2023-10-25,Premium,Verified,Conservative,Social Media,1
4409,Ananya Rao,ananya.rao4409@mailbox.com,9453397451,Kochi,Kerala,India,2024-06-16,Premium,Verified,Aggressive,Website,1
4410,Isha Kumar,isha.kumar4410@mailbox.com,9381676384,Indore,Madhya Pradesh,India,2023-11-23,Pro,Verified,Aggressive,Website,1
4411,Arjun Jain,arjun.jain4411@mailbox.com,9764045360,Vadodara,Gujarat,India,2023-12-08,Elite,Verified,Conservative,Referral,0
4412,Vikram Mehta,vikram.mehta4412@mailbox.com,9958752149,Jaipur,Rajasthan,India,2023-05-16,Basic,Verified,Conservative,Referral,1
4413,Kavya Shah,kavya.shah4413@mailbox.com,9233161430,Indore,Madhya Pradesh,India,2024-03-26,Basic,Verified,Conservative,Referral,1
4414,Meera Gupta,meera.gupta4414@mailbox.com,9927303413,Kanpur,Uttar Pradesh,India,2025-03-15,Basic,Verified,Conservative,Referral,0
4415,Zara Nair,zara.nair4415@mailbox.com,9810268683,Mumbai,Maharashtra,India,2024-09-18,Pro,Verified,Aggressive,Referral,1
4416,Anika Chopra,anika.chopra4416@mailbox.com,9241378765,Mumbai,Maharashtra,India,2025-09-11,Basic,Verified,Conservative,Google Ads,1
4417,Riya Malhotra,riya.malhotra4417@mailbox.com,9105891813,Kochi,Kerala,India,2025-01-15,Pro,Verified,Conservative,Social Media,1
4418,Ishaan Patel,ishaan.patel4418@mailbox.com,9283686937,Hyderabad,Telangana,India,2025-04-21,Basic,Verified,Conservative,Agent,1
4419,Meera Gupta,meera.gupta4419@mailbox.com,9936484003,Ahmedabad,Gujarat,India,2024-04-04,Premium,Verified,Moderate,App Store,1
4420,Arjun Agarwal,arjun.agarwal4420@mailbox.com,9779436504,Indore,Madhya Pradesh,India,2024-10-14,Basic,Verified,Aggressive,Website,1
4421,Meera Kapoor,meera.kapoor4421@mailbox.com,9617776047,Nagpur,Maharashtra,India,2024-09-07,Premium,Verified,Moderate,Agent,1
4422,Aryan Bhatt,aryan.bhatt4422@mailbox.com,9667908896,Kanpur,Uttar Pradesh,India,2025-05-16,Basic,Verified,Aggressive,Agent,1
4423,Rajesh Malhotra,rajesh.malhotra4423@mailbox.com,9471989726,Vadodara,Gujarat,India,2024-06-17,Premium,Verified,Aggressive,Agent,1
4424,Riya Rao,riya.rao4424@mailbox.com,9914596557,Patna,Bihar,India,2024-03-06,Premium,Verified,Aggressive,Referral,1
4425,Isha Rao,isha.rao4425@mailbox.com,9240606958,Coimbatore,Tamil Nadu,India,2023-03-16,Basic,Verified,Conservative,App Store,1
4426,Deepak Pillai,deepak.pillai4426@mailbox.com,9586046480,Surat,Gujarat,India,2025-07-04,Premium,Verified,Aggressive,YouTube,1
4427,Ananya Malhotra,ananya.malhotra4427@mailbox.com,9715398270,Vadodara,Gujarat,India,2024-04-08,Pro,Verified,Moderate,Website,1
4428,Zara Pandey,zara.pandey4428@mailbox.com,9927484917,Indore,Madhya Pradesh,India,2025-04-30,Pro,Verified,Conservative,Referral,1
4429,Rajesh Malhotra,rajesh.malhotra4429@mailbox.com,9275910678,Kanpur,Uttar Pradesh,India,2024-12-23,Premium,Verified,Conservative,Agent,1
4430,Nikhil Menon,nikhil.menon4430@mailbox.com,9967984306,Chandigarh,Chandigarh,India,2023-01-02,Premium,Verified,Aggressive,Referral,1
4431,Nikhil Verma,nikhil.verma4431@mailbox.com,9213844931,Kochi,Kerala,India,2024-11-24,Pro,Verified,Conservative,Agent,1
4432,Vihaan Patel,vihaan.patel4432@mailbox.com,9778860782,Delhi,Delhi,India,2024-06-03,Premium,Verified,Moderate,YouTube,1
4433,Kiran Jain,kiran.jain4433@mailbox.com,9732451240,Coimbatore,Tamil Nadu,India,2023-09-13,Elite,Verified,Aggressive,Agent,1
4434,Arjun Agarwal,arjun.agarwal4434@mailbox.com,9842877094,Surat,Gujarat,India,2023-10-09,Pro,Verified,Aggressive,Website,1
4435,Vikram Chopra,vikram.chopra4435@mailbox.com,9814896134,Kochi,Kerala,India,2024-11-10,Basic,Pending,Conservative,Google Ads,0
4436,Varun Menon,varun.menon4436@mailbox.com,9601385535,Bhopal,Madhya Pradesh,India,2023-04-02,Basic,Verified,Moderate,YouTube,1
4437,Priya Verma,priya.verma4437@mailbox.com,9835544476,Coimbatore,Tamil Nadu,India,2024-10-07,Premium,Verified,Aggressive,Referral,1
4438,Varun Nair,varun.nair4438@mailbox.com,9529180355,Kolkata,West Bengal,India,2025-06-20,Premium,Verified,Moderate,Website,1
4439,Kavya Agarwal,kavya.agarwal4439@mailbox.com,9442816155,Hyderabad,Telangana,India,2023-04-03,Premium,Verified,Moderate,Website,1
4440,Isha Kumar,isha.kumar4440@mailbox.com,9347976131,Hyderabad,Telangana,India,2023-01-09,Elite,Verified,Conservative,Google Ads,1
4441,Kavya Chopra,kavya.chopra4441@mailbox.com,9564342748,Kolkata,West Bengal,India,2023-03-06,Premium,Verified,Aggressive,Website,1
4442,Myra Malhotra,myra.malhotra4442@mailbox.com,9985461034,Chennai,Tamil Nadu,India,2025-02-16,Basic,Verified,Conservative,Referral,1
4443,Sneha Patel,sneha.patel4443@mailbox.com,9749950398,Jaipur,Rajasthan,India,2025-06-21,Premium,Verified,Moderate,Referral,1
4444,Riya Iyer,riya.iyer4444@mailbox.com,9801666971,Hyderabad,Telangana,India,2025-11-18,Basic,Verified,Moderate,YouTube,1
4445,Divya Trivedi,divya.trivedi4445@mailbox.com,9800257281,Hyderabad,Telangana,India,2023-01-31,Premium,Verified,Moderate,Agent,0
4446,Aadhya Mehta,aadhya.mehta4446@mailbox.com,9460404687,Kanpur,Uttar Pradesh,India,2024-05-28,Pro,Verified,Moderate,Social Media,1
4447,Isha Tiwari,isha.tiwari4447@mailbox.com,9395242017,Patna,Bihar,India,2023-02-21,Basic,Verified,Aggressive,App Store,1
4448,Kabir Pillai,kabir.pillai4448@mailbox.com,9625614018,Bengaluru,Karnataka,India,2024-01-31,Pro,Verified,Aggressive,Website,1
4449,Sanjay Bhatt,sanjay.bhatt4449@mailbox.com,9372207761,Kanpur,Uttar Pradesh,India,2023-11-24,Pro,Verified,Conservative,Agent,0
4450,Kiran Gupta,kiran.gupta4450@mailbox.com,9945728956,Surat,Gujarat,India,2024-10-07,Basic,Verified,Conservative,Google Ads,1
4451,Deepak Bhatt,deepak.bhatt4451@mailbox.com,9625439352,Bhopal,Madhya Pradesh,India,2025-08-26,Pro,Verified,Moderate,Agent,1
4452,Ananya Agarwal,ananya.agarwal4452@mailbox.com,9506356194,Bengaluru,Karnataka,India,2025-05-07,Pro,Verified,Moderate,Referral,1
4453,Zara Saxena,zara.saxena4453@mailbox.com,9568041025,Bhopal,Madhya Pradesh,India,2023-03-09,Premium,Verified,Aggressive,Agent,0
4454,Meera Shah,meera.shah4454@mailbox.com,9801915386,Mumbai,Maharashtra,India,2023-09-13,Basic,Verified,Moderate,Agent,1
4455,Neha Rao,neha.rao4455@mailbox.com,9346339397,Chennai,Tamil Nadu,India,2023-10-20,Basic,Verified,Moderate,Website,1
4456,Aditya Rao,aditya.rao4456@mailbox.com,9845618673,Pune,Maharashtra,India,2023-09-24,Premium,Verified,Conservative,YouTube,0
4457,Vikram Verma,vikram.verma4457@mailbox.com,9353562327,Kochi,Kerala,India,2024-01-12,Basic,Verified,Aggressive,App Store,1
4458,Vivaan Pillai,vivaan.pillai4458@mailbox.com,9227454304,Hyderabad,Telangana,India,2024-10-08,Basic,Verified,Conservative,Referral,1
4459,Arjun Bhatt,arjun.bhatt4459@mailbox.com,9763195514,Patna,Bihar,India,2025-02-26,Elite,Verified,Moderate,App Store,1
4460,Priya Chopra,priya.chopra4460@mailbox.com,9737513834,Vadodara,Gujarat,India,2025-09-27,Premium,Verified,Moderate,Google Ads,1
4461,Arjun Kumar,arjun.kumar4461@mailbox.com,9401290678,Vadodara,Gujarat,India,2025-01-18,Premium,Verified,Conservative,Referral,0
4462,Kavya Joshi,kavya.joshi4462@mailbox.com,9683895314,Pune,Maharashtra,India,2023-11-14,Elite,Verified,Moderate,App Store,1
4463,Vikram Chopra,vikram.chopra4463@mailbox.com,9755839669,Delhi,Delhi,India,2023-07-16,Basic,Verified,Moderate,Referral,1
4464,Priya Pandey,priya.pandey4464@mailbox.com,9809050017,Chennai,Tamil Nadu,India,2024-02-06,Basic,Verified,Conservative,App Store,1
4465,Anika Singh,anika.singh4465@mailbox.com,9957436081,Patna,Bihar,India,2025-05-01,Premium,Verified,Conservative,App Store,0
4466,Vihaan Agarwal,vihaan.agarwal4466@mailbox.com,9868921514,Hyderabad,Telangana,India,2025-11-23,Basic,Verified,Conservative,Agent,1
4467,Suresh Desai,suresh.desai4467@mailbox.com,9495376692,Indore,Madhya Pradesh,India,2024-02-22,Basic,Verified,Aggressive,Agent,1
4468,Varun Rao,varun.rao4468@mailbox.com,9307214051,Ahmedabad,Gujarat,India,2023-07-07,Pro,Verified,Conservative,Social Media,1
4469,Kiran Mishra,kiran.mishra4469@mailbox.com,9187593078,Patna,Bihar,India,2023-01-06,Basic,Verified,Aggressive,Social Media,0
4470,Divya Pandey,divya.pandey4470@mailbox.com,9616422810,Indore,Madhya Pradesh,India,2023-03-23,Premium,Verified,Aggressive,Referral,0
4471,Aadhya Bansal,aadhya.bansal4471@mailbox.com,9699891832,Nagpur,Maharashtra,India,2024-11-09,Premium,Verified,Moderate,Social Media,1
4472,Kiran Trivedi,kiran.trivedi4472@mailbox.com,9721794240,Patna,Bihar,India,2024-09-20,Premium,Verified,Aggressive,Agent,1
4473,Zara Trivedi,zara.trivedi4473@mailbox.com,9108570728,Vadodara,Gujarat,India,2024-11-16,Basic,Verified,Conservative,Social Media,1
4474,Reyansh Choudhary,reyansh.choudhary4474@mailbox.com,9808303168,Ahmedabad,Gujarat,India,2023-01-26,Basic,Verified,Conservative,Agent,1
4475,Deepak Patel,deepak.patel4475@mailbox.com,9749580586,Kanpur,Uttar Pradesh,India,2024-04-10,Pro,Verified,Aggressive,Social Media,1
4476,Isha Verma,isha.verma4476@mailbox.com,9573087804,Indore,Madhya Pradesh,India,2023-07-12,Pro,Verified,Moderate,Referral,1
4477,Varun Agarwal,varun.agarwal4477@mailbox.com,9680272734,Chandigarh,Chandigarh,India,2023-12-25,Premium,Verified,Aggressive,YouTube,1
4478,Myra Singh,myra.singh4478@mailbox.com,9612497943,Lucknow,Uttar Pradesh,India,2024-10-24,Basic,Verified,Aggressive,YouTube,1
4479,Deepak Mehta,deepak.mehta4479@mailbox.com,9617125915,Ahmedabad,Gujarat,India,2023-10-21,Premium,Verified,Conservative,Google Ads,1
4480,Amit Desai,amit.desai4480@mailbox.com,9564767688,Chandigarh,Chandigarh,India,2024-12-03,Basic,Verified,Conservative,Social Media,0
4481,Riya Menon,riya.menon4481@mailbox.com,9596818912,Vadodara,Gujarat,India,2023-11-04,Basic,Verified,Aggressive,Agent,1
4482,Diya Reddy,diya.reddy4482@mailbox.com,9391399544,Nagpur,Maharashtra,India,2024-06-27,Basic,Verified,Conservative,Google Ads,1
4483,Anil Sharma,anil.sharma4483@mailbox.com,9644465915,Bengaluru,Karnataka,India,2024-05-03,Basic,Verified,Moderate,Agent,1
4484,Aditya Reddy,aditya.reddy4484@mailbox.com,9353358018,Kolkata,West Bengal,India,2024-02-13,Basic,Verified,Conservative,YouTube,1
4485,Riya Malhotra,riya.malhotra4485@mailbox.com,9542330031,Lucknow,Uttar Pradesh,India,2023-05-15,Basic,Verified,Conservative,Google Ads,1
4486,Myra Bhatt,myra.bhatt4486@mailbox.com,9905418352,Bhopal,Madhya Pradesh,India,2024-09-05,Pro,Verified,Conservative,Google Ads,0
4487,Amit Agarwal,amit.agarwal4487@mailbox.com,9669942307,Surat,Gujarat,India,2025-11-20,Premium,Verified,Conservative,YouTube,1
4488,Ananya Mehta,ananya.mehta4488@mailbox.com,9221833413,Chandigarh,Chandigarh,India,2024-11-16,Basic,Verified,Aggressive,YouTube,0
4489,Priya Iyer,priya.iyer4489@mailbox.com,9700754955,Mumbai,Maharashtra,India,2025-03-05,Basic,Verified,Conservative,YouTube,1
4490,Sara Gupta,sara.gupta4490@mailbox.com,9392288136,Lucknow,Uttar Pradesh,India,2025-05-05,Pro,Verified,Aggressive,Website,1
4491,Kabir Reddy,kabir.reddy4491@mailbox.com,9273070384,Bhopal,Madhya Pradesh,India,2023-02-10,Basic,Verified,Aggressive,App Store,0
4492,Kabir Verma,kabir.verma4492@mailbox.com,9999431538,Vadodara,Gujarat,India,2025-04-24,Basic,Verified,Moderate,YouTube,1
4493,Sneha Nair,sneha.nair4493@mailbox.com,9484423278,Bengaluru,Karnataka,India,2023-09-16,Premium,Verified,Moderate,Google Ads,1
4494,Ananya Malhotra,ananya.malhotra4494@mailbox.com,9281549229,Kochi,Kerala,India,2024-12-09,Premium,Verified,Moderate,Google Ads,1
4495,Isha Menon,isha.menon4495@mailbox.com,9685297109,Mumbai,Maharashtra,India,2025-11-13,Pro,Verified,Aggressive,Agent,1
4496,Pooja Pillai,pooja.pillai4496@mailbox.com,9784716051,Hyderabad,Telangana,India,2025-08-10,Basic,Verified,Aggressive,Referral,1
4497,Kavya Bansal,kavya.bansal4497@mailbox.com,9419201365,Chandigarh,Chandigarh,India,2024-03-17,Basic,Verified,Aggressive,YouTube,1
4498,Sara Mishra,sara.mishra4498@mailbox.com,9698735883,Patna,Bihar,India,2025-06-11,Basic,Verified,Conservative,YouTube,1
4499,Karan Pandey,karan.pandey4499@mailbox.com,9202592468,Vadodara,Gujarat,India,2024-10-20,Premium,Verified,Aggressive,Agent,1
4500,Kavya Singh,kavya.singh4500@mailbox.com,9524970996,Indore,Madhya Pradesh,India,2023-05-22,Basic,Verified,Conservative,Agent,1
4501,Sneha Pandey,sneha.pandey4501@mailbox.com,9253486717,Indore,Madhya Pradesh,India,2023-09-13,Basic,Verified,Moderate,Social Media,1
4502,Amit Patel,amit.patel4502@mailbox.com,9279989165,Kanpur,Uttar Pradesh,India,2025-10-15,Basic,Verified,Conservative,YouTube,1
4503,Aryan Rao,aryan.rao4503@mailbox.com,9757201310,Kanpur,Uttar Pradesh,India,2025-09-01,Elite,Verified,Moderate,YouTube,1
4504,Rajesh Nair,rajesh.nair4504@mailbox.com,9540550130,Kanpur,Uttar Pradesh,India,2025-08-07,Basic,Verified,Aggressive,Google Ads,1
4505,Aarav Sharma,aarav.sharma4505@mailbox.com,9953448389,Kolkata,West Bengal,India,2024-02-14,Basic,Verified,Aggressive,Referral,1
4506,Sara Agarwal,sara.agarwal4506@mailbox.com,9455534753,Kochi,Kerala,India,2023-12-08,Pro,Verified,Aggressive,Website,1
4507,Diya Patel,diya.patel4507@mailbox.com,9299570758,Ahmedabad,Gujarat,India,2025-05-08,Premium,Verified,Moderate,YouTube,1
4508,Vikram Kapoor,vikram.kapoor4508@mailbox.com,9283683564,Indore,Madhya Pradesh,India,2023-01-22,Premium,Verified,Moderate,Referral,1
4509,Ananya Shah,ananya.shah4509@mailbox.com,9957837885,Surat,Gujarat,India,2025-08-13,Premium,Verified,Conservative,Google Ads,1
4510,Yash Pandey,yash.pandey4510@mailbox.com,9630748840,Kanpur,Uttar Pradesh,India,2024-10-05,Basic,Rejected,Aggressive,Referral,1
4511,Diya Reddy,diya.reddy4511@mailbox.com,9392746420,Indore,Madhya Pradesh,India,2024-11-04,Pro,Verified,Aggressive,Agent,1
4512,Rahul Iyer,rahul.iyer4512@mailbox.com,9688749828,Mumbai,Maharashtra,India,2024-04-11,Basic,Verified,Conservative,Social Media,1
4513,Arjun Kapoor,arjun.kapoor4513@mailbox.com,9602062449,Pune,Maharashtra,India,2025-11-08,Elite,Verified,Moderate,Google Ads,1
4514,Nikhil Chopra,nikhil.chopra4514@mailbox.com,9203310387,Jaipur,Rajasthan,India,2025-03-09,Basic,Verified,Moderate,Agent,1
4515,Nikhil Pillai,nikhil.pillai4515@mailbox.com,9731430955,Ahmedabad,Gujarat,India,2023-02-27,Premium,Verified,Moderate,Website,1
4516,Suresh Yadav,suresh.yadav4516@mailbox.com,9207268378,Coimbatore,Tamil Nadu,India,2024-07-12,Premium,Verified,Aggressive,Social Media,1
4517,Myra Chopra,myra.chopra4517@mailbox.com,9279341754,Kochi,Kerala,India,2025-07-04,Basic,Verified,Conservative,Website,1
4518,Aditya Verma,aditya.verma4518@mailbox.com,9741993408,Bhopal,Madhya Pradesh,India,2023-03-23,Basic,Verified,Aggressive,Google Ads,1
4519,Meera Pandey,meera.pandey4519@mailbox.com,9299950775,Ahmedabad,Gujarat,India,2025-02-23,Pro,Verified,Moderate,Google Ads,1
4520,Anika Pandey,anika.pandey4520@mailbox.com,9161044732,Delhi,Delhi,India,2023-09-18,Basic,Verified,Moderate,Agent,1
4521,Aryan Joshi,aryan.joshi4521@mailbox.com,9634289508,Patna,Bihar,India,2024-06-23,Elite,Verified,Conservative,Website,1
4522,Sneha Nair,sneha.nair4522@mailbox.com,9727348397,Kochi,Kerala,India,2025-07-28,Basic,Verified,Conservative,YouTube,1
4523,Amit Jain,amit.jain4523@mailbox.com,9282749892,Lucknow,Uttar Pradesh,India,2024-06-08,Premium,Verified,Conservative,YouTube,0
4524,Aryan Nair,aryan.nair4524@mailbox.com,9474954507,Chandigarh,Chandigarh,India,2023-02-10,Premium,Verified,Aggressive,Referral,1
4525,Manoj Kapoor,manoj.kapoor4525@mailbox.com,9902480078,Coimbatore,Tamil Nadu,India,2023-01-23,Premium,Verified,Conservative,Social Media,1
4526,Riya Pandey,riya.pandey4526@mailbox.com,9346592699,Kanpur,Uttar Pradesh,India,2025-02-23,Premium,Verified,Moderate,Agent,1
4527,Aarav Shah,aarav.shah4527@mailbox.com,9562200165,Chennai,Tamil Nadu,India,2025-09-18,Premium,Verified,Aggressive,App Store,1
4528,Vihaan Nair,vihaan.nair4528@mailbox.com,9931241190,Mumbai,Maharashtra,India,2023-11-07,Premium,Verified,Conservative,YouTube,1
4529,Anika Kumar,anika.kumar4529@mailbox.com,9411165018,Patna,Bihar,India,2025-09-23,Premium,Verified,Aggressive,Google Ads,1
4530,Sanjay Malhotra,sanjay.malhotra4530@mailbox.com,9368491968,Nagpur,Maharashtra,India,2024-04-27,Premium,Verified,Conservative,Google Ads,1
4531,Vivaan Choudhary,vivaan.choudhary4531@mailbox.com,9646269818,Hyderabad,Telangana,India,2023-03-04,Basic,Verified,Conservative,Social Media,1
4532,Reyansh Mehta,reyansh.mehta4532@mailbox.com,9377027361,Delhi,Delhi,India,2024-07-19,Basic,Verified,Conservative,Website,1
4533,Meera Iyer,meera.iyer4533@mailbox.com,9152708216,Vadodara,Gujarat,India,2025-11-03,Basic,Verified,Conservative,Referral,1
4534,Rajesh Desai,rajesh.desai4534@mailbox.com,9263603449,Pune,Maharashtra,India,2023-09-24,Premium,Verified,Moderate,YouTube,1
4535,Vivaan Gupta,vivaan.gupta4535@mailbox.com,9471296826,Pune,Maharashtra,India,2025-10-20,Pro,Verified,Conservative,Agent,1
4536,Rahul Menon,rahul.menon4536@mailbox.com,9184543454,Indore,Madhya Pradesh,India,2024-11-25,Basic,Verified,Moderate,Agent,1
4537,Vihaan Trivedi,vihaan.trivedi4537@mailbox.com,9690078302,Ahmedabad,Gujarat,India,2024-02-26,Premium,Verified,Moderate,Agent,1
4538,Meera Reddy,meera.reddy4538@mailbox.com,9309851139,Coimbatore,Tamil Nadu,India,2025-01-08,Basic,Verified,Conservative,App Store,0
4539,Anil Iyer,anil.iyer4539@mailbox.com,9570355675,Surat,Gujarat,India,2024-03-02,Premium,Verified,Conservative,Agent,1
4540,Deepak Saxena,deepak.saxena4540@mailbox.com,9615532970,Ahmedabad,Gujarat,India,2023-04-01,Premium,Verified,Conservative,Website,1
4541,Vikram Verma,vikram.verma4541@mailbox.com,9700846351,Kolkata,West Bengal,India,2025-07-16,Premium,Verified,Conservative,Google Ads,1
4542,Pooja Desai,pooja.desai4542@mailbox.com,9981476849,Kochi,Kerala,India,2024-02-03,Premium,Verified,Moderate,Agent,1
4543,Varun Rao,varun.rao4543@mailbox.com,9896696134,Nagpur,Maharashtra,India,2024-08-25,Pro,Verified,Aggressive,App Store,1
4544,Neha Bansal,neha.bansal4544@mailbox.com,9384365637,Coimbatore,Tamil Nadu,India,2025-03-03,Basic,Verified,Moderate,Website,1
4545,Anika Desai,anika.desai4545@mailbox.com,9978122719,Pune,Maharashtra,India,2023-03-30,Premium,Rejected,Moderate,Social Media,1
4546,Rajesh Sharma,rajesh.sharma4546@mailbox.com,9131449849,Mumbai,Maharashtra,India,2025-02-07,Basic,Verified,Conservative,App Store,1
4547,Vikram Sharma,vikram.sharma4547@mailbox.com,9965660626,Kochi,Kerala,India,2024-01-24,Pro,Verified,Conservative,Referral,1
4548,Anil Malhotra,anil.malhotra4548@mailbox.com,9228540352,Chennai,Tamil Nadu,India,2024-08-03,Pro,Verified,Conservative,App Store,1
4549,Rahul Tiwari,rahul.tiwari4549@mailbox.com,9202584713,Chandigarh,Chandigarh,India,2024-05-01,Basic,Verified,Moderate,YouTube,1
4550,Deepak Sharma,deepak.sharma4550@mailbox.com,9207389808,Bhopal,Madhya Pradesh,India,2025-04-08,Basic,Verified,Aggressive,Agent,1
4551,Vivaan Bhatt,vivaan.bhatt4551@mailbox.com,9209812820,Chennai,Tamil Nadu,India,2023-07-19,Premium,Verified,Conservative,YouTube,1
4552,Vivaan Gupta,vivaan.gupta4552@mailbox.com,9516955173,Patna,Bihar,India,2023-04-25,Elite,Verified,Aggressive,Social Media,0
4553,Vihaan Kapoor,vihaan.kapoor4553@mailbox.com,9676147911,Delhi,Delhi,India,2024-03-13,Basic,Verified,Moderate,Referral,1
4554,Sanjay Chopra,sanjay.chopra4554@mailbox.com,9770185511,Ahmedabad,Gujarat,India,2023-05-06,Premium,Verified,Moderate,YouTube,1
4555,Meera Kapoor,meera.kapoor4555@mailbox.com,9114300534,Ahmedabad,Gujarat,India,2023-09-16,Basic,Verified,Moderate,Referral,1
4556,Rohan Gupta,rohan.gupta4556@mailbox.com,9366799946,Surat,Gujarat,India,2024-12-01,Premium,Verified,Aggressive,Referral,1
4557,Ishaan Trivedi,ishaan.trivedi4557@mailbox.com,9219096510,Kanpur,Uttar Pradesh,India,2025-05-21,Premium,Verified,Aggressive,App Store,0
4558,Deepak Mehta,deepak.mehta4558@mailbox.com,9231258493,Indore,Madhya Pradesh,India,2025-01-08,Basic,Verified,Aggressive,Agent,1
4559,Rajesh Bhatt,rajesh.bhatt4559@mailbox.com,9771773735,Lucknow,Uttar Pradesh,India,2023-12-05,Pro,Verified,Moderate,App Store,1
4560,Pooja Desai,pooja.desai4560@mailbox.com,9676690088,Bhopal,Madhya Pradesh,India,2025-05-17,Basic,Verified,Conservative,App Store,1
4561,Zara Iyer,zara.iyer4561@mailbox.com,9288951591,Hyderabad,Telangana,India,2024-03-08,Pro,Verified,Moderate,Agent,1
4562,Aadhya Joshi,aadhya.joshi4562@mailbox.com,9371062187,Bhopal,Madhya Pradesh,India,2023-07-12,Basic,Pending,Aggressive,Agent,0
4563,Aarav Desai,aarav.desai4563@mailbox.com,9932441927,Delhi,Delhi,India,2025-03-16,Premium,Verified,Conservative,Agent,1
4564,Kabir Yadav,kabir.yadav4564@mailbox.com,9617653313,Delhi,Delhi,India,2024-07-04,Basic,Verified,Moderate,YouTube,0
4565,Kiran Pandey,kiran.pandey4565@mailbox.com,9314940213,Bhopal,Madhya Pradesh,India,2024-01-30,Premium,Verified,Moderate,App Store,1
4566,Kavya Pandey,kavya.pandey4566@mailbox.com,9940407902,Hyderabad,Telangana,India,2024-12-04,Basic,Verified,Moderate,Referral,1
4567,Meera Reddy,meera.reddy4567@mailbox.com,9723487223,Patna,Bihar,India,2025-02-10,Premium,Verified,Aggressive,Agent,0
4568,Meera Menon,meera.menon4568@mailbox.com,9561242452,Bengaluru,Karnataka,India,2023-08-27,Basic,Verified,Moderate,Referral,0
4569,Isha Bansal,isha.bansal4569@mailbox.com,9162325793,Bengaluru,Karnataka,India,2023-05-05,Basic,Verified,Conservative,Agent,1
4570,Rohan Yadav,rohan.yadav4570@mailbox.com,9826130721,Coimbatore,Tamil Nadu,India,2024-07-04,Pro,Verified,Conservative,YouTube,0
4571,Sneha Tiwari,sneha.tiwari4571@mailbox.com,9305345763,Hyderabad,Telangana,India,2023-02-24,Premium,Verified,Moderate,YouTube,1
4572,Vihaan Mishra,vihaan.mishra4572@mailbox.com,9722546300,Coimbatore,Tamil Nadu,India,2024-11-10,Premium,Rejected,Aggressive,Agent,1
4573,Zara Kumar,zara.kumar4573@mailbox.com,9776330356,Pune,Maharashtra,India,2024-04-13,Premium,Verified,Moderate,Agent,1
4574,Kiran Joshi,kiran.joshi4574@mailbox.com,9908303655,Patna,Bihar,India,2023-08-17,Basic,Verified,Aggressive,Website,1
4575,Meera Saxena,meera.saxena4575@mailbox.com,9795312436,Coimbatore,Tamil Nadu,India,2024-09-29,Pro,Verified,Conservative,App Store,1
4576,Rajesh Trivedi,rajesh.trivedi4576@mailbox.com,9929067469,Bengaluru,Karnataka,India,2024-02-04,Basic,Verified,Conservative,Social Media,1
4577,Vihaan Agarwal,vihaan.agarwal4577@mailbox.com,9585924417,Pune,Maharashtra,India,2024-02-18,Elite,Verified,Aggressive,YouTube,1
4578,Kabir Kumar,kabir.kumar4578@mailbox.com,9158546564,Nagpur,Maharashtra,India,2023-08-19,Pro,Verified,Moderate,YouTube,1
4579,Diya Kumar,diya.kumar4579@mailbox.com,9582455896,Kochi,Kerala,India,2024-12-21,Basic,Verified,Aggressive,Google Ads,1
4580,Diya Choudhary,diya.choudhary4580@mailbox.com,9515118435,Hyderabad,Telangana,India,2025-08-19,Basic,Verified,Aggressive,Agent,1
4581,Kabir Malhotra,kabir.malhotra4581@mailbox.com,9747000621,Hyderabad,Telangana,India,2024-10-20,Premium,Verified,Conservative,Referral,1
4582,Yash Kapoor,yash.kapoor4582@mailbox.com,9323826335,Ahmedabad,Gujarat,India,2023-09-10,Pro,Verified,Aggressive,Referral,1
4583,Ishaan Shah,ishaan.shah4583@mailbox.com,9727883442,Chennai,Tamil Nadu,India,2025-06-06,Basic,Verified,Moderate,Website,1
4584,Meera Sharma,meera.sharma4584@mailbox.com,9497488245,Kolkata,West Bengal,India,2023-05-09,Basic,Verified,Moderate,Social Media,1
4585,Vikram Trivedi,vikram.trivedi4585@mailbox.com,9703051896,Bengaluru,Karnataka,India,2023-11-05,Basic,Verified,Moderate,Website,1
4586,Neha Mehta,neha.mehta4586@mailbox.com,9477791888,Chandigarh,Chandigarh,India,2023-02-07,Pro,Verified,Conservative,App Store,1
4587,Rohan Pandey,rohan.pandey4587@mailbox.com,9443921222,Patna,Bihar,India,2025-06-22,Premium,Verified,Aggressive,Referral,0
4588,Isha Tiwari,isha.tiwari4588@mailbox.com,9292837612,Bengaluru,Karnataka,India,2023-02-17,Basic,Verified,Moderate,Agent,1
4589,Neha Nair,neha.nair4589@mailbox.com,9845688380,Kanpur,Uttar Pradesh,India,2024-08-04,Premium,Verified,Conservative,Website,1
4590,Diya Joshi,diya.joshi4590@mailbox.com,9161808057,Indore,Madhya Pradesh,India,2023-07-24,Pro,Rejected,Conservative,Agent,0
4591,Sneha Reddy,sneha.reddy4591@mailbox.com,9312582600,Indore,Madhya Pradesh,India,2023-08-15,Elite,Verified,Aggressive,YouTube,1
4592,Vivaan Patel,vivaan.patel4592@mailbox.com,9484004430,Vadodara,Gujarat,India,2024-10-09,Basic,Verified,Aggressive,Referral,1
4593,Aditya Yadav,aditya.yadav4593@mailbox.com,9240158769,Indore,Madhya Pradesh,India,2025-05-06,Basic,Verified,Moderate,Google Ads,1
4594,Divya Patel,divya.patel4594@mailbox.com,9925052142,Surat,Gujarat,India,2023-01-19,Basic,Verified,Aggressive,Referral,1
4595,Neha Malhotra,neha.malhotra4595@mailbox.com,9410645996,Mumbai,Maharashtra,India,2023-06-18,Premium,Verified,Moderate,Website,1
4596,Vivaan Kapoor,vivaan.kapoor4596@mailbox.com,9318159794,Delhi,Delhi,India,2023-11-02,Basic,Verified,Aggressive,Google Ads,1
4597,Kiran Choudhary,kiran.choudhary4597@mailbox.com,9272510137,Indore,Madhya Pradesh,India,2025-10-01,Basic,Verified,Conservative,Referral,1
4598,Aarav Jain,aarav.jain4598@mailbox.com,9696864260,Coimbatore,Tamil Nadu,India,2023-03-03,Pro,Verified,Conservative,Google Ads,0
4599,Yash Iyer,yash.iyer4599@mailbox.com,9533150571,Ahmedabad,Gujarat,India,2023-07-10,Premium,Verified,Aggressive,Referral,1
4600,Divya Trivedi,divya.trivedi4600@mailbox.com,9307916065,Indore,Madhya Pradesh,India,2024-03-05,Basic,Verified,Aggressive,YouTube,0
4601,Aryan Menon,aryan.menon4601@mailbox.com,9885978146,Chennai,Tamil Nadu,India,2023-12-13,Basic,Verified,Moderate,Referral,1
4602,Varun Malhotra,varun.malhotra4602@mailbox.com,9690840853,Lucknow,Uttar Pradesh,India,2023-02-21,Basic,Verified,Aggressive,Agent,1
4603,Isha Kumar,isha.kumar4603@mailbox.com,9462613852,Patna,Bihar,India,2024-07-29,Basic,Verified,Moderate,Social Media,1
4604,Rajesh Reddy,rajesh.reddy4604@mailbox.com,9561900514,Surat,Gujarat,India,2024-10-09,Basic,Verified,Aggressive,Social Media,1
4605,Rohan Chopra,rohan.chopra4605@mailbox.com,9237205060,Bengaluru,Karnataka,India,2023-07-08,Basic,Verified,Moderate,Website,1
4606,Riya Verma,riya.verma4606@mailbox.com,9827534653,Kochi,Kerala,India,2025-01-03,Basic,Verified,Aggressive,App Store,0
4607,Karan Joshi,karan.joshi4607@mailbox.com,9332556637,Coimbatore,Tamil Nadu,India,2023-03-02,Pro,Verified,Moderate,Referral,1
4608,Zara Malhotra,zara.malhotra4608@mailbox.com,9126629517,Lucknow,Uttar Pradesh,India,2025-02-17,Pro,Pending,Moderate,App Store,1
4609,Deepak Kapoor,deepak.kapoor4609@mailbox.com,9569554105,Pune,Maharashtra,India,2023-10-04,Basic,Verified,Conservative,Google Ads,1
4610,Anika Shah,anika.shah4610@mailbox.com,9888781843,Kanpur,Uttar Pradesh,India,2023-08-27,Premium,Rejected,Conservative,Website,1
4611,Vihaan Yadav,vihaan.yadav4611@mailbox.com,9759794772,Chandigarh,Chandigarh,India,2023-07-29,Basic,Verified,Conservative,Google Ads,1
4612,Isha Saxena,isha.saxena4612@mailbox.com,9458426479,Lucknow,Uttar Pradesh,India,2025-07-13,Pro,Verified,Conservative,Google Ads,1
4613,Suresh Gupta,suresh.gupta4613@mailbox.com,9636356852,Mumbai,Maharashtra,India,2024-06-18,Pro,Verified,Moderate,Website,1
4614,Rahul Chopra,rahul.chopra4614@mailbox.com,9309549377,Delhi,Delhi,India,2025-01-05,Premium,Verified,Conservative,Referral,1
4615,Sanjay Saxena,sanjay.saxena4615@mailbox.com,9838065656,Chandigarh,Chandigarh,India,2023-08-06,Premium,Verified,Moderate,App Store,0
4616,Anika Menon,anika.menon4616@mailbox.com,9365570387,Patna,Bihar,India,2023-03-02,Basic,Verified,Conservative,YouTube,1
4617,Diya Malhotra,diya.malhotra4617@mailbox.com,9295013507,Patna,Bihar,India,2023-02-10,Basic,Verified,Conservative,YouTube,1
4618,Vikram Malhotra,vikram.malhotra4618@mailbox.com,9185605470,Bengaluru,Karnataka,India,2024-04-14,Premium,Verified,Aggressive,Website,1
4619,Pooja Chopra,pooja.chopra4619@mailbox.com,9723940671,Hyderabad,Telangana,India,2023-12-14,Basic,Pending,Conservative,Social Media,1
4620,Kiran Menon,kiran.menon4620@mailbox.com,9122634550,Ahmedabad,Gujarat,India,2025-03-28,Premium,Verified,Moderate,Agent,1
4621,Neha Patel,neha.patel4621@mailbox.com,9824922252,Chennai,Tamil Nadu,India,2025-04-19,Premium,Verified,Conservative,YouTube,1
4622,Aryan Nair,aryan.nair4622@mailbox.com,9975816379,Ahmedabad,Gujarat,India,2023-11-28,Basic,Verified,Conservative,App Store,1
4623,Anil Reddy,anil.reddy4623@mailbox.com,9200002168,Nagpur,Maharashtra,India,2024-04-06,Premium,Verified,Conservative,App Store,1
4624,Vihaan Choudhary,vihaan.choudhary4624@mailbox.com,9186768940,Kolkata,West Bengal,India,2024-02-11,Pro,Verified,Conservative,Referral,0
4625,Sara Jain,sara.jain4625@mailbox.com,9941056815,Bengaluru,Karnataka,India,2024-12-19,Premium,Verified,Conservative,Referral,1
4626,Sara Nair,sara.nair4626@mailbox.com,9212398610,Jaipur,Rajasthan,India,2024-11-01,Premium,Verified,Moderate,YouTube,1
4627,Aarav Bansal,aarav.bansal4627@mailbox.com,9466864323,Bhopal,Madhya Pradesh,India,2024-11-24,Pro,Verified,Conservative,Social Media,1
4628,Kabir Tiwari,kabir.tiwari4628@mailbox.com,9883867675,Indore,Madhya Pradesh,India,2023-03-01,Basic,Verified,Aggressive,Agent,1
4629,Rajesh Desai,rajesh.desai4629@mailbox.com,9225086141,Pune,Maharashtra,India,2023-12-26,Premium,Verified,Moderate,Website,1
4630,Myra Chopra,myra.chopra4630@mailbox.com,9697154711,Pune,Maharashtra,India,2025-10-26,Basic,Verified,Moderate,Agent,1
4631,Reyansh Sharma,reyansh.sharma4631@mailbox.com,9444353226,Nagpur,Maharashtra,India,2023-12-31,Basic,Verified,Aggressive,YouTube,1
4632,Diya Sharma,diya.sharma4632@mailbox.com,9492465277,Hyderabad,Telangana,India,2023-07-05,Elite,Verified,Aggressive,Website,1
4633,Ananya Reddy,ananya.reddy4633@mailbox.com,9684121064,Chandigarh,Chandigarh,India,2023-08-01,Basic,Pending,Moderate,Agent,0
4634,Ishaan Rao,ishaan.rao4634@mailbox.com,9387499079,Kochi,Kerala,India,2023-01-29,Basic,Verified,Aggressive,Google Ads,1
4635,Arjun Saxena,arjun.saxena4635@mailbox.com,9941486340,Mumbai,Maharashtra,India,2025-04-11,Basic,Verified,Moderate,Google Ads,1
4636,Rajesh Nair,rajesh.nair4636@mailbox.com,9622687707,Vadodara,Gujarat,India,2023-01-06,Elite,Verified,Aggressive,Website,1
4637,Manoj Yadav,manoj.yadav4637@mailbox.com,9453357355,Mumbai,Maharashtra,India,2024-09-26,Pro,Verified,Aggressive,YouTube,1
4638,Zara Iyer,zara.iyer4638@mailbox.com,9135195663,Lucknow,Uttar Pradesh,India,2024-03-01,Basic,Verified,Aggressive,App Store,1
4639,Neha Pandey,neha.pandey4639@mailbox.com,9802575409,Surat,Gujarat,India,2023-04-11,Premium,Verified,Moderate,Social Media,1
4640,Nikhil Iyer,nikhil.iyer4640@mailbox.com,9924681566,Pune,Maharashtra,India,2025-07-30,Basic,Verified,Moderate,Google Ads,1
4641,Anil Agarwal,anil.agarwal4641@mailbox.com,9994831048,Chennai,Tamil Nadu,India,2025-03-01,Premium,Verified,Moderate,YouTube,1
4642,Vivaan Saxena,vivaan.saxena4642@mailbox.com,9695061071,Mumbai,Maharashtra,India,2025-05-23,Premium,Verified,Aggressive,Social Media,1
4643,Yash Malhotra,yash.malhotra4643@mailbox.com,9230787937,Bhopal,Madhya Pradesh,India,2025-09-24,Basic,Verified,Aggressive,App Store,1
4644,Aditya Mehta,aditya.mehta4644@mailbox.com,9950397756,Mumbai,Maharashtra,India,2025-08-29,Premium,Verified,Conservative,App Store,1
4645,Vivaan Kapoor,vivaan.kapoor4645@mailbox.com,9471253861,Lucknow,Uttar Pradesh,India,2025-01-16,Pro,Verified,Conservative,Website,0
4646,Aadhya Desai,aadhya.desai4646@mailbox.com,9409319947,Ahmedabad,Gujarat,India,2024-07-22,Basic,Verified,Aggressive,Google Ads,1
4647,Divya Bansal,divya.bansal4647@mailbox.com,9760572247,Vadodara,Gujarat,India,2025-01-12,Basic,Verified,Moderate,App Store,1
4648,Vihaan Saxena,vihaan.saxena4648@mailbox.com,9743583871,Coimbatore,Tamil Nadu,India,2024-04-22,Elite,Pending,Moderate,Google Ads,1
4649,Diya Yadav,diya.yadav4649@mailbox.com,9828419566,Chandigarh,Chandigarh,India,2023-07-13,Basic,Verified,Aggressive,Google Ads,1
4650,Ananya Chopra,ananya.chopra4650@mailbox.com,9894468651,Bhopal,Madhya Pradesh,India,2024-02-15,Premium,Verified,Conservative,Referral,0
4651,Sara Mehta,sara.mehta4651@mailbox.com,9889318539,Kanpur,Uttar Pradesh,India,2024-05-12,Premium,Verified,Conservative,Agent,1
4652,Aryan Chopra,aryan.chopra4652@mailbox.com,9253703885,Pune,Maharashtra,India,2023-02-19,Basic,Verified,Aggressive,YouTube,1
4653,Kavya Jain,kavya.jain4653@mailbox.com,9252650186,Hyderabad,Telangana,India,2025-06-21,Basic,Verified,Aggressive,Social Media,1
4654,Rohan Patel,rohan.patel4654@mailbox.com,9285074789,Vadodara,Gujarat,India,2025-08-26,Basic,Verified,Aggressive,YouTube,1
4655,Arjun Yadav,arjun.yadav4655@mailbox.com,9664573528,Ahmedabad,Gujarat,India,2024-03-23,Basic,Verified,Aggressive,Agent,0
4656,Kabir Chopra,kabir.chopra4656@mailbox.com,9622862782,Jaipur,Rajasthan,India,2024-06-12,Premium,Verified,Aggressive,Google Ads,1
4657,Reyansh Jain,reyansh.jain4657@mailbox.com,9832033150,Bengaluru,Karnataka,India,2025-06-14,Pro,Verified,Aggressive,Agent,1
4658,Sanjay Bhatt,sanjay.bhatt4658@mailbox.com,9171054581,Kolkata,West Bengal,India,2024-04-29,Basic,Pending,Aggressive,Google Ads,0
4659,Aadhya Bhatt,aadhya.bhatt4659@mailbox.com,9726043402,Indore,Madhya Pradesh,India,2025-01-02,Premium,Verified,Moderate,YouTube,1
4660,Zara Pandey,zara.pandey4660@mailbox.com,9865792727,Jaipur,Rajasthan,India,2024-07-02,Basic,Verified,Aggressive,Agent,1
4661,Anil Patel,anil.patel4661@mailbox.com,9984152399,Nagpur,Maharashtra,India,2023-10-16,Basic,Verified,Conservative,App Store,1
4662,Vikram Menon,vikram.menon4662@mailbox.com,9244702146,Chennai,Tamil Nadu,India,2025-04-25,Premium,Verified,Moderate,Google Ads,1
4663,Ishaan Gupta,ishaan.gupta4663@mailbox.com,9405874985,Delhi,Delhi,India,2023-07-25,Basic,Verified,Conservative,Social Media,1
4664,Sara Mehta,sara.mehta4664@mailbox.com,9326095671,Kochi,Kerala,India,2023-08-28,Premium,Verified,Aggressive,Agent,1
4665,Isha Verma,isha.verma4665@mailbox.com,9920331913,Jaipur,Rajasthan,India,2025-01-06,Basic,Verified,Moderate,Social Media,1
4666,Anil Choudhary,anil.choudhary4666@mailbox.com,9258073796,Ahmedabad,Gujarat,India,2025-01-26,Premium,Verified,Conservative,App Store,1
4667,Isha Pillai,isha.pillai4667@mailbox.com,9217714893,Kolkata,West Bengal,India,2025-10-13,Pro,Verified,Moderate,Website,1
4668,Reyansh Trivedi,reyansh.trivedi4668@mailbox.com,9616847032,Surat,Gujarat,India,2025-01-26,Basic,Verified,Conservative,Website,1
4669,Divya Patel,divya.patel4669@mailbox.com,9604996212,Nagpur,Maharashtra,India,2023-01-27,Elite,Verified,Conservative,YouTube,1
4670,Anika Joshi,anika.joshi4670@mailbox.com,9233297272,Ahmedabad,Gujarat,India,2025-06-23,Basic,Verified,Moderate,Google Ads,1
4671,Vihaan Choudhary,vihaan.choudhary4671@mailbox.com,9548705225,Coimbatore,Tamil Nadu,India,2024-03-16,Basic,Verified,Moderate,App Store,1
4672,Sneha Shah,sneha.shah4672@mailbox.com,9180826979,Coimbatore,Tamil Nadu,India,2023-01-10,Basic,Verified,Moderate,Agent,1
4673,Rohan Mishra,rohan.mishra4673@mailbox.com,9818138181,Hyderabad,Telangana,India,2024-09-08,Pro,Verified,Conservative,Website,1
4674,Deepak Gupta,deepak.gupta4674@mailbox.com,9310437346,Indore,Madhya Pradesh,India,2023-07-01,Premium,Verified,Aggressive,Social Media,1
4675,Anil Chopra,anil.chopra4675@mailbox.com,9908326195,Vadodara,Gujarat,India,2024-03-19,Elite,Verified,Conservative,Website,0
4676,Myra Sharma,myra.sharma4676@mailbox.com,9368000440,Lucknow,Uttar Pradesh,India,2024-05-16,Premium,Verified,Aggressive,Google Ads,1
4677,Sanjay Shah,sanjay.shah4677@mailbox.com,9570173088,Mumbai,Maharashtra,India,2023-03-21,Basic,Verified,Conservative,App Store,1
4678,Sanjay Singh,sanjay.singh4678@mailbox.com,9443363794,Bengaluru,Karnataka,India,2025-06-24,Pro,Verified,Conservative,Referral,1
4679,Priya Shah,priya.shah4679@mailbox.com,9652822371,Surat,Gujarat,India,2024-06-27,Elite,Verified,Moderate,YouTube,1
4680,Aditya Kumar,aditya.kumar4680@mailbox.com,9464875907,Coimbatore,Tamil Nadu,India,2025-10-24,Pro,Verified,Aggressive,Social Media,0
4681,Isha Sharma,isha.sharma4681@mailbox.com,9499445396,Bengaluru,Karnataka,India,2024-05-10,Premium,Verified,Aggressive,Website,1
4682,Ishaan Mishra,ishaan.mishra4682@mailbox.com,9835608571,Kanpur,Uttar Pradesh,India,2024-09-25,Pro,Verified,Moderate,YouTube,1
4683,Sneha Malhotra,sneha.malhotra4683@mailbox.com,9598708723,Lucknow,Uttar Pradesh,India,2025-05-15,Basic,Verified,Conservative,Referral,1
4684,Aditya Chopra,aditya.chopra4684@mailbox.com,9825020114,Kolkata,West Bengal,India,2023-08-14,Pro,Verified,Aggressive,Social Media,1
4685,Rahul Desai,rahul.desai4685@mailbox.com,9485154382,Indore,Madhya Pradesh,India,2025-08-26,Elite,Verified,Conservative,Website,1
4686,Divya Mehta,divya.mehta4686@mailbox.com,9841217895,Kochi,Kerala,India,2023-07-16,Premium,Verified,Moderate,Google Ads,1
4687,Varun Choudhary,varun.choudhary4687@mailbox.com,9747500190,Chennai,Tamil Nadu,India,2025-11-26,Basic,Verified,Aggressive,Referral,1
4688,Diya Chopra,diya.chopra4688@mailbox.com,9895359979,Delhi,Delhi,India,2024-11-12,Basic,Verified,Moderate,Social Media,1
4689,Aarav Mehta,aarav.mehta4689@mailbox.com,9602796608,Ahmedabad,Gujarat,India,2024-07-06,Elite,Verified,Aggressive,Referral,1
4690,Meera Bansal,meera.bansal4690@mailbox.com,9215416014,Pune,Maharashtra,India,2023-08-12,Pro,Verified,Aggressive,Google Ads,0
4691,Aarav Sharma,aarav.sharma4691@mailbox.com,9200207766,Bhopal,Madhya Pradesh,India,2024-08-29,Premium,Verified,Aggressive,Social Media,1
4692,Aditya Joshi,aditya.joshi4692@mailbox.com,9196740265,Kanpur,Uttar Pradesh,India,2024-08-12,Elite,Verified,Moderate,YouTube,0
4693,Aryan Menon,aryan.menon4693@mailbox.com,9669706023,Mumbai,Maharashtra,India,2025-11-13,Premium,Verified,Aggressive,Referral,1
4694,Deepak Kumar,deepak.kumar4694@mailbox.com,9393361011,Pune,Maharashtra,India,2025-06-08,Pro,Pending,Conservative,Agent,1
4695,Meera Singh,meera.singh4695@mailbox.com,9360022300,Bhopal,Madhya Pradesh,India,2024-05-29,Basic,Verified,Conservative,Website,1
4696,Anil Desai,anil.desai4696@mailbox.com,9642583213,Lucknow,Uttar Pradesh,India,2024-02-20,Basic,Rejected,Conservative,App Store,0
4697,Vihaan Chopra,vihaan.chopra4697@mailbox.com,9458548781,Nagpur,Maharashtra,India,2024-02-17,Premium,Verified,Conservative,YouTube,1
4698,Vihaan Kumar,vihaan.kumar4698@mailbox.com,9221357194,Kolkata,West Bengal,India,2024-02-08,Basic,Verified,Conservative,Website,0
4699,Isha Trivedi,isha.trivedi4699@mailbox.com,9601701609,Pune,Maharashtra,India,2023-01-15,Basic,Verified,Aggressive,Social Media,1
4700,Aarav Bhatt,aarav.bhatt4700@mailbox.com,9595120752,Bengaluru,Karnataka,India,2023-02-08,Pro,Verified,Moderate,Website,1
4701,Kiran Verma,kiran.verma4701@mailbox.com,9225717988,Delhi,Delhi,India,2025-03-11,Basic,Verified,Moderate,App Store,1
4702,Aditya Reddy,aditya.reddy4702@mailbox.com,9725872073,Mumbai,Maharashtra,India,2023-09-28,Premium,Verified,Moderate,Google Ads,1
4703,Amit Bansal,amit.bansal4703@mailbox.com,9324219789,Indore,Madhya Pradesh,India,2024-03-14,Basic,Verified,Moderate,Agent,1
4704,Deepak Saxena,deepak.saxena4704@mailbox.com,9125436430,Hyderabad,Telangana,India,2025-01-13,Pro,Verified,Moderate,Website,1
4705,Divya Gupta,divya.gupta4705@mailbox.com,9522121087,Nagpur,Maharashtra,India,2024-10-08,Basic,Verified,Conservative,Referral,1
4706,Karan Shah,karan.shah4706@mailbox.com,9792459995,Vadodara,Gujarat,India,2024-01-19,Premium,Verified,Aggressive,Social Media,1
4707,Riya Joshi,riya.joshi4707@mailbox.com,9147037733,Surat,Gujarat,India,2025-03-12,Premium,Verified,Aggressive,Website,1
4708,Amit Singh,amit.singh4708@mailbox.com,9893097142,Nagpur,Maharashtra,India,2023-06-18,Basic,Verified,Conservative,Social Media,1
4709,Rajesh Jain,rajesh.jain4709@mailbox.com,9397456997,Bengaluru,Karnataka,India,2024-05-18,Basic,Verified,Conservative,Social Media,1
4710,Anika Gupta,anika.gupta4710@mailbox.com,9408364713,Lucknow,Uttar Pradesh,India,2023-04-23,Basic,Verified,Conservative,Social Media,1
4711,Diya Singh,diya.singh4711@mailbox.com,9114017629,Kochi,Kerala,India,2024-07-20,Basic,Verified,Moderate,Google Ads,1
4712,Suresh Tiwari,suresh.tiwari4712@mailbox.com,9348714242,Ahmedabad,Gujarat,India,2023-04-12,Basic,Verified,Aggressive,Social Media,1
4713,Kiran Nair,kiran.nair4713@mailbox.com,9522188883,Chandigarh,Chandigarh,India,2025-09-29,Basic,Verified,Aggressive,Website,0
4714,Zara Malhotra,zara.malhotra4714@mailbox.com,9663487779,Bhopal,Madhya Pradesh,India,2024-12-02,Premium,Verified,Aggressive,Website,1
4715,Vivaan Choudhary,vivaan.choudhary4715@mailbox.com,9790314280,Kolkata,West Bengal,India,2023-09-19,Basic,Verified,Moderate,Website,0
4716,Rahul Pillai,rahul.pillai4716@mailbox.com,9190198033,Bengaluru,Karnataka,India,2024-10-14,Basic,Verified,Aggressive,Social Media,1
4717,Kiran Pillai,kiran.pillai4717@mailbox.com,9452285056,Mumbai,Maharashtra,India,2024-01-08,Basic,Verified,Conservative,Website,1
4718,Aryan Sharma,aryan.sharma4718@mailbox.com,9761700421,Kolkata,West Bengal,India,2024-07-06,Premium,Verified,Aggressive,Agent,1
4719,Aadhya Iyer,aadhya.iyer4719@mailbox.com,9675592909,Pune,Maharashtra,India,2023-06-28,Premium,Verified,Conservative,Referral,1
4720,Ishaan Mehta,ishaan.mehta4720@mailbox.com,9625775739,Surat,Gujarat,India,2024-06-16,Premium,Verified,Aggressive,Social Media,1
4721,Sanjay Shah,sanjay.shah4721@mailbox.com,9554144745,Nagpur,Maharashtra,India,2023-04-24,Premium,Verified,Conservative,Website,1
4722,Anil Nair,anil.nair4722@mailbox.com,9993725718,Lucknow,Uttar Pradesh,India,2023-06-13,Premium,Verified,Aggressive,Website,1
4723,Varun Singh,varun.singh4723@mailbox.com,9639534935,Bhopal,Madhya Pradesh,India,2024-09-13,Basic,Verified,Moderate,Social Media,1
4724,Aditya Mishra,aditya.mishra4724@mailbox.com,9637389115,Patna,Bihar,India,2024-06-17,Basic,Verified,Moderate,Google Ads,1
4725,Diya Mehta,diya.mehta4725@mailbox.com,9739305597,Bhopal,Madhya Pradesh,India,2023-11-09,Premium,Verified,Conservative,YouTube,1
4726,Zara Mehta,zara.mehta4726@mailbox.com,9872220755,Kochi,Kerala,India,2023-03-05,Basic,Verified,Conservative,Social Media,1
4727,Vihaan Tiwari,vihaan.tiwari4727@mailbox.com,9801699256,Ahmedabad,Gujarat,India,2024-03-27,Pro,Verified,Aggressive,Social Media,1
4728,Kiran Bhatt,kiran.bhatt4728@mailbox.com,9696104640,Chandigarh,Chandigarh,India,2025-09-13,Premium,Verified,Conservative,Social Media,1
4729,Arjun Jain,arjun.jain4729@mailbox.com,9129645502,Jaipur,Rajasthan,India,2025-01-24,Premium,Verified,Conservative,Agent,1
4730,Priya Desai,priya.desai4730@mailbox.com,9342513810,Hyderabad,Telangana,India,2023-03-03,Premium,Verified,Moderate,Referral,1
4731,Nikhil Pandey,nikhil.pandey4731@mailbox.com,9778012962,Bengaluru,Karnataka,India,2025-09-25,Pro,Verified,Aggressive,YouTube,1
4732,Sneha Singh,sneha.singh4732@mailbox.com,9233286152,Delhi,Delhi,India,2024-03-27,Basic,Verified,Moderate,App Store,0
4733,Rajesh Menon,rajesh.menon4733@mailbox.com,9273632028,Vadodara,Gujarat,India,2024-09-05,Basic,Verified,Conservative,App Store,1
4734,Ananya Mehta,ananya.mehta4734@mailbox.com,9545877651,Hyderabad,Telangana,India,2023-01-01,Pro,Verified,Conservative,Social Media,1
4735,Anil Bansal,anil.bansal4735@mailbox.com,9971476384,Chandigarh,Chandigarh,India,2023-11-27,Premium,Verified,Aggressive,YouTube,1
4736,Aadhya Rao,aadhya.rao4736@mailbox.com,9102366333,Patna,Bihar,India,2025-04-17,Basic,Verified,Conservative,App Store,1
4737,Aditya Reddy,aditya.reddy4737@mailbox.com,9274228082,Jaipur,Rajasthan,India,2023-12-19,Basic,Verified,Moderate,Website,1
4738,Myra Malhotra,myra.malhotra4738@mailbox.com,9341665649,Coimbatore,Tamil Nadu,India,2023-06-26,Basic,Pending,Aggressive,Referral,1
4739,Kavya Pandey,kavya.pandey4739@mailbox.com,9668560703,Coimbatore,Tamil Nadu,India,2023-04-07,Pro,Verified,Moderate,App Store,1
4740,Rahul Desai,rahul.desai4740@mailbox.com,9755897212,Coimbatore,Tamil Nadu,India,2025-09-12,Basic,Verified,Conservative,Referral,1
4741,Ananya Agarwal,ananya.agarwal4741@mailbox.com,9886925353,Lucknow,Uttar Pradesh,India,2025-05-15,Basic,Verified,Aggressive,Website,1
4742,Riya Malhotra,riya.malhotra4742@mailbox.com,9104947970,Kolkata,West Bengal,India,2023-02-16,Basic,Verified,Aggressive,Website,1
4743,Anika Nair,anika.nair4743@mailbox.com,9144125468,Mumbai,Maharashtra,India,2025-09-12,Elite,Verified,Moderate,Agent,1
4744,Kavya Rao,kavya.rao4744@mailbox.com,9602697512,Chandigarh,Chandigarh,India,2025-05-24,Premium,Verified,Aggressive,YouTube,1
4745,Sneha Nair,sneha.nair4745@mailbox.com,9334763941,Kochi,Kerala,India,2024-01-19,Premium,Verified,Aggressive,App Store,1
4746,Isha Choudhary,isha.choudhary4746@mailbox.com,9673097517,Kanpur,Uttar Pradesh,India,2024-11-30,Pro,Verified,Aggressive,YouTube,1
4747,Rajesh Rao,rajesh.rao4747@mailbox.com,9338722041,Delhi,Delhi,India,2023-10-02,Basic,Verified,Moderate,App Store,1
4748,Ananya Menon,ananya.menon4748@mailbox.com,9259685836,Chandigarh,Chandigarh,India,2023-09-23,Pro,Verified,Conservative,YouTube,1
4749,Deepak Saxena,deepak.saxena4749@mailbox.com,9689629414,Kolkata,West Bengal,India,2025-01-30,Premium,Verified,Aggressive,Agent,1
4750,Myra Nair,myra.nair4750@mailbox.com,9577287808,Kanpur,Uttar Pradesh,India,2023-08-04,Premium,Pending,Aggressive,YouTube,1
4751,Vivaan Mehta,vivaan.mehta4751@mailbox.com,9644352360,Surat,Gujarat,India,2024-01-14,Pro,Verified,Aggressive,App Store,1
4752,Reyansh Iyer,reyansh.iyer4752@mailbox.com,9585625989,Bengaluru,Karnataka,India,2024-01-16,Elite,Verified,Moderate,App Store,1
4753,Manoj Bhatt,manoj.bhatt4753@mailbox.com,9672187715,Delhi,Delhi,India,2023-06-10,Basic,Verified,Aggressive,YouTube,1
4754,Deepak Reddy,deepak.reddy4754@mailbox.com,9164958320,Delhi,Delhi,India,2025-06-01,Basic,Verified,Conservative,Google Ads,1
4755,Rohan Menon,rohan.menon4755@mailbox.com,9294057708,Vadodara,Gujarat,India,2024-12-18,Pro,Verified,Conservative,Referral,1
4756,Neha Choudhary,neha.choudhary4756@mailbox.com,9366132443,Vadodara,Gujarat,India,2025-07-06,Basic,Pending,Moderate,Referral,1
4757,Sanjay Joshi,sanjay.joshi4757@mailbox.com,9935474926,Jaipur,Rajasthan,India,2024-07-11,Premium,Verified,Aggressive,Google Ads,1
4758,Reyansh Bansal,reyansh.bansal4758@mailbox.com,9299049942,Jaipur,Rajasthan,India,2023-07-06,Basic,Verified,Conservative,App Store,1
4759,Riya Mishra,riya.mishra4759@mailbox.com,9928618479,Jaipur,Rajasthan,India,2023-10-25,Pro,Verified,Conservative,App Store,0
4760,Sneha Agarwal,sneha.agarwal4760@mailbox.com,9580583184,Ahmedabad,Gujarat,India,2024-01-12,Premium,Verified,Aggressive,Agent,1
4761,Yash Menon,yash.menon4761@mailbox.com,9848156448,Kanpur,Uttar Pradesh,India,2025-09-30,Elite,Verified,Moderate,App Store,1
4762,Anil Kumar,anil.kumar4762@mailbox.com,9363657346,Ahmedabad,Gujarat,India,2023-09-10,Premium,Rejected,Aggressive,YouTube,1
4763,Vihaan Pandey,vihaan.pandey4763@mailbox.com,9603792465,Indore,Madhya Pradesh,India,2025-01-08,Elite,Verified,Moderate,Google Ads,1
4764,Karan Menon,karan.menon4764@mailbox.com,9745254916,Ahmedabad,Gujarat,India,2023-05-11,Premium,Verified,Moderate,Website,1
4765,Anika Trivedi,anika.trivedi4765@mailbox.com,9170530031,Indore,Madhya Pradesh,India,2025-10-15,Premium,Verified,Conservative,Google Ads,1
4766,Ishaan Pillai,ishaan.pillai4766@mailbox.com,9696712515,Coimbatore,Tamil Nadu,India,2024-11-19,Premium,Verified,Aggressive,YouTube,1
4767,Sanjay Agarwal,sanjay.agarwal4767@mailbox.com,9513699663,Chennai,Tamil Nadu,India,2024-04-03,Premium,Verified,Conservative,App Store,0
4768,Aarav Agarwal,aarav.agarwal4768@mailbox.com,9880313044,Delhi,Delhi,India,2024-01-04,Premium,Verified,Moderate,Agent,1
4769,Arjun Saxena,arjun.saxena4769@mailbox.com,9339008568,Kanpur,Uttar Pradesh,India,2024-01-13,Basic,Verified,Moderate,YouTube,1
4770,Vivaan Jain,vivaan.jain4770@mailbox.com,9886770558,Bengaluru,Karnataka,India,2023-08-29,Basic,Verified,Aggressive,Social Media,0
4771,Diya Singh,diya.singh4771@mailbox.com,9286090056,Chennai,Tamil Nadu,India,2024-09-30,Premium,Verified,Aggressive,Social Media,1
4772,Rajesh Jain,rajesh.jain4772@mailbox.com,9587493395,Patna,Bihar,India,2025-07-11,Basic,Verified,Aggressive,Google Ads,1
4773,Kabir Shah,kabir.shah4773@mailbox.com,9903696191,Jaipur,Rajasthan,India,2023-09-14,Premium,Verified,Conservative,YouTube,1
4774,Aryan Singh,aryan.singh4774@mailbox.com,9957748343,Kanpur,Uttar Pradesh,India,2025-03-07,Basic,Verified,Conservative,YouTube,1
4775,Ananya Singh,ananya.singh4775@mailbox.com,9792021986,Patna,Bihar,India,2024-08-25,Basic,Pending,Aggressive,Social Media,1
4776,Vivaan Choudhary,vivaan.choudhary4776@mailbox.com,9364082131,Bengaluru,Karnataka,India,2025-04-04,Premium,Verified,Aggressive,Website,1
4777,Kavya Jain,kavya.jain4777@mailbox.com,9577028377,Lucknow,Uttar Pradesh,India,2025-03-30,Basic,Verified,Moderate,Agent,1
4778,Divya Bansal,divya.bansal4778@mailbox.com,9409125393,Mumbai,Maharashtra,India,2023-02-11,Elite,Pending,Aggressive,Referral,1
4779,Arjun Desai,arjun.desai4779@mailbox.com,9273039509,Lucknow,Uttar Pradesh,India,2023-01-23,Elite,Verified,Conservative,App Store,1
4780,Aditya Yadav,aditya.yadav4780@mailbox.com,9738793926,Chennai,Tamil Nadu,India,2025-09-01,Premium,Verified,Moderate,App Store,0
4781,Anil Joshi,anil.joshi4781@mailbox.com,9349690592,Coimbatore,Tamil Nadu,India,2023-06-15,Basic,Verified,Conservative,YouTube,1
4782,Vikram Reddy,vikram.reddy4782@mailbox.com,9158502923,Kolkata,West Bengal,India,2024-09-04,Basic,Verified,Aggressive,Agent,1
4783,Kavya Yadav,kavya.yadav4783@mailbox.com,9671326540,Chennai,Tamil Nadu,India,2025-03-13,Pro,Verified,Aggressive,App Store,1
4784,Rajesh Mehta,rajesh.mehta4784@mailbox.com,9572251317,Mumbai,Maharashtra,India,2024-06-20,Basic,Verified,Conservative,Agent,1
4785,Anil Kapoor,anil.kapoor4785@mailbox.com,9691228696,Bengaluru,Karnataka,India,2023-01-07,Elite,Pending,Aggressive,YouTube,1
4786,Myra Malhotra,myra.malhotra4786@mailbox.com,9994404829,Chennai,Tamil Nadu,India,2023-01-12,Elite,Verified,Conservative,Social Media,1
4787,Sanjay Nair,sanjay.nair4787@mailbox.com,9854651457,Chennai,Tamil Nadu,India,2024-12-14,Basic,Verified,Aggressive,Social Media,1
4788,Aarav Mehta,aarav.mehta4788@mailbox.com,9495595061,Bhopal,Madhya Pradesh,India,2025-08-14,Premium,Verified,Conservative,YouTube,1
4789,Isha Choudhary,isha.choudhary4789@mailbox.com,9959003737,Kochi,Kerala,India,2024-01-01,Premium,Verified,Aggressive,YouTube,0
4790,Vikram Choudhary,vikram.choudhary4790@mailbox.com,9244053458,Kochi,Kerala,India,2024-08-02,Premium,Verified,Moderate,Referral,1
4791,Kabir Reddy,kabir.reddy4791@mailbox.com,9423034452,Vadodara,Gujarat,India,2025-09-21,Basic,Verified,Conservative,Social Media,1
4792,Aryan Kapoor,aryan.kapoor4792@mailbox.com,9768736850,Kochi,Kerala,India,2025-05-28,Premium,Verified,Conservative,YouTube,0
4793,Yash Verma,yash.verma4793@mailbox.com,9563471678,Lucknow,Uttar Pradesh,India,2024-07-29,Basic,Pending,Moderate,YouTube,1
4794,Ananya Reddy,ananya.reddy4794@mailbox.com,9221236869,Ahmedabad,Gujarat,India,2024-11-29,Pro,Verified,Conservative,Website,0
4795,Sara Yadav,sara.yadav4795@mailbox.com,9525262320,Indore,Madhya Pradesh,India,2025-10-20,Premium,Pending,Moderate,Website,1
4796,Kabir Nair,kabir.nair4796@mailbox.com,9764936940,Pune,Maharashtra,India,2025-04-28,Premium,Verified,Aggressive,Agent,1
4797,Rahul Pillai,rahul.pillai4797@mailbox.com,9563982913,Indore,Madhya Pradesh,India,2024-03-18,Pro,Verified,Aggressive,Referral,1
4798,Arjun Mishra,arjun.mishra4798@mailbox.com,9225929252,Vadodara,Gujarat,India,2025-01-07,Premium,Verified,Moderate,YouTube,1
4799,Sara Saxena,sara.saxena4799@mailbox.com,9144522922,Hyderabad,Telangana,India,2023-12-17,Premium,Verified,Aggressive,Referral,1
4800,Sanjay Bhatt,sanjay.bhatt4800@mailbox.com,9358573643,Patna,Bihar,India,2025-09-07,Basic,Verified,Aggressive,Agent,1
4801,Neha Saxena,neha.saxena4801@mailbox.com,9241087340,Coimbatore,Tamil Nadu,India,2023-04-10,Premium,Verified,Moderate,Agent,1
4802,Vikram Kapoor,vikram.kapoor4802@mailbox.com,9888651898,Kanpur,Uttar Pradesh,India,2023-08-29,Basic,Verified,Conservative,Referral,1
4803,Rohan Pillai,rohan.pillai4803@mailbox.com,9344004489,Ahmedabad,Gujarat,India,2024-01-04,Elite,Verified,Aggressive,Agent,1
4804,Suresh Mehta,suresh.mehta4804@mailbox.com,9671045384,Kolkata,West Bengal,India,2023-08-04,Basic,Verified,Conservative,YouTube,1
4805,Sneha Mishra,sneha.mishra4805@mailbox.com,9214788096,Hyderabad,Telangana,India,2024-09-25,Basic,Verified,Moderate,Social Media,1
4806,Rajesh Patel,rajesh.patel4806@mailbox.com,9940686643,Pune,Maharashtra,India,2025-01-28,Pro,Verified,Aggressive,Social Media,1
4807,Riya Mishra,riya.mishra4807@mailbox.com,9679093804,Bhopal,Madhya Pradesh,India,2025-08-06,Basic,Verified,Moderate,Social Media,1
4808,Kiran Mishra,kiran.mishra4808@mailbox.com,9359487268,Kanpur,Uttar Pradesh,India,2024-06-17,Pro,Verified,Moderate,App Store,1
4809,Sara Kumar,sara.kumar4809@mailbox.com,9772901862,Chennai,Tamil Nadu,India,2024-10-23,Basic,Verified,Moderate,Social Media,1
4810,Manoj Saxena,manoj.saxena4810@mailbox.com,9551054497,Kanpur,Uttar Pradesh,India,2024-09-30,Basic,Verified,Moderate,Website,1
4811,Rohan Yadav,rohan.yadav4811@mailbox.com,9311594746,Chandigarh,Chandigarh,India,2023-01-04,Premium,Verified,Aggressive,Social Media,1
4812,Karan Menon,karan.menon4812@mailbox.com,9943828050,Mumbai,Maharashtra,India,2025-01-24,Premium,Pending,Aggressive,Social Media,1
4813,Amit Agarwal,amit.agarwal4813@mailbox.com,9609978408,Mumbai,Maharashtra,India,2023-01-25,Elite,Verified,Aggressive,Social Media,1
4814,Sanjay Mishra,sanjay.mishra4814@mailbox.com,9936813164,Vadodara,Gujarat,India,2024-08-06,Basic,Verified,Conservative,Social Media,1
4815,Divya Nair,divya.nair4815@mailbox.com,9759693353,Bhopal,Madhya Pradesh,India,2025-11-30,Basic,Verified,Conservative,YouTube,1
4816,Diya Singh,diya.singh4816@mailbox.com,9300247979,Nagpur,Maharashtra,India,2025-04-18,Basic,Verified,Moderate,Referral,1
4817,Deepak Rao,deepak.rao4817@mailbox.com,9559020327,Coimbatore,Tamil Nadu,India,2024-06-23,Basic,Verified,Aggressive,Google Ads,1
4818,Kavya Choudhary,kavya.choudhary4818@mailbox.com,9261550666,Nagpur,Maharashtra,India,2023-12-06,Premium,Rejected,Moderate,App Store,1
4819,Amit Malhotra,amit.malhotra4819@mailbox.com,9526456412,Kanpur,Uttar Pradesh,India,2025-06-10,Basic,Verified,Conservative,YouTube,0
4820,Varun Reddy,varun.reddy4820@mailbox.com,9581827931,Chennai,Tamil Nadu,India,2025-07-03,Premium,Verified,Conservative,Google Ads,1
4821,Amit Bhatt,amit.bhatt4821@mailbox.com,9558808031,Chandigarh,Chandigarh,India,2024-01-27,Pro,Verified,Conservative,Referral,1
4822,Sneha Singh,sneha.singh4822@mailbox.com,9484571563,Patna,Bihar,India,2023-04-25,Basic,Verified,Aggressive,Agent,1
4823,Nikhil Reddy,nikhil.reddy4823@mailbox.com,9493524782,Kolkata,West Bengal,India,2024-09-12,Premium,Verified,Aggressive,Google Ads,1
4824,Yash Malhotra,yash.malhotra4824@mailbox.com,9817287468,Bhopal,Madhya Pradesh,India,2024-11-06,Basic,Verified,Moderate,Google Ads,1
4825,Zara Verma,zara.verma4825@mailbox.com,9555280224,Bhopal,Madhya Pradesh,India,2025-09-21,Pro,Verified,Moderate,Website,1
4826,Aadhya Bansal,aadhya.bansal4826@mailbox.com,9655953241,Delhi,Delhi,India,2025-08-05,Basic,Verified,Conservative,Website,1
4827,Kabir Pandey,kabir.pandey4827@mailbox.com,9726121369,Hyderabad,Telangana,India,2023-09-01,Premium,Verified,Aggressive,Google Ads,1
4828,Amit Tiwari,amit.tiwari4828@mailbox.com,9739611227,Nagpur,Maharashtra,India,2023-09-27,Basic,Verified,Moderate,Social Media,1
4829,Nikhil Mishra,nikhil.mishra4829@mailbox.com,9974725083,Indore,Madhya Pradesh,India,2025-11-27,Basic,Verified,Aggressive,Website,0
4830,Zara Joshi,zara.joshi4830@mailbox.com,9991353728,Surat,Gujarat,India,2023-12-15,Basic,Verified,Moderate,Google Ads,0
4831,Kavya Verma,kavya.verma4831@mailbox.com,9231186879,Ahmedabad,Gujarat,India,2024-05-03,Basic,Verified,Moderate,Social Media,1
4832,Arjun Shah,arjun.shah4832@mailbox.com,9321618896,Chandigarh,Chandigarh,India,2023-11-22,Pro,Verified,Moderate,Google Ads,1
4833,Sara Bansal,sara.bansal4833@mailbox.com,9969805353,Jaipur,Rajasthan,India,2024-02-23,Basic,Rejected,Moderate,YouTube,1
4834,Karan Trivedi,karan.trivedi4834@mailbox.com,9939198907,Chennai,Tamil Nadu,India,2024-08-23,Elite,Verified,Aggressive,Referral,0
4835,Aryan Singh,aryan.singh4835@mailbox.com,9338512263,Bengaluru,Karnataka,India,2023-11-08,Premium,Verified,Moderate,Agent,1
4836,Amit Choudhary,amit.choudhary4836@mailbox.com,9667565960,Kochi,Kerala,India,2024-03-15,Basic,Verified,Aggressive,YouTube,1
4837,Reyansh Menon,reyansh.menon4837@mailbox.com,9319110642,Bhopal,Madhya Pradesh,India,2024-01-11,Basic,Verified,Aggressive,Google Ads,1
4838,Aditya Pandey,aditya.pandey4838@mailbox.com,9134244129,Lucknow,Uttar Pradesh,India,2023-04-25,Basic,Verified,Moderate,YouTube,1
4839,Deepak Singh,deepak.singh4839@mailbox.com,9307289225,Chennai,Tamil Nadu,India,2025-04-17,Pro,Verified,Conservative,App Store,1
4840,Varun Chopra,varun.chopra4840@mailbox.com,9169609601,Delhi,Delhi,India,2025-08-07,Basic,Verified,Aggressive,Referral,1
4841,Rajesh Yadav,rajesh.yadav4841@mailbox.com,9862966663,Hyderabad,Telangana,India,2024-06-08,Pro,Verified,Aggressive,Google Ads,1
4842,Arjun Bansal,arjun.bansal4842@mailbox.com,9806896503,Bengaluru,Karnataka,India,2023-08-06,Basic,Verified,Aggressive,App Store,1
4843,Vihaan Desai,vihaan.desai4843@mailbox.com,9265877596,Kanpur,Uttar Pradesh,India,2024-11-15,Basic,Verified,Aggressive,Social Media,1
4844,Kabir Kumar,kabir.kumar4844@mailbox.com,9608873932,Hyderabad,Telangana,India,2024-07-22,Basic,Verified,Conservative,Website,1
4845,Rajesh Saxena,rajesh.saxena4845@mailbox.com,9906374736,Bengaluru,Karnataka,India,2024-08-10,Premium,Verified,Aggressive,Website,1
4846,Rajesh Mehta,rajesh.mehta4846@mailbox.com,9891879077,Kolkata,West Bengal,India,2024-09-25,Premium,Verified,Conservative,Referral,1
4847,Anil Menon,anil.menon4847@mailbox.com,9849763322,Surat,Gujarat,India,2025-02-03,Elite,Rejected,Conservative,Agent,1
4848,Vihaan Mishra,vihaan.mishra4848@mailbox.com,9271671849,Lucknow,Uttar Pradesh,India,2023-02-13,Basic,Verified,Conservative,Social Media,1
4849,Ishaan Desai,ishaan.desai4849@mailbox.com,9244387883,Hyderabad,Telangana,India,2023-04-16,Basic,Verified,Conservative,Social Media,1
4850,Nikhil Kapoor,nikhil.kapoor4850@mailbox.com,9652425352,Bhopal,Madhya Pradesh,India,2023-04-12,Pro,Verified,Conservative,Social Media,1
4851,Varun Patel,varun.patel4851@mailbox.com,9692599338,Lucknow,Uttar Pradesh,India,2023-06-14,Premium,Verified,Conservative,Google Ads,1
4852,Divya Agarwal,divya.agarwal4852@mailbox.com,9894180786,Hyderabad,Telangana,India,2025-10-31,Pro,Verified,Moderate,Website,1
4853,Arjun Jain,arjun.jain4853@mailbox.com,9181303268,Surat,Gujarat,India,2025-02-16,Basic,Verified,Moderate,Agent,1
4854,Aditya Reddy,aditya.reddy4854@mailbox.com,9338725579,Vadodara,Gujarat,India,2024-12-08,Premium,Pending,Moderate,Referral,1
4855,Aditya Desai,aditya.desai4855@mailbox.com,9755155893,Kanpur,Uttar Pradesh,India,2025-01-14,Basic,Verified,Conservative,Social Media,1
4856,Sneha Kapoor,sneha.kapoor4856@mailbox.com,9713164927,Hyderabad,Telangana,India,2023-02-05,Elite,Verified,Aggressive,YouTube,1
4857,Anil Joshi,anil.joshi4857@mailbox.com,9484686721,Pune,Maharashtra,India,2023-08-16,Basic,Pending,Conservative,Google Ads,0
4858,Pooja Saxena,pooja.saxena4858@mailbox.com,9237141128,Nagpur,Maharashtra,India,2025-04-25,Pro,Verified,Moderate,Referral,1
4859,Ananya Agarwal,ananya.agarwal4859@mailbox.com,9535785807,Vadodara,Gujarat,India,2024-05-07,Basic,Verified,Conservative,Google Ads,1
4860,Rajesh Mehta,rajesh.mehta4860@mailbox.com,9254717825,Coimbatore,Tamil Nadu,India,2024-06-25,Pro,Verified,Conservative,Referral,1
4861,Aditya Nair,aditya.nair4861@mailbox.com,9581972376,Coimbatore,Tamil Nadu,India,2025-03-10,Pro,Verified,Conservative,Social Media,1
4862,Anil Trivedi,anil.trivedi4862@mailbox.com,9276120031,Chandigarh,Chandigarh,India,2023-03-22,Pro,Verified,Aggressive,YouTube,1
4863,Kiran Jain,kiran.jain4863@mailbox.com,9206168495,Nagpur,Maharashtra,India,2025-04-30,Premium,Verified,Conservative,App Store,1
4864,Meera Pillai,meera.pillai4864@mailbox.com,9763867617,Indore,Madhya Pradesh,India,2024-12-26,Basic,Verified,Moderate,Referral,1
4865,Kiran Desai,kiran.desai4865@mailbox.com,9121910982,Bhopal,Madhya Pradesh,India,2024-03-05,Pro,Pending,Moderate,YouTube,1
4866,Vikram Bhatt,vikram.bhatt4866@mailbox.com,9985063139,Bhopal,Madhya Pradesh,India,2024-06-15,Premium,Verified,Conservative,App Store,1
4867,Riya Mehta,riya.mehta4867@mailbox.com,9797446402,Indore,Madhya Pradesh,India,2023-03-21,Premium,Verified,Moderate,Social Media,1
4868,Isha Rao,isha.rao4868@mailbox.com,9463037559,Bengaluru,Karnataka,India,2023-08-07,Basic,Verified,Conservative,Google Ads,1
4869,Nikhil Kapoor,nikhil.kapoor4869@mailbox.com,9426258593,Kochi,Kerala,India,2023-09-20,Basic,Verified,Conservative,Social Media,1
4870,Sneha Pillai,sneha.pillai4870@mailbox.com,9456992696,Mumbai,Maharashtra,India,2025-07-23,Basic,Verified,Aggressive,Agent,1
4871,Kabir Desai,kabir.desai4871@mailbox.com,9855596003,Jaipur,Rajasthan,India,2023-05-01,Premium,Verified,Moderate,Website,1
4872,Yash Kumar,yash.kumar4872@mailbox.com,9819871789,Jaipur,Rajasthan,India,2023-11-07,Basic,Verified,Moderate,Social Media,1
4873,Aditya Bhatt,aditya.bhatt4873@mailbox.com,9284124783,Vadodara,Gujarat,India,2023-05-21,Basic,Verified,Conservative,Agent,1
4874,Vikram Agarwal,vikram.agarwal4874@mailbox.com,9261942212,Delhi,Delhi,India,2023-10-31,Pro,Pending,Moderate,Social Media,1
4875,Kabir Mishra,kabir.mishra4875@mailbox.com,9586497632,Lucknow,Uttar Pradesh,India,2023-01-12,Premium,Verified,Aggressive,Website,1
4876,Priya Saxena,priya.saxena4876@mailbox.com,9685294246,Ahmedabad,Gujarat,India,2023-10-18,Pro,Verified,Aggressive,App Store,1
4877,Aadhya Yadav,aadhya.yadav4877@mailbox.com,9754456468,Delhi,Delhi,India,2025-02-09,Basic,Verified,Conservative,App Store,1
4878,Anika Pillai,anika.pillai4878@mailbox.com,9382175495,Chennai,Tamil Nadu,India,2025-03-28,Basic,Verified,Aggressive,Google Ads,1
4879,Priya Nair,priya.nair4879@mailbox.com,9534212755,Jaipur,Rajasthan,India,2024-02-09,Premium,Verified,Conservative,Social Media,1
4880,Rajesh Patel,rajesh.patel4880@mailbox.com,9193841614,Coimbatore,Tamil Nadu,India,2025-01-22,Basic,Verified,Aggressive,Referral,1
4881,Sara Bansal,sara.bansal4881@mailbox.com,9510168066,Ahmedabad,Gujarat,India,2024-10-20,Premium,Verified,Moderate,Referral,1
4882,Aryan Jain,aryan.jain4882@mailbox.com,9718746443,Kochi,Kerala,India,2025-08-19,Basic,Verified,Aggressive,Social Media,0
4883,Zara Bansal,zara.bansal4883@mailbox.com,9373973066,Bhopal,Madhya Pradesh,India,2025-05-06,Premium,Verified,Moderate,YouTube,1
4884,Ishaan Verma,ishaan.verma4884@mailbox.com,9386797720,Chandigarh,Chandigarh,India,2023-09-02,Basic,Verified,Aggressive,Referral,1
4885,Aarav Rao,aarav.rao4885@mailbox.com,9516050041,Kochi,Kerala,India,2024-09-18,Premium,Pending,Aggressive,Social Media,1
4886,Rohan Menon,rohan.menon4886@mailbox.com,9879943692,Bhopal,Madhya Pradesh,India,2025-04-17,Pro,Verified,Conservative,Social Media,0
4887,Sneha Pillai,sneha.pillai4887@mailbox.com,9643698337,Bhopal,Madhya Pradesh,India,2023-11-22,Basic,Pending,Aggressive,Agent,1
4888,Amit Yadav,amit.yadav4888@mailbox.com,9927132084,Hyderabad,Telangana,India,2024-09-02,Premium,Verified,Moderate,Agent,1
4889,Kavya Tiwari,kavya.tiwari4889@mailbox.com,9155503644,Bhopal,Madhya Pradesh,India,2024-03-02,Premium,Verified,Conservative,YouTube,1
4890,Zara Nair,zara.nair4890@mailbox.com,9864146584,Mumbai,Maharashtra,India,2023-11-25,Premium,Verified,Moderate,Website,1
4891,Anil Iyer,anil.iyer4891@mailbox.com,9390116572,Bhopal,Madhya Pradesh,India,2023-08-01,Basic,Verified,Conservative,YouTube,1
4892,Sanjay Shah,sanjay.shah4892@mailbox.com,9312924361,Surat,Gujarat,India,2023-02-07,Basic,Verified,Moderate,Website,1
4893,Aditya Verma,aditya.verma4893@mailbox.com,9990362061,Patna,Bihar,India,2025-03-09,Pro,Verified,Moderate,Social Media,1
4894,Vivaan Menon,vivaan.menon4894@mailbox.com,9614116617,Indore,Madhya Pradesh,India,2025-05-22,Premium,Verified,Moderate,Social Media,1
4895,Zara Kapoor,zara.kapoor4895@mailbox.com,9507652284,Ahmedabad,Gujarat,India,2024-11-25,Premium,Verified,Moderate,Social Media,1
4896,Aadhya Bhatt,aadhya.bhatt4896@mailbox.com,9785582536,Ahmedabad,Gujarat,India,2023-09-14,Basic,Verified,Moderate,Google Ads,1
4897,Deepak Shah,deepak.shah4897@mailbox.com,9736965750,Nagpur,Maharashtra,India,2023-01-21,Pro,Verified,Aggressive,Referral,1
4898,Vikram Desai,vikram.desai4898@mailbox.com,9532568410,Lucknow,Uttar Pradesh,India,2024-11-03,Basic,Verified,Moderate,Website,1
4899,Rajesh Desai,rajesh.desai4899@mailbox.com,9844447780,Pune,Maharashtra,India,2023-08-01,Basic,Verified,Conservative,Website,1
4900,Vikram Choudhary,vikram.choudhary4900@mailbox.com,9273643373,Lucknow,Uttar Pradesh,India,2024-08-07,Premium,Verified,Moderate,Google Ads,1
4901,Kavya Menon,kavya.menon4901@mailbox.com,9115876844,Kanpur,Uttar Pradesh,India,2025-10-30,Premium,Verified,Aggressive,Agent,1
4902,Priya Reddy,priya.reddy4902@mailbox.com,9278903206,Chennai,Tamil Nadu,India,2023-01-05,Premium,Verified,Moderate,Website,1
4903,Neha Mehta,neha.mehta4903@mailbox.com,9662344806,Indore,Madhya Pradesh,India,2024-09-06,Basic,Verified,Conservative,Social Media,1
4904,Meera Trivedi,meera.trivedi4904@mailbox.com,9869967385,Pune,Maharashtra,India,2025-11-24,Basic,Verified,Aggressive,Social Media,1
4905,Kabir Pillai,kabir.pillai4905@mailbox.com,9631173029,Kolkata,West Bengal,India,2023-12-23,Premium,Verified,Moderate,Social Media,1
4906,Pooja Rao,pooja.rao4906@mailbox.com,9191285835,Jaipur,Rajasthan,India,2025-05-17,Basic,Verified,Moderate,Website,0
4907,Diya Mishra,diya.mishra4907@mailbox.com,9626236048,Bengaluru,Karnataka,India,2025-05-31,Premium,Verified,Conservative,Referral,1
4908,Suresh Yadav,suresh.yadav4908@mailbox.com,9226749346,Indore,Madhya Pradesh,India,2024-06-02,Premium,Verified,Aggressive,YouTube,1
4909,Suresh Pillai,suresh.pillai4909@mailbox.com,9811321528,Bhopal,Madhya Pradesh,India,2023-11-23,Basic,Verified,Conservative,Google Ads,1
4910,Neha Reddy,neha.reddy4910@mailbox.com,9467974989,Vadodara,Gujarat,India,2024-12-25,Premium,Verified,Moderate,Referral,0
4911,Varun Tiwari,varun.tiwari4911@mailbox.com,9415009883,Kolkata,West Bengal,India,2024-10-21,Pro,Pending,Moderate,Referral,1
4912,Amit Rao,amit.rao4912@mailbox.com,9123987674,Kanpur,Uttar Pradesh,India,2024-05-22,Pro,Pending,Moderate,App Store,1
4913,Vivaan Chopra,vivaan.chopra4913@mailbox.com,9318085946,Kanpur,Uttar Pradesh,India,2023-07-25,Basic,Verified,Conservative,App Store,1
4914,Neha Jain,neha.jain4914@mailbox.com,9112018744,Bhopal,Madhya Pradesh,India,2025-03-03,Premium,Verified,Aggressive,YouTube,1
4915,Suresh Nair,suresh.nair4915@mailbox.com,9752501091,Indore,Madhya Pradesh,India,2023-08-14,Pro,Verified,Moderate,Agent,1
4916,Arjun Rao,arjun.rao4916@mailbox.com,9608712929,Chandigarh,Chandigarh,India,2023-05-24,Premium,Verified,Aggressive,Referral,1
4917,Arjun Gupta,arjun.gupta4917@mailbox.com,9805407541,Kochi,Kerala,India,2023-03-13,Basic,Verified,Aggressive,Google Ads,1
4918,Ananya Agarwal,ananya.agarwal4918@mailbox.com,9232827240,Bengaluru,Karnataka,India,2024-04-20,Basic,Verified,Aggressive,Referral,1
4919,Anil Choudhary,anil.choudhary4919@mailbox.com,9204947677,Ahmedabad,Gujarat,India,2023-05-08,Premium,Verified,Moderate,Website,1
4920,Amit Saxena,amit.saxena4920@mailbox.com,9900337690,Surat,Gujarat,India,2023-12-24,Pro,Verified,Aggressive,Referral,1
4921,Aryan Reddy,aryan.reddy4921@mailbox.com,9342199120,Kanpur,Uttar Pradesh,India,2023-09-15,Pro,Pending,Moderate,App Store,1
4922,Deepak Kumar,deepak.kumar4922@mailbox.com,9788588929,Lucknow,Uttar Pradesh,India,2024-05-04,Pro,Verified,Moderate,Referral,1
4923,Sanjay Saxena,sanjay.saxena4923@mailbox.com,9665717352,Hyderabad,Telangana,India,2025-04-08,Basic,Pending,Moderate,Website,0
4924,Sneha Kumar,sneha.kumar4924@mailbox.com,9731709916,Nagpur,Maharashtra,India,2024-04-24,Premium,Verified,Aggressive,Social Media,1
4925,Kavya Verma,kavya.verma4925@mailbox.com,9340106938,Bhopal,Madhya Pradesh,India,2024-08-16,Basic,Verified,Conservative,Google Ads,1
4926,Vihaan Kapoor,vihaan.kapoor4926@mailbox.com,9381748265,Mumbai,Maharashtra,India,2023-06-02,Basic,Verified,Aggressive,Agent,1
4927,Sara Menon,sara.menon4927@mailbox.com,9599361882,Nagpur,Maharashtra,India,2023-05-01,Basic,Verified,Conservative,Website,1
4928,Vikram Rao,vikram.rao4928@mailbox.com,9119973655,Coimbatore,Tamil Nadu,India,2025-11-05,Pro,Verified,Aggressive,Agent,1
4929,Kabir Reddy,kabir.reddy4929@mailbox.com,9380480879,Nagpur,Maharashtra,India,2024-10-22,Basic,Rejected,Conservative,YouTube,1
4930,Rohan Rao,rohan.rao4930@mailbox.com,9284016698,Vadodara,Gujarat,India,2023-01-17,Premium,Verified,Aggressive,Social Media,1
4931,Aarav Agarwal,aarav.agarwal4931@mailbox.com,9357192438,Ahmedabad,Gujarat,India,2024-08-24,Basic,Verified,Aggressive,Website,1
4932,Divya Sharma,divya.sharma4932@mailbox.com,9985182290,Mumbai,Maharashtra,India,2023-01-11,Basic,Pending,Aggressive,Agent,1
4933,Kiran Sharma,kiran.sharma4933@mailbox.com,9360838916,Surat,Gujarat,India,2023-03-24,Premium,Verified,Aggressive,Agent,1
4934,Anil Bansal,anil.bansal4934@mailbox.com,9912176375,Chennai,Tamil Nadu,India,2024-02-02,Basic,Verified,Moderate,Agent,1
4935,Sara Sharma,sara.sharma4935@mailbox.com,9934424718,Mumbai,Maharashtra,India,2024-11-30,Basic,Verified,Aggressive,Website,1
4936,Vikram Joshi,vikram.joshi4936@mailbox.com,9706499037,Hyderabad,Telangana,India,2024-10-22,Premium,Verified,Moderate,App Store,1
4937,Yash Menon,yash.menon4937@mailbox.com,9237672002,Coimbatore,Tamil Nadu,India,2025-04-22,Pro,Verified,Conservative,Referral,1
4938,Vikram Sharma,vikram.sharma4938@mailbox.com,9285117948,Patna,Bihar,India,2023-07-11,Premium,Verified,Moderate,Website,1
4939,Diya Pillai,diya.pillai4939@mailbox.com,9940809140,Kolkata,West Bengal,India,2023-07-24,Pro,Verified,Conservative,Social Media,1
4940,Kavya Pillai,kavya.pillai4940@mailbox.com,9553426038,Nagpur,Maharashtra,India,2024-07-21,Basic,Verified,Moderate,App Store,0
4941,Divya Menon,divya.menon4941@mailbox.com,9636651489,Pune,Maharashtra,India,2025-07-14,Basic,Verified,Conservative,Google Ads,1
4942,Anika Pillai,anika.pillai4942@mailbox.com,9854451347,Hyderabad,Telangana,India,2025-02-08,Basic,Verified,Conservative,Referral,0
4943,Anil Shah,anil.shah4943@mailbox.com,9905561882,Vadodara,Gujarat,India,2024-12-13,Elite,Verified,Aggressive,App Store,1
4944,Deepak Gupta,deepak.gupta4944@mailbox.com,9355228813,Chandigarh,Chandigarh,India,2023-04-11,Basic,Verified,Aggressive,Agent,1
4945,Vivaan Patel,vivaan.patel4945@mailbox.com,9552285613,Ahmedabad,Gujarat,India,2025-07-24,Basic,Verified,Moderate,Referral,1
4946,Meera Joshi,meera.joshi4946@mailbox.com,9670528596,Ahmedabad,Gujarat,India,2025-11-14,Elite,Verified,Moderate,Agent,1
4947,Myra Choudhary,myra.choudhary4947@mailbox.com,9968663381,Chandigarh,Chandigarh,India,2024-09-12,Elite,Verified,Moderate,YouTube,1
4948,Rahul Mishra,rahul.mishra4948@mailbox.com,9600929555,Lucknow,Uttar Pradesh,India,2023-12-25,Basic,Verified,Moderate,YouTube,1
4949,Ananya Pandey,ananya.pandey4949@mailbox.com,9209627486,Ahmedabad,Gujarat,India,2024-12-06,Pro,Verified,Aggressive,YouTube,1
4950,Myra Menon,myra.menon4950@mailbox.com,9931749479,Ahmedabad,Gujarat,India,2024-11-15,Basic,Verified,Conservative,Social Media,1
4951,Kavya Chopra,kavya.chopra4951@mailbox.com,9561202494,Jaipur,Rajasthan,India,2025-09-16,Premium,Verified,Moderate,Google Ads,1
4952,Aditya Chopra,aditya.chopra4952@mailbox.com,9261368583,Kanpur,Uttar Pradesh,India,2023-04-28,Premium,Verified,Conservative,App Store,1
4953,Suresh Verma,suresh.verma4953@mailbox.com,9271248154,Mumbai,Maharashtra,India,2024-07-02,Elite,Verified,Aggressive,Website,1
4954,Reyansh Malhotra,reyansh.malhotra4954@mailbox.com,9284112900,Lucknow,Uttar Pradesh,India,2025-01-25,Basic,Verified,Moderate,App Store,1
4955,Sara Nair,sara.nair4955@mailbox.com,9749129125,Jaipur,Rajasthan,India,2024-01-07,Pro,Verified,Aggressive,Google Ads,1
4956,Kabir Reddy,kabir.reddy4956@mailbox.com,9954067958,Kolkata,West Bengal,India,2025-06-14,Basic,Verified,Moderate,Google Ads,1
4957,Ishaan Bhatt,ishaan.bhatt4957@mailbox.com,9497226829,Ahmedabad,Gujarat,India,2023-03-10,Premium,Verified,Conservative,Google Ads,1
4958,Myra Shah,myra.shah4958@mailbox.com,9188168158,Jaipur,Rajasthan,India,2023-04-23,Premium,Verified,Conservative,Referral,1
4959,Nikhil Joshi,nikhil.joshi4959@mailbox.com,9899647309,Ahmedabad,Gujarat,India,2025-04-22,Pro,Verified,Aggressive,Referral,1
4960,Varun Pandey,varun.pandey4960@mailbox.com,9671214221,Coimbatore,Tamil Nadu,India,2023-05-15,Pro,Verified,Conservative,Social Media,0
4961,Sara Singh,sara.singh4961@mailbox.com,9154507701,Kanpur,Uttar Pradesh,India,2024-03-21,Pro,Verified,Aggressive,YouTube,1
4962,Rahul Pandey,rahul.pandey4962@mailbox.com,9973542625,Kanpur,Uttar Pradesh,India,2023-10-27,Premium,Verified,Moderate,Website,1
4963,Aryan Bhatt,aryan.bhatt4963@mailbox.com,9637433867,Kolkata,West Bengal,India,2025-01-02,Basic,Verified,Conservative,Website,1
4964,Karan Reddy,karan.reddy4964@mailbox.com,9562463132,Coimbatore,Tamil Nadu,India,2023-01-13,Elite,Pending,Conservative,Google Ads,0
4965,Varun Desai,varun.desai4965@mailbox.com,9596231165,Mumbai,Maharashtra,India,2024-01-16,Premium,Verified,Aggressive,App Store,1
4966,Arjun Joshi,arjun.joshi4966@mailbox.com,9458089398,Nagpur,Maharashtra,India,2025-11-16,Basic,Verified,Conservative,Google Ads,1
4967,Karan Bhatt,karan.bhatt4967@mailbox.com,9615723578,Hyderabad,Telangana,India,2024-01-28,Premium,Pending,Conservative,Agent,1
4968,Kavya Kumar,kavya.kumar4968@mailbox.com,9427455602,Patna,Bihar,India,2024-09-29,Basic,Verified,Aggressive,Google Ads,1
4969,Vivaan Rao,vivaan.rao4969@mailbox.com,9526286886,Ahmedabad,Gujarat,India,2025-11-18,Premium,Verified,Moderate,YouTube,1
4970,Manoj Joshi,manoj.joshi4970@mailbox.com,9710306682,Kolkata,West Bengal,India,2024-10-09,Basic,Verified,Aggressive,Agent,1
4971,Deepak Patel,deepak.patel4971@mailbox.com,9768123405,Delhi,Delhi,India,2025-03-15,Basic,Pending,Conservative,Agent,1
4972,Sara Joshi,sara.joshi4972@mailbox.com,9238011607,Patna,Bihar,India,2025-10-18,Pro,Verified,Aggressive,Referral,1
4973,Anil Pillai,anil.pillai4973@mailbox.com,9992969681,Ahmedabad,Gujarat,India,2024-10-19,Pro,Verified,Conservative,Google Ads,1
4974,Rajesh Pillai,rajesh.pillai4974@mailbox.com,9187026131,Kolkata,West Bengal,India,2025-06-05,Premium,Verified,Conservative,Google Ads,1
4975,Manoj Iyer,manoj.iyer4975@mailbox.com,9348203121,Chandigarh,Chandigarh,India,2024-06-25,Elite,Verified,Conservative,YouTube,0
4976,Manoj Patel,manoj.patel4976@mailbox.com,9412141381,Mumbai,Maharashtra,India,2025-05-17,Basic,Verified,Conservative,Social Media,1
4977,Sanjay Reddy,sanjay.reddy4977@mailbox.com,9391095700,Lucknow,Uttar Pradesh,India,2024-11-14,Basic,Verified,Moderate,Referral,1
4978,Arjun Pandey,arjun.pandey4978@mailbox.com,9416687210,Hyderabad,Telangana,India,2023-12-28,Pro,Verified,Conservative,Google Ads,1
4979,Nikhil Rao,nikhil.rao4979@mailbox.com,9390744587,Bengaluru,Karnataka,India,2024-08-17,Premium,Verified,Moderate,Referral,1
4980,Neha Singh,neha.singh4980@mailbox.com,9492414676,Mumbai,Maharashtra,India,2023-12-23,Pro,Verified,Moderate,Referral,1
4981,Nikhil Malhotra,nikhil.malhotra4981@mailbox.com,9786942050,Hyderabad,Telangana,India,2024-02-27,Basic,Verified,Aggressive,Agent,1
4982,Yash Sharma,yash.sharma4982@mailbox.com,9413213950,Coimbatore,Tamil Nadu,India,2023-11-07,Basic,Verified,Conservative,Agent,1
4983,Kabir Agarwal,kabir.agarwal4983@mailbox.com,9332583849,Jaipur,Rajasthan,India,2024-06-07,Basic,Verified,Conservative,Social Media,1
4984,Aadhya Jain,aadhya.jain4984@mailbox.com,9501298800,Vadodara,Gujarat,India,2024-01-05,Elite,Verified,Conservative,Referral,0
4985,Kabir Mehta,kabir.mehta4985@mailbox.com,9298007821,Kolkata,West Bengal,India,2024-10-28,Basic,Verified,Moderate,Social Media,1
4986,Aditya Saxena,aditya.saxena4986@mailbox.com,9647024199,Patna,Bihar,India,2024-01-29,Premium,Verified,Moderate,Google Ads,0
4987,Yash Kapoor,yash.kapoor4987@mailbox.com,9170461002,Delhi,Delhi,India,2024-06-06,Basic,Verified,Conservative,App Store,1
4988,Nikhil Agarwal,nikhil.agarwal4988@mailbox.com,9846113834,Bengaluru,Karnataka,India,2023-05-30,Premium,Verified,Moderate,Google Ads,1
4989,Varun Desai,varun.desai4989@mailbox.com,9342996212,Mumbai,Maharashtra,India,2024-02-16,Basic,Verified,Moderate,App Store,1
4990,Kiran Menon,kiran.menon4990@mailbox.com,9562652818,Kochi,Kerala,India,2024-01-15,Pro,Verified,Moderate,App Store,1
4991,Pooja Joshi,pooja.joshi4991@mailbox.com,9615016054,Surat,Gujarat,India,2025-10-20,Premium,Verified,Moderate,Google Ads,0
4992,Rahul Reddy,rahul.reddy4992@mailbox.com,9527655880,Bhopal,Madhya Pradesh,India,2024-04-20,Basic,Verified,Moderate,YouTube,0
4993,Aryan Pandey,aryan.pandey4993@mailbox.com,9503195123,Coimbatore,Tamil Nadu,India,2023-01-23,Basic,Verified,Aggressive,Google Ads,1
4994,Sanjay Patel,sanjay.patel4994@mailbox.com,9340277124,Pune,Maharashtra,India,2023-11-26,Basic,Verified,Aggressive,Website,1
4995,Pooja Tiwari,pooja.tiwari4995@mailbox.com,9795275082,Bhopal,Madhya Pradesh,India,2025-02-15,Premium,Verified,Aggressive,Google Ads,1
4996,Rohan Kapoor,rohan.kapoor4996@mailbox.com,9564314122,Kanpur,Uttar Pradesh,India,2023-06-26,Pro,Verified,Moderate,Social Media,1
4997,Divya Yadav,divya.yadav4997@mailbox.com,9294198052,Kanpur,Uttar Pradesh,India,2023-06-23,Basic,Verified,Conservative,Website,0
4998,Manoj Agarwal,manoj.agarwal4998@mailbox.com,9336171045,Surat,Gujarat,India,2024-02-02,Premium,Verified,Conservative,Social Media,1
4999,Sneha Iyer,sneha.iyer4999@mailbox.com,9494762649,Lucknow,Uttar Pradesh,India,2024-01-15,Basic,Verified,Moderate,Agent,1
5000,Zara Pillai,zara.pillai5000@mailbox.com,9859213184,Mumbai,Maharashtra,India,2024-05-27,Pro,Verified,Moderate,Google Ads,0
